#
# A fatal error has been detected by the Java Runtime Environment:
#
#  EXCEPTION_ACCESS_VIOLATION (0xc0000005) at pc=0x00007ffea9553375, pid=27444, tid=26176
#
# JRE version: OpenJDK Runtime Environment Temurin-17.0.7+7 (17.0.7+7) (build 17.0.7+7)
# Java VM: OpenJDK 64-Bit Server VM Temurin-17.0.7+7 (17.0.7+7, mixed mode, sharing, tiered, compressed oops, compressed class ptrs, g1 gc, windows-amd64)
# Problematic frame:
# C  0x00007ffea9553375
#
# No core dump will be written. Minidumps are not enabled by default on client versions of Windows
#
# If you would like to submit a bug report, please visit:
#   https://github.com/adoptium/adoptium-support/issues
# The crash happened outside the Java Virtual Machine in native code.
# See problematic frame for where to report the bug.
#

---------------  S U M M A R Y ------------

Command Line: -Dsun.java2d.pmoffscreen=false -Dhttps.protocols=TLSv1,TLSv1.1,TLSv1.2 -Dsun.java2d.xrender=false -Dsun.java2d.d3d=false -Dsun.awt.nopixfmt=true -Dsun.java2d.dpiaware=true -Dsun.java2d.uiScale.enabled=false -Dswing.aatext=true -XX:-UsePerfData -Djdk.map.althashing.threshold=512 -XX:StringTableSize=4072 -XX:+UseStringDeduplication -XX:MaxGCPauseMillis=200 -XX:+ParallelRefProcEnabled --add-opens=java.desktop/javax.swing.plaf.synth=ALL-UNNAMED --add-opens=java.base/java.nio=ALL-UNNAMED --add-opens=java.desktop/sun.swing=ALL-UNNAMED --add-opens=java.desktop/javax.swing=ALL-UNNAMED --add-opens=java.desktop/javax.swing.tree=ALL-UNNAMED --add-opens=java.desktop/javax.swing.plaf.basic=ALL-UNNAMED --add-opens=java.desktop/javax.swing.plaf.synth=ALL-UNNAMED --add-opens=java.desktop/javax.swing.plaf.basic=ALL-UNNAMED --add-opens=java.desktop/javax.swing=ALL-UNNAMED --add-opens=java.desktop/javax.swing.tree=ALL-UNNAMED --add-opens=java.desktop/java.awt.event=ALL-UNNAMED --add-exports=java.desktop/javax.swing.plaf.synth=ALL-UNNAMED --add-exports=java.base/java.nio=ALL-UNNAMED --add-exports=java.desktop/sun.swing=ALL-UNNAMED --add-exports=java.desktop/javax.swing=ALL-UNNAMED --add-exports=java.desktop/javax.swing.tree=ALL-UNNAMED --add-exports=java.desktop/javax.swing.plaf.basic=ALL-UNNAMED --add-exports=java.desktop/sun.swing=ALL-UNNAMED --add-exports=java.desktop/sun.swing.table=ALL-UNNAMED --add-exports=java.desktop/sun.swing.plaf.synth=ALL-UNNAMED --add-exports=java.desktop/sun.awt.shell=ALL-UNNAMED --add-exports=java.base/sun.security.action=ALL-UNNAMED --add-exports=java.desktop/sun.font=ALL-UNNAMED -XX:NewSize=80m -XX:MaxNewSize=80m -Xms512m -Xmx4072m -Xss10m 

Host: 11th Gen Intel(R) Core(TM) i7-11800H @ 2.30GHz, 16 cores, 31G,  Windows 11 , 64 bit Build 26100 (10.0.26100.8246)
Time: Wed Apr 22 05:22:02 2026 Central Daylight Time elapsed time: 1719.049759 seconds (0d 0h 28m 39s)

---------------  T H R E A D  ---------------

Current thread (0x0000017d07f05020):  JavaThread "AWT-EventQueue-0" [_thread_in_native, id=26176, stack(0x0000006c32600000,0x0000006c33000000)]

Stack: [0x0000006c32600000,0x0000006c33000000],  sp=0x0000006c32ffe4e0,  free space=10233k
Native frames: (J=compiled Java code, j=interpreted, Vv=VM code, C=native code)
C  0x00007ffea9553375
C  0x00007ffea956f0b9
C  0x00007ffea95c630c
C  0x0000017d6ec7a7a7

Java frames: (J=compiled Java code, j=interpreted, Vv=VM code)
J 23711  ui.views.simulator.executive.simulationi.SimulationExecutive_getCodeTooltipValue(JLjava/lang/String;IZ)Ljava/lang/String; (0 bytes) @ 0x0000017d6ec7a707 [0x0000017d6ec7a6a0+0x0000000000000067]
j  ui.views.P.c.a.w(Ljava/lang/String;IZ)Ljava/lang/String;+7
J 21953 c1 ui.views.P.a.a(Ljava/awt/event/MouseEvent;Lui/views/texteditor/d;)V (116 bytes) @ 0x0000017d6794450c [0x0000017d67943260+0x00000000000012ac]
J 21952 c1 ui.views.P.d.mouseMoved(Ljava/awt/event/MouseEvent;)V (13 bytes) @ 0x0000017d66e4ebcc [0x0000017d66e4eb40+0x000000000000008c]
J 18766 c2 java.awt.AWTEventMulticaster.mouseMoved(Ljava/awt/event/MouseEvent;)V java.desktop@17.0.7 (27 bytes) @ 0x0000017d6ea86e54 [0x0000017d6ea86da0+0x00000000000000b4]
J 18766 c2 java.awt.AWTEventMulticaster.mouseMoved(Ljava/awt/event/MouseEvent;)V java.desktop@17.0.7 (27 bytes) @ 0x0000017d6ea86e14 [0x0000017d6ea86da0+0x0000000000000074]
J 21337 c2 javax.swing.JComponent.processMouseMotionEvent(Ljava/awt/event/MouseEvent;)V java.desktop@17.0.7 (46 bytes) @ 0x0000017d6ede0dc0 [0x0000017d6ede0d40+0x0000000000000080]
J 18476 c2 java.awt.Container.processEvent(Ljava/awt/AWTEvent;)V java.desktop@17.0.7 (22 bytes) @ 0x0000017d6e9dc1c0 [0x0000017d6e9dc080+0x0000000000000140]
J 23596 c2 java.awt.Component.dispatchEventImpl(Ljava/awt/AWTEvent;)V java.desktop@17.0.7 (777 bytes) @ 0x0000017d6eed3ba0 [0x0000017d6eed3120+0x0000000000000a80]
J 23286 c2 java.awt.Container.dispatchEventImpl(Ljava/awt/AWTEvent;)V java.desktop@17.0.7 (129 bytes) @ 0x0000017d6e806df0 [0x0000017d6e806be0+0x0000000000000210]
J 23026 c2 java.awt.LightweightDispatcher.retargetMouseEvent(Ljava/awt/Component;ILjava/awt/event/MouseEvent;)V java.desktop@17.0.7 (372 bytes) @ 0x0000017d6f057250 [0x0000017d6f056dc0+0x0000000000000490]
J 23286 c2 java.awt.Container.dispatchEventImpl(Ljava/awt/AWTEvent;)V java.desktop@17.0.7 (129 bytes) @ 0x0000017d6e8073ac [0x0000017d6e806be0+0x00000000000007cc]
J 19730 c2 java.awt.Window.dispatchEventImpl(Ljava/awt/AWTEvent;)V java.desktop@17.0.7 (23 bytes) @ 0x0000017d6ec23aec [0x0000017d6ec23aa0+0x000000000000004c]
J 17172 c2 java.awt.EventQueue$4.run()Ljava/lang/Object; java.desktop@17.0.7 (5 bytes) @ 0x0000017d6e843d38 [0x0000017d6e8438e0+0x0000000000000458]
J 14356 c2 java.awt.EventQueue.dispatchEvent(Ljava/awt/AWTEvent;)V java.desktop@17.0.7 (80 bytes) @ 0x0000017d6e597664 [0x0000017d6e5971e0+0x0000000000000484]
J 18263 c2 ui.frmwork.a.d.dispatchEvent(Ljava/awt/AWTEvent;)V (42 bytes) @ 0x0000017d6e957fe0 [0x0000017d6e957c00+0x00000000000003e0]
J 23133 c2 java.awt.EventDispatchThread.pumpOneEventForFilters(I)V java.desktop@17.0.7 (113 bytes) @ 0x0000017d6ebc62d4 [0x0000017d6ebc50e0+0x00000000000011f4]
J 22192% c2 java.awt.EventDispatchThread.pumpEventsForFilter(ILjava/awt/Conditional;Ljava/awt/EventFilter;)V java.desktop@17.0.7 (47 bytes) @ 0x0000017d6eb52000 [0x0000017d6eb51ee0+0x0000000000000120]
j  java.awt.EventDispatchThread.pumpEventsForHierarchy(ILjava/awt/Conditional;Ljava/awt/Component;)V+11 java.desktop@17.0.7
j  java.awt.EventDispatchThread.pumpEvents(ILjava/awt/Conditional;)V+4 java.desktop@17.0.7
j  java.awt.EventDispatchThread.pumpEvents(Ljava/awt/Conditional;)V+3 java.desktop@17.0.7
j  java.awt.EventDispatchThread.run()V+9 java.desktop@17.0.7
v  ~StubRoutines::call_stub

siginfo: EXCEPTION_ACCESS_VIOLATION (0xc0000005), reading address 0x00000000000032b0


Register to memory mapping:

RIP=0x00007ffea9553375 points into unknown readable memory: 41 ff 51
RAX=0x0000017da6264438 points into unknown readable memory: 0x0000000000003288 | 88 32 00 00 00 00 00 00
RBX=0x0000006c32ffe6f8 is pointing into the stack for thread: 0x0000017d07f05020
RCX=0x0000017da6264438 points into unknown readable memory: 0x0000000000003288 | 88 32 00 00 00 00 00 00
RDX=0x0000006c32ffe550 is pointing into the stack for thread: 0x0000017d07f05020
RSP=0x0000006c32ffe4e0 is pointing into the stack for thread: 0x0000017d07f05020
RBP=0x0000006c32ffe5e0 is pointing into the stack for thread: 0x0000017d07f05020
RSI=0x0000000000000001 is an unknown value
RDI=0x0000017d0bae26d0 points into unknown readable memory: 0x00007ffea96eb1d0 | d0 b1 6e a9 fe 7f 00 00
R8 =0x0 is NULL
R9 =0x0000000000003288 is an unknown value
R10=0x00007fff659d0000 VCRUNTIME140.dll
R11=0x0000006c32ffe680 is pointing into the stack for thread: 0x0000017d07f05020
R12=0x0000017d8f333a40 points into unknown readable memory: 0x006c006500720009 | 09 00 72 00 65 00 6c 00
R13=0x0000006c32ffe918 is pointing into the stack for thread: 0x0000017d07f05020
R14=0x0000017d07f052c8 points into unknown readable memory: 0x00007ffebf9c17e0 | e0 17 9c bf fe 7f 00 00
R15=0x000000000000001b is an unknown value


Registers:
RAX=0x0000017da6264438, RBX=0x0000006c32ffe6f8, RCX=0x0000017da6264438, RDX=0x0000006c32ffe550
RSP=0x0000006c32ffe4e0, RBP=0x0000006c32ffe5e0, RSI=0x0000000000000001, RDI=0x0000017d0bae26d0
R8 =0x0000000000000000, R9 =0x0000000000003288, R10=0x00007fff659d0000, R11=0x0000006c32ffe680
R12=0x0000017d8f333a40, R13=0x0000006c32ffe918, R14=0x0000017d07f052c8, R15=0x000000000000001b
RIP=0x00007ffea9553375, EFLAGS=0x0000000000010246

Top of Stack: (sp=0x0000006c32ffe4e0)
0x0000006c32ffe4e0:   0000006c32ffe6f8 0000006c32ffe550
0x0000006c32ffe4f0:   0000006c32ffe5e0 0000000000000001
0x0000006c32ffe500:   0000017d8f333a01 0000000000000040
0x0000006c32ffe510:   0000000000000001 0000006c32ffe600
0x0000006c32ffe520:   fffffffffffffffe 0000006c32ffe6f8
0x0000006c32ffe530:   0000006c32ffe61b 0000017d9daa4906
0x0000006c32ffe540:   0000000000000000 fffffffffffffffe
0x0000006c32ffe550:   54535f52425f5845 00000007004c4c41
0x0000006c32ffe560:   000000000000000b 000000000000000f
0x0000006c32ffe570:   00005907987d5cd2 000000071d450ad0
0x0000006c32ffe580:   000000071d451d70 0000006c32ffe7c8
0x0000006c32ffe590:   0000017d5a748700 000000000000001f
0x0000006c32ffe5a0:   0000017d9daa48d0 0000017d9daa4906
0x0000006c32ffe5b0:   000000000000001b 00007ffec3262893
0x0000006c32ffe5c0:   000000070224e3d8 0000000700000625
0x0000006c32ffe5d0:   000000070224e3a0 e0449c7b6decc64c 

Instructions: (pc=0x00007ffea9553375)
0x00007ffea9553275:   00 00 00 c6 02 00 c7 44 24 30 01 00 00 00 0f b6
0x00007ffea9553285:   b5 f0 00 00 00 40 88 74 24 20 48 8d 54 24 70 e8
0x00007ffea9553295:   27 f4 ff ff 90 48 83 7d 80 00 0f 84 13 02 00 00
0x00007ffea95532a5:   40 84 f6 0f 84 ad 00 00 00 48 8d 4c 24 70 48 83
0x00007ffea95532b5:   7d 88 10 48 0f 43 4c 24 70 e8 6d 52 00 00 84 c0
0x00007ffea95532c5:   0f 84 90 00 00 00 48 8d 44 24 70 48 83 7d 88 10
0x00007ffea95532d5:   48 0f 43 44 24 70 48 89 44 24 38 48 8d 15 05 08
0x00007ffea95532e5:   19 00 48 8d 4d 90 e8 70 e8 fd ff 90 48 8d 4c 24
0x00007ffea95532f5:   38 48 89 4c 24 50 48 8d 0d 4e c4 fd ff 48 89 4c
0x00007ffea9553305:   24 58 48 8d 0d 82 c4 fd ff 48 89 4c 24 60 48 8d
0x00007ffea9553315:   54 24 50 48 8b c8 e8 60 ce fd ff 48 8d 54 24 50
0x00007ffea9553325:   48 8b c8 e8 53 c6 fe ff c7 44 24 30 03 00 00 00
0x00007ffea9553335:   48 8d 4c 24 70 e8 61 9f fd ff 0f 10 44 24 50 0f
0x00007ffea9553345:   11 44 24 70 0f 10 4c 24 60 0f 11 4d 80 48 8d 4d
0x00007ffea9553355:   90 e8 25 00 fe ff 48 8b 07 48 8b cf ff 90 b8 00
0x00007ffea9553365:   00 00 4c 8b 08 45 33 c0 48 8d 54 24 70 48 8b c8
0x00007ffea9553375:   41 ff 51 28 48 8b f0 c7 44 24 20 00 00 00 00 4c
0x00007ffea9553385:   8d 0d 15 99 23 00 4c 8d 05 de 98 23 00 33 d2 48
0x00007ffea9553395:   8b c8 e8 38 07 13 00 48 85 f6 74 7a 48 85 c0 75
0x00007ffea95533a5:   75 4c 8b 0f 4c 8b c6 48 8d 54 24 50 48 8b cf 41
0x00007ffea95533b5:   ff 91 d8 00 00 00 90 48 3b d8 74 1a 48 8b d0 48
0x00007ffea95533c5:   83 78 18 10 72 03 48 8b 10 4c 8b 40 10 48 8b cb
0x00007ffea95533d5:   e8 46 9f fd ff 90 48 8b 54 24 68 48 83 fa 10 72
0x00007ffea95533e5:   35 48 ff c2 48 8b 4c 24 50 48 8b c1 48 81 fa 00
0x00007ffea95533f5:   10 00 00 72 1c 48 83 c2 27 48 8b 49 f8 48 2b c1
0x00007ffea9553405:   48 83 c0 f8 48 83 f8 1f 76 07 ff 15 7b 81 18 00
0x00007ffea9553415:   cc e8 59 f1 12 00 48 81 7b 10 00 04 00 00 0f 86
0x00007ffea9553425:   8f 00 00 00 66 0f 6f 05 af ad 18 00 f3 0f 7f 44
0x00007ffea9553435:   24 60 c6 44 24 50 00 48 8b d3 48 83 7b 18 10 72
0x00007ffea9553445:   03 48 8b 13 41 b8 00 04 00 00 48 8d 4c 24 50 e8
0x00007ffea9553455:   c7 9e fd ff 48 8d 44 24 50 48 3b d8 74 1b 48 8b
0x00007ffea9553465:   cb e8 35 9e fd ff 0f 10 44 24 50 0f 11 03 0f 10 


Stack slot to memory mapping:
stack at sp + 0 slots: 0x0000006c32ffe6f8 is pointing into the stack for thread: 0x0000017d07f05020
stack at sp + 1 slots: 0x0000006c32ffe550 is pointing into the stack for thread: 0x0000017d07f05020
stack at sp + 2 slots: 0x0000006c32ffe5e0 is pointing into the stack for thread: 0x0000017d07f05020
stack at sp + 3 slots: 0x0000000000000001 is an unknown value
stack at sp + 4 slots: 0x0000017d8f333a01 points into unknown readable memory: eb 6e a9 fe 7f 00 00
stack at sp + 5 slots: 0x0000000000000040 is an unknown value
stack at sp + 6 slots: 0x0000000000000001 is an unknown value
stack at sp + 7 slots: 0x0000006c32ffe600 is pointing into the stack for thread: 0x0000017d07f05020


---------------  P R O C E S S  ---------------

Threads class SMR info:
_java_thread_list=0x0000017d43bc1050, length=47, elements={
0x0000017d5d6d6a60, 0x0000017d5dde17a0, 0x0000017d5dde4070, 0x0000017d5ddfe860,
0x0000017d5ddff520, 0x0000017d5de01630, 0x0000017d5de02d20, 0x0000017d5de07bb0,
0x0000017d5de0dd10, 0x0000017d5de1ad60, 0x0000017d5e0ccc20, 0x0000017d5e0d2970,
0x0000017d0676f700, 0x0000017d06995980, 0x0000017d064a4c50, 0x0000017d084cd0a0,
0x0000017d07f05020, 0x0000017d08838940, 0x0000017d0883a620, 0x0000017d0883aaf0,
0x0000017d0883a150, 0x0000017d10ef3320, 0x0000017d10ef9360, 0x0000017d0be45230,
0x0000017d0be478b0, 0x0000017d07b8c4b0, 0x0000017d09772f70, 0x0000017d097708f0,
0x0000017d09772100, 0x0000017d09773910, 0x0000017d09773de0, 0x0000017d09774c50,
0x0000017d097742b0, 0x0000017d097725d0, 0x0000017d09771290, 0x0000017d09771760,
0x0000017d09776460, 0x0000017d09775ac0, 0x0000017d0977b160, 0x0000017d0977bb00,
0x0000017d0977a2f0, 0x0000017d0977c970, 0x0000017d371f7bb0, 0x0000017d371f5060,
0x0000017d1d59d090, 0x0000017d1d59d5a0, 0x0000017d371f63a0
}

Java Threads: ( => current thread )
  0x0000017d5d6d6a60 JavaThread "main" [_thread_blocked, id=21516, stack(0x0000006c29100000,0x0000006c29200000)]
  0x0000017d5dde17a0 JavaThread "Reference Handler" daemon [_thread_blocked, id=20512, stack(0x0000006c29900000,0x0000006c2a300000)]
  0x0000017d5dde4070 JavaThread "Finalizer" daemon [_thread_blocked, id=29376, stack(0x0000006c2a300000,0x0000006c2ad00000)]
  0x0000017d5ddfe860 JavaThread "Signal Dispatcher" daemon [_thread_blocked, id=26620, stack(0x0000006c2ad00000,0x0000006c2b700000)]
  0x0000017d5ddff520 JavaThread "Attach Listener" daemon [_thread_blocked, id=15236, stack(0x0000006c2b700000,0x0000006c2c100000)]
  0x0000017d5de01630 JavaThread "Service Thread" daemon [_thread_blocked, id=7612, stack(0x0000006c2c100000,0x0000006c2cb00000)]
  0x0000017d5de02d20 JavaThread "Monitor Deflation Thread" daemon [_thread_blocked, id=26384, stack(0x0000006c2cb00000,0x0000006c2d500000)]
  0x0000017d5de07bb0 JavaThread "C2 CompilerThread0" daemon [_thread_blocked, id=17872, stack(0x0000006c2d500000,0x0000006c2d600000)]
  0x0000017d5de0dd10 JavaThread "C1 CompilerThread0" daemon [_thread_blocked, id=22380, stack(0x0000006c2d600000,0x0000006c2d700000)]
  0x0000017d5de1ad60 JavaThread "Sweeper thread" daemon [_thread_blocked, id=10176, stack(0x0000006c2d700000,0x0000006c2e100000)]
  0x0000017d5e0ccc20 JavaThread "Common-Cleaner" daemon [_thread_blocked, id=5928, stack(0x0000006c2e400000,0x0000006c2ee00000)]
  0x0000017d5e0d2970 JavaThread "Notification Thread" daemon [_thread_blocked, id=16772, stack(0x0000006c2ee00000,0x0000006c2f800000)]
  0x0000017d0676f700 JavaThread "Java2D Disposer" daemon [_thread_blocked, id=29688, stack(0x0000006c2fa00000,0x0000006c30400000)]
  0x0000017d06995980 JavaThread "AWT-Shutdown" [_thread_blocked, id=24736, stack(0x0000006c30400000,0x0000006c30e00000)]
  0x0000017d064a4c50 JavaThread "AWT-Windows" daemon [_thread_in_native, id=26896, stack(0x0000006c30e00000,0x0000006c31800000)]
  0x0000017d084cd0a0 JavaThread "TimerQueue" daemon [_thread_blocked, id=28500, stack(0x0000006c31c00000,0x0000006c32600000)]
=>0x0000017d07f05020 JavaThread "AWT-EventQueue-0" [_thread_in_native, id=26176, stack(0x0000006c32600000,0x0000006c33000000)]
  0x0000017d08838940 JavaThread "Thread-1" [_thread_in_native, id=11424, stack(0x0000006c27700000,0x0000006c28b00000)]
  0x0000017d0883a620 JavaThread "Process Messages Thread" [_thread_blocked, id=6592, stack(0x0000006c35300000,0x0000006c35d00000)]
  0x0000017d0883aaf0 JavaThread "Batik CleanerThread" daemon [_thread_blocked, id=8064, stack(0x0000006c35d00000,0x0000006c36700000)]
  0x0000017d0883a150 JavaThread "SyntheticaCleanerThread" daemon [_thread_blocked, id=7868, stack(0x0000006c37100000,0x0000006c37b00000)]
  0x0000017d10ef3320 JavaThread "Timer-0" [_thread_blocked, id=29292, stack(0x0000006c38500000,0x0000006c38f00000)]
  0x0000017d10ef9360 JavaThread "Monitor File Timestamp Swing Worker Thread" [_thread_blocked, id=28432, stack(0x0000006c38f00000,0x0000006c39900000)]
  0x0000017d0be45230 JavaThread "Monitor HEventQueue Thread" [_thread_blocked, id=9516, stack(0x0000006c39900000,0x0000006c3a300000)]
  0x0000017d0be478b0 JavaThread "SyntheticaAnimation 50" daemon [_thread_blocked, id=2900, stack(0x0000006c3a300000,0x0000006c3ad00000)]
  0x0000017d07b8c4b0 JavaThread "SyntheticaAnimation 25" daemon [_thread_blocked, id=16140, stack(0x0000006c3ad00000,0x0000006c3b700000)]
  0x0000017d09772f70 JavaThread "SyntheticaAnimation 70" daemon [_thread_blocked, id=21396, stack(0x0000006c3b700000,0x0000006c3c100000)]
  0x0000017d097708f0 JavaThread "Refresh Filesets Swing Worker Thread" [_thread_blocked, id=29224, stack(0x0000006c3c100000,0x0000006c3cb00000)]
  0x0000017d09772100 JavaThread "hw_ila_monitor" [_thread_blocked, id=29156, stack(0x0000006c3cb00000,0x0000006c3d500000)]
  0x0000017d09773910 JavaThread "pool-1-thread-1" [_thread_blocked, id=18544, stack(0x0000006c3df00000,0x0000006c3e900000)]
  0x0000017d09773de0 JavaThread "Timer-1" [_thread_blocked, id=10028, stack(0x0000006c3e900000,0x0000006c3f300000)]
  0x0000017d09774c50 JavaThread "pool-2-thread-1" [_thread_blocked, id=25304, stack(0x0000006c3f300000,0x0000006c3fd00000)]
  0x0000017d097742b0 JavaThread "Timer-2" [_thread_blocked, id=19580, stack(0x0000006c3fd00000,0x0000006c40700000)]
  0x0000017d097725d0 JavaThread "pool-3-thread-1" [_thread_blocked, id=22740, stack(0x0000006c40700000,0x0000006c41100000)]
  0x0000017d09771290 JavaThread "Timer-3" [_thread_blocked, id=3768, stack(0x0000006c41100000,0x0000006c41b00000)]
  0x0000017d09771760 JavaThread "Update Runs Swing Worker Thread" [_thread_blocked, id=1996, stack(0x0000006c42500000,0x0000006c42f00000)]
  0x0000017d09776460 JavaThread "SyntheticaAnimation 50" daemon [_thread_blocked, id=24740, stack(0x0000006c33000000,0x0000006c33a00000)]
  0x0000017d09775ac0 JavaThread "Image Animator 1" daemon [_thread_blocked, id=22376, stack(0x0000006c3d500000,0x0000006c3df00000)]
  0x0000017d0977b160 JavaThread "Timer-4" [_thread_blocked, id=16016, stack(0x0000006c41b00000,0x0000006c42500000)]
  0x0000017d0977bb00 JavaThread "Monitor File Timestamp Swing Worker Thread" [_thread_blocked, id=3856, stack(0x0000006c42f00000,0x0000006c43900000)]
  0x0000017d0977a2f0 JavaThread "Timer-5" [_thread_blocked, id=20796, stack(0x0000006c43900000,0x0000006c44300000)]
  0x0000017d0977c970 JavaThread "Monitor File Timestamp Swing Worker Thread" [_thread_blocked, id=16320, stack(0x0000006c44300000,0x0000006c44d00000)]
  0x0000017d371f7bb0 JavaThread "Thread-1798" [_thread_in_native, id=26064, stack(0x0000006c28e00000,0x0000006c28f00000)]
  0x0000017d371f5060 JavaThread "Thread-1799" [_thread_in_native, id=19392, stack(0x0000006c28c00000,0x0000006c28d00000)]
  0x0000017d1d59d090 JavaThread "C1 CompilerThread1" daemon [_thread_blocked, id=18256, stack(0x0000006c31900000,0x0000006c31a00000)]
  0x0000017d1d59d5a0 JavaThread "C1 CompilerThread2" daemon [_thread_blocked, id=25128, stack(0x0000006c31a00000,0x0000006c31b00000)]
  0x0000017d371f63a0 JavaThread "Relaunch Simulation Thread" [_thread_in_native, id=21220, stack(0x0000006c36700000,0x0000006c37100000)]

Other Threads:
  0x0000017d5c326c90 VMThread "VM Thread" [stack: 0x0000006c29800000,0x0000006c29900000] [id=23616]
  0x0000017d5dbabd00 WatcherThread [stack: 0x0000006c2f800000,0x0000006c2f900000] [id=18928]
  0x0000017d5beb4ec0 GCTaskThread "GC Thread#0" [stack: 0x0000006c29200000,0x0000006c29300000] [id=22952]
  0x0000017d5beb4400 GCTaskThread "GC Thread#1" [stack: 0x0000006c33a00000,0x0000006c33b00000] [id=29420]
  0x0000017d5beb1900 GCTaskThread "GC Thread#2" [stack: 0x0000006c33b00000,0x0000006c33c00000] [id=15684]
  0x0000017d5beb4150 GCTaskThread "GC Thread#3" [stack: 0x0000006c33c00000,0x0000006c33d00000] [id=20144]
  0x0000017d5beb1bb0 GCTaskThread "GC Thread#4" [stack: 0x0000006c33d00000,0x0000006c33e00000] [id=22920]
  0x0000017d5beb46b0 GCTaskThread "GC Thread#5" [stack: 0x0000006c33e00000,0x0000006c33f00000] [id=10412]
  0x0000017d5beb2bd0 GCTaskThread "GC Thread#6" [stack: 0x0000006c33f00000,0x0000006c34000000] [id=24052]
  0x0000017d5beb2e80 GCTaskThread "GC Thread#7" [stack: 0x0000006c34000000,0x0000006c34100000] [id=27440]
  0x0000017d5beb6c50 GCTaskThread "GC Thread#8" [stack: 0x0000006c34100000,0x0000006c34200000] [id=13868]
  0x0000017d5beb5980 GCTaskThread "GC Thread#9" [stack: 0x0000006c34200000,0x0000006c34300000] [id=2548]
  0x0000017d5beb5c30 GCTaskThread "GC Thread#10" [stack: 0x0000006c34300000,0x0000006c34400000] [id=15964]
  0x0000017d5beb5ee0 GCTaskThread "GC Thread#11" [stack: 0x0000006c34400000,0x0000006c34500000] [id=29300]
  0x0000017d5beb6190 GCTaskThread "GC Thread#12" [stack: 0x0000006c34500000,0x0000006c34600000] [id=15336]
  0x0000017d5daf1570 ConcurrentGCThread "G1 Main Marker" [stack: 0x0000006c29300000,0x0000006c29400000] [id=6912]
  0x0000017d5beb3940 ConcurrentGCThread "G1 Conc#0" [stack: 0x0000006c29400000,0x0000006c29500000] [id=23116]
  0x0000017d5beb3130 ConcurrentGCThread "G1 Conc#1" [stack: 0x0000006c34900000,0x0000006c34a00000] [id=21792]
  0x0000017d5beb71b0 ConcurrentGCThread "G1 Conc#2" [stack: 0x0000006c34a00000,0x0000006c34b00000] [id=16680]
  0x0000017d5bf75770 ConcurrentGCThread "G1 Refine#0" [stack: 0x0000006c29500000,0x0000006c29600000] [id=15048]
  0x0000017d5bf74bf0 ConcurrentGCThread "G1 Refine#1" [stack: 0x0000006c34600000,0x0000006c34700000] [id=10228]
  0x0000017d5a3ab2d0 ConcurrentGCThread "G1 Service" [stack: 0x0000006c29600000,0x0000006c29700000] [id=29180]
  0x0000017d5beb33e0 ConcurrentGCThread "StringDedupProcessor" [stack: 0x0000006c29700000,0x0000006c29800000] [id=16756]

Threads with active compile tasks:

VM state: not at safepoint (normal execution)

VM Mutex/Monitor currently owned by a thread: None

Heap address: 0x0000000701800000, size: 4072 MB, Compressed Oops mode: Zero based, Oop shift amount: 3

CDS archive(s) mapped at: [0x0000000800000000-0x0000000800bc0000-0x0000000800bc0000), size 12320768, SharedBaseAddress: 0x0000000800000000, ArchiveRelocationMode: 0.
Compressed class space mapped at: 0x0000000801000000-0x0000000841000000, reserved size: 1073741824
Narrow klass base: 0x0000000800000000, Narrow klass shift: 0, Narrow klass range: 0x100000000

GC Precious Log:
 CPUs: 16 total, 16 available
 Memory: 32405M
 Large Page Support: Disabled
 NUMA Support: Disabled
 Compressed Oops: Enabled (Zero based)
 Heap Region Size: 2M
 Heap Min Capacity: 512M
 Heap Initial Capacity: 512M
 Heap Max Capacity: 4072M
 Pre-touch: Disabled
 Parallel Workers: 13
 Concurrent Workers: 3
 Concurrent Refinement Workers: 13
 Periodic GC: Disabled
 String Deduplication is enabled

Heap:
 garbage-first heap   total 524288K, used 158586K [0x0000000701800000, 0x0000000800000000)
  region size 2048K, 35 young (71680K), 1 survivors (2048K)
 Metaspace       used 87087K, committed 87808K, reserved 1179648K
  class space    used 11671K, committed 12032K, reserved 1048576K

Heap Regions: E=young(eden), S=young(survivor), O=old, HS=humongous(starts), HC=humongous(continues), CS=collection set, F=free, OA=open archive, CA=closed archive, TAMS=top-at-mark-start (previous, next)
|   0|0x0000000701800000, 0x0000000701a00000, 0x0000000701a00000|100%|HS|  |TAMS 0x0000000701a00000, 0x0000000701800000| Untracked 
|   1|0x0000000701a00000, 0x0000000701c00000, 0x0000000701c00000|100%| O|  |TAMS 0x0000000701c00000, 0x0000000701a00000| Untracked 
|   2|0x0000000701c00000, 0x0000000701e00000, 0x0000000701e00000|100%| O|  |TAMS 0x0000000701e00000, 0x0000000701c00000| Untracked 
|   3|0x0000000701e00000, 0x0000000701ffffc0, 0x0000000702000000| 99%| O|  |TAMS 0x0000000701ffffc0, 0x0000000701e00000| Untracked 
|   4|0x0000000702000000, 0x00000007021e4588, 0x0000000702200000| 94%| O|  |TAMS 0x0000000702000000, 0x0000000702000000| Untracked 
|   5|0x0000000702200000, 0x0000000702400000, 0x0000000702400000|100%| O|  |TAMS 0x0000000702400000, 0x0000000702200000| Untracked 
|   6|0x0000000702400000, 0x00000007025fffe8, 0x0000000702600000| 99%| O|  |TAMS 0x00000007025fffe8, 0x0000000702400000| Untracked 
|   7|0x0000000702600000, 0x0000000702800000, 0x0000000702800000|100%| O|  |TAMS 0x0000000702800000, 0x0000000702600000| Untracked 
|   8|0x0000000702800000, 0x00000007029ffff8, 0x0000000702a00000| 99%| O|  |TAMS 0x00000007029ffff8, 0x0000000702800000| Untracked 
|   9|0x0000000702a00000, 0x0000000702bf9fa0, 0x0000000702c00000| 98%| O|  |TAMS 0x0000000702bf9fa0, 0x0000000702a00000| Untracked 
|  10|0x0000000702c00000, 0x0000000702df5418, 0x0000000702e00000| 97%| O|  |TAMS 0x0000000702df5418, 0x0000000702c00000| Untracked 
|  11|0x0000000702e00000, 0x0000000703000000, 0x0000000703000000|100%| O|  |TAMS 0x0000000703000000, 0x0000000702e00000| Untracked 
|  12|0x0000000703000000, 0x00000007031fffe0, 0x0000000703200000| 99%| O|  |TAMS 0x00000007031fffe0, 0x0000000703000000| Untracked 
|  13|0x0000000703200000, 0x00000007033ffff8, 0x0000000703400000| 99%| O|  |TAMS 0x00000007033ffff8, 0x0000000703200000| Untracked 
|  14|0x0000000703400000, 0x00000007035ffff0, 0x0000000703600000| 99%| O|  |TAMS 0x00000007035ffff0, 0x0000000703400000| Untracked 
|  15|0x0000000703600000, 0x00000007037ee238, 0x0000000703800000| 96%| O|  |TAMS 0x0000000703600000, 0x0000000703600000| Untracked 
|  16|0x0000000703800000, 0x00000007039ffff8, 0x0000000703a00000| 99%| O|  |TAMS 0x00000007039ffff8, 0x0000000703800000| Untracked 
|  17|0x0000000703a00000, 0x0000000703c00000, 0x0000000703c00000|100%|HS|  |TAMS 0x0000000703c00000, 0x0000000703a00000| Untracked 
|  18|0x0000000703c00000, 0x0000000703e00000, 0x0000000703e00000|100%|HC|  |TAMS 0x0000000703e00000, 0x0000000703c00000| Untracked 
|  19|0x0000000703e00000, 0x0000000704000000, 0x0000000704000000|100%|HC|  |TAMS 0x0000000704000000, 0x0000000703e00000| Untracked 
|  20|0x0000000704000000, 0x0000000704200000, 0x0000000704200000|100%|HC|  |TAMS 0x0000000704200000, 0x0000000704000000| Untracked 
|  21|0x0000000704200000, 0x0000000704400000, 0x0000000704400000|100%|HC|  |TAMS 0x0000000704400000, 0x0000000704200000| Untracked 
|  22|0x0000000704400000, 0x0000000704600000, 0x0000000704600000|100%|HC|  |TAMS 0x0000000704600000, 0x0000000704400000| Untracked 
|  23|0x0000000704600000, 0x00000007047ffff0, 0x0000000704800000| 99%| O|  |TAMS 0x00000007047ffff0, 0x0000000704600000| Untracked 
|  24|0x0000000704800000, 0x0000000704a00000, 0x0000000704a00000|100%| O|  |TAMS 0x0000000704a00000, 0x0000000704800000| Untracked 
|  25|0x0000000704a00000, 0x0000000704c00000, 0x0000000704c00000|100%| O|  |TAMS 0x0000000704c00000, 0x0000000704a00000| Untracked 
|  26|0x0000000704c00000, 0x0000000704dfffe8, 0x0000000704e00000| 99%| O|  |TAMS 0x0000000704dfffe8, 0x0000000704c00000| Untracked 
|  27|0x0000000704e00000, 0x0000000704fd6070, 0x0000000705000000| 91%| O|  |TAMS 0x0000000704e00000, 0x0000000704e00000| Untracked 
|  28|0x0000000705000000, 0x00000007051c7aa0, 0x0000000705200000| 88%| O|  |TAMS 0x0000000705000000, 0x0000000705000000| Untracked 
|  29|0x0000000705200000, 0x00000007053aac38, 0x0000000705400000| 83%| O|  |TAMS 0x0000000705200000, 0x0000000705200000| Untracked 
|  30|0x0000000705400000, 0x00000007055315b0, 0x0000000705600000| 59%| O|  |TAMS 0x0000000705400000, 0x0000000705400000| Untracked 
|  31|0x0000000705600000, 0x0000000705726420, 0x0000000705800000| 57%| O|  |TAMS 0x0000000705600000, 0x0000000705600000| Untracked 
|  32|0x0000000705800000, 0x000000070596e970, 0x0000000705a00000| 71%| O|  |TAMS 0x0000000705800000, 0x0000000705800000| Untracked 
|  33|0x0000000705a00000, 0x0000000705bfffd8, 0x0000000705c00000| 99%| O|  |TAMS 0x0000000705bfffd8, 0x0000000705a00000| Untracked 
|  34|0x0000000705c00000, 0x0000000705d70d30, 0x0000000705e00000| 72%| O|  |TAMS 0x0000000705c00000, 0x0000000705c00000| Untracked 
|  35|0x0000000705e00000, 0x0000000705f5c128, 0x0000000706000000| 67%| O|  |TAMS 0x0000000705e00000, 0x0000000705e00000| Untracked 
|  36|0x0000000706000000, 0x00000007060a23a0, 0x0000000706200000| 31%| O|  |TAMS 0x0000000706000000, 0x0000000706000000| Untracked 
|  37|0x0000000706200000, 0x0000000706400000, 0x0000000706400000|100%|HS|  |TAMS 0x0000000706400000, 0x0000000706200000| Untracked 
|  38|0x0000000706400000, 0x0000000706400000, 0x0000000706600000|  0%| F|  |TAMS 0x0000000706400000, 0x0000000706400000| Untracked 
|  39|0x0000000706600000, 0x0000000706600000, 0x0000000706800000|  0%| F|  |TAMS 0x0000000706600000, 0x0000000706600000| Untracked 
|  40|0x0000000706800000, 0x0000000706800000, 0x0000000706a00000|  0%| F|  |TAMS 0x0000000706800000, 0x0000000706800000| Untracked 
|  41|0x0000000706a00000, 0x0000000706a00000, 0x0000000706c00000|  0%| F|  |TAMS 0x0000000706a00000, 0x0000000706a00000| Untracked 
|  42|0x0000000706c00000, 0x0000000706c00000, 0x0000000706e00000|  0%| F|  |TAMS 0x0000000706c00000, 0x0000000706c00000| Untracked 
|  43|0x0000000706e00000, 0x0000000707000000, 0x0000000707000000|100%|HS|  |TAMS 0x0000000707000000, 0x0000000706e00000| Untracked 
|  44|0x0000000707000000, 0x0000000707200000, 0x0000000707200000|100%|HC|  |TAMS 0x0000000707200000, 0x0000000707000000| Untracked 
|  45|0x0000000707200000, 0x0000000707400000, 0x0000000707400000|100%|HC|  |TAMS 0x0000000707400000, 0x0000000707200000| Untracked 
|  46|0x0000000707400000, 0x0000000707600000, 0x0000000707600000|100%|HC|  |TAMS 0x0000000707600000, 0x0000000707400000| Untracked 
|  47|0x0000000707600000, 0x00000007077fff28, 0x0000000707800000| 99%| O|  |TAMS 0x00000007077fff28, 0x0000000707600000| Untracked 
|  48|0x0000000707800000, 0x0000000707a00000, 0x0000000707a00000|100%|HS|  |TAMS 0x0000000707a00000, 0x0000000707800000| Untracked 
|  49|0x0000000707a00000, 0x0000000707c00000, 0x0000000707c00000|100%|HC|  |TAMS 0x0000000707c00000, 0x0000000707a00000| Untracked 
|  50|0x0000000707c00000, 0x0000000707e00000, 0x0000000707e00000|100%|HC|  |TAMS 0x0000000707e00000, 0x0000000707c00000| Untracked 
|  51|0x0000000707e00000, 0x0000000707e00000, 0x0000000708000000|  0%| F|  |TAMS 0x0000000707e00000, 0x0000000707e00000| Untracked 
|  52|0x0000000708000000, 0x0000000708000000, 0x0000000708200000|  0%| F|  |TAMS 0x0000000708000000, 0x0000000708000000| Untracked 
|  53|0x0000000708200000, 0x0000000708200000, 0x0000000708400000|  0%| F|  |TAMS 0x0000000708200000, 0x0000000708200000| Untracked 
|  54|0x0000000708400000, 0x0000000708400000, 0x0000000708600000|  0%| F|  |TAMS 0x0000000708400000, 0x0000000708400000| Untracked 
|  55|0x0000000708600000, 0x0000000708600000, 0x0000000708800000|  0%| F|  |TAMS 0x0000000708600000, 0x0000000708600000| Untracked 
|  56|0x0000000708800000, 0x0000000708800000, 0x0000000708a00000|  0%| F|  |TAMS 0x0000000708800000, 0x0000000708800000| Untracked 
|  57|0x0000000708a00000, 0x0000000708a00000, 0x0000000708c00000|  0%| F|  |TAMS 0x0000000708a00000, 0x0000000708a00000| Untracked 
|  58|0x0000000708c00000, 0x0000000708c00000, 0x0000000708e00000|  0%| F|  |TAMS 0x0000000708c00000, 0x0000000708c00000| Untracked 
|  59|0x0000000708e00000, 0x0000000708e00000, 0x0000000709000000|  0%| F|  |TAMS 0x0000000708e00000, 0x0000000708e00000| Untracked 
|  60|0x0000000709000000, 0x0000000709000000, 0x0000000709200000|  0%| F|  |TAMS 0x0000000709000000, 0x0000000709000000| Untracked 
|  61|0x0000000709200000, 0x0000000709200000, 0x0000000709400000|  0%| F|  |TAMS 0x0000000709200000, 0x0000000709200000| Untracked 
|  62|0x0000000709400000, 0x0000000709400000, 0x0000000709600000|  0%| F|  |TAMS 0x0000000709400000, 0x0000000709400000| Untracked 
|  63|0x0000000709600000, 0x0000000709600000, 0x0000000709800000|  0%| F|  |TAMS 0x0000000709600000, 0x0000000709600000| Untracked 
|  64|0x0000000709800000, 0x0000000709800000, 0x0000000709a00000|  0%| F|  |TAMS 0x0000000709800000, 0x0000000709800000| Untracked 
|  65|0x0000000709a00000, 0x0000000709a00000, 0x0000000709c00000|  0%| F|  |TAMS 0x0000000709a00000, 0x0000000709a00000| Untracked 
|  66|0x0000000709c00000, 0x0000000709c00000, 0x0000000709e00000|  0%| F|  |TAMS 0x0000000709c00000, 0x0000000709c00000| Untracked 
|  67|0x0000000709e00000, 0x0000000709e00000, 0x000000070a000000|  0%| F|  |TAMS 0x0000000709e00000, 0x0000000709e00000| Untracked 
|  68|0x000000070a000000, 0x000000070a000000, 0x000000070a200000|  0%| F|  |TAMS 0x000000070a000000, 0x000000070a000000| Untracked 
|  69|0x000000070a200000, 0x000000070a200000, 0x000000070a400000|  0%| F|  |TAMS 0x000000070a200000, 0x000000070a200000| Untracked 
|  70|0x000000070a400000, 0x000000070a400000, 0x000000070a600000|  0%| F|  |TAMS 0x000000070a400000, 0x000000070a400000| Untracked 
|  71|0x000000070a600000, 0x000000070a600000, 0x000000070a800000|  0%| F|  |TAMS 0x000000070a600000, 0x000000070a600000| Untracked 
|  72|0x000000070a800000, 0x000000070a800000, 0x000000070aa00000|  0%| F|  |TAMS 0x000000070a800000, 0x000000070a800000| Untracked 
|  73|0x000000070aa00000, 0x000000070aa00000, 0x000000070ac00000|  0%| F|  |TAMS 0x000000070aa00000, 0x000000070aa00000| Untracked 
|  74|0x000000070ac00000, 0x000000070ac00000, 0x000000070ae00000|  0%| F|  |TAMS 0x000000070ac00000, 0x000000070ac00000| Untracked 
|  75|0x000000070ae00000, 0x000000070ae00000, 0x000000070b000000|  0%| F|  |TAMS 0x000000070ae00000, 0x000000070ae00000| Untracked 
|  76|0x000000070b000000, 0x000000070b000000, 0x000000070b200000|  0%| F|  |TAMS 0x000000070b000000, 0x000000070b000000| Untracked 
|  77|0x000000070b200000, 0x000000070b200000, 0x000000070b400000|  0%| F|  |TAMS 0x000000070b200000, 0x000000070b200000| Untracked 
|  78|0x000000070b400000, 0x000000070b400000, 0x000000070b600000|  0%| F|  |TAMS 0x000000070b400000, 0x000000070b400000| Untracked 
|  79|0x000000070b600000, 0x000000070b600000, 0x000000070b800000|  0%| F|  |TAMS 0x000000070b600000, 0x000000070b600000| Untracked 
|  80|0x000000070b800000, 0x000000070b800000, 0x000000070ba00000|  0%| F|  |TAMS 0x000000070b800000, 0x000000070b800000| Untracked 
|  81|0x000000070ba00000, 0x000000070ba00000, 0x000000070bc00000|  0%| F|  |TAMS 0x000000070ba00000, 0x000000070ba00000| Untracked 
|  82|0x000000070bc00000, 0x000000070bc00000, 0x000000070be00000|  0%| F|  |TAMS 0x000000070bc00000, 0x000000070bc00000| Untracked 
|  83|0x000000070be00000, 0x000000070be00000, 0x000000070c000000|  0%| F|  |TAMS 0x000000070be00000, 0x000000070be00000| Untracked 
|  84|0x000000070c000000, 0x000000070c000000, 0x000000070c200000|  0%| F|  |TAMS 0x000000070c000000, 0x000000070c000000| Untracked 
|  85|0x000000070c200000, 0x000000070c200000, 0x000000070c400000|  0%| F|  |TAMS 0x000000070c200000, 0x000000070c200000| Untracked 
|  86|0x000000070c400000, 0x000000070c400000, 0x000000070c600000|  0%| F|  |TAMS 0x000000070c400000, 0x000000070c400000| Untracked 
|  87|0x000000070c600000, 0x000000070c600000, 0x000000070c800000|  0%| F|  |TAMS 0x000000070c600000, 0x000000070c600000| Untracked 
|  88|0x000000070c800000, 0x000000070c800000, 0x000000070ca00000|  0%| F|  |TAMS 0x000000070c800000, 0x000000070c800000| Untracked 
|  89|0x000000070ca00000, 0x000000070ca00000, 0x000000070cc00000|  0%| F|  |TAMS 0x000000070ca00000, 0x000000070ca00000| Untracked 
|  90|0x000000070cc00000, 0x000000070cc00000, 0x000000070ce00000|  0%| F|  |TAMS 0x000000070cc00000, 0x000000070cc00000| Untracked 
|  91|0x000000070ce00000, 0x000000070ce00000, 0x000000070d000000|  0%| F|  |TAMS 0x000000070ce00000, 0x000000070ce00000| Untracked 
|  92|0x000000070d000000, 0x000000070d000000, 0x000000070d200000|  0%| F|  |TAMS 0x000000070d000000, 0x000000070d000000| Untracked 
|  93|0x000000070d200000, 0x000000070d200000, 0x000000070d400000|  0%| F|  |TAMS 0x000000070d200000, 0x000000070d200000| Untracked 
|  94|0x000000070d400000, 0x000000070d400000, 0x000000070d600000|  0%| F|  |TAMS 0x000000070d400000, 0x000000070d400000| Untracked 
|  95|0x000000070d600000, 0x000000070d600000, 0x000000070d800000|  0%| F|  |TAMS 0x000000070d600000, 0x000000070d600000| Untracked 
|  96|0x000000070d800000, 0x000000070d800000, 0x000000070da00000|  0%| F|  |TAMS 0x000000070d800000, 0x000000070d800000| Untracked 
|  97|0x000000070da00000, 0x000000070da00000, 0x000000070dc00000|  0%| F|  |TAMS 0x000000070da00000, 0x000000070da00000| Untracked 
|  98|0x000000070dc00000, 0x000000070dc00000, 0x000000070de00000|  0%| F|  |TAMS 0x000000070dc00000, 0x000000070dc00000| Untracked 
|  99|0x000000070de00000, 0x000000070de00000, 0x000000070e000000|  0%| F|  |TAMS 0x000000070de00000, 0x000000070de00000| Untracked 
| 100|0x000000070e000000, 0x000000070e000000, 0x000000070e200000|  0%| F|  |TAMS 0x000000070e000000, 0x000000070e000000| Untracked 
| 101|0x000000070e200000, 0x000000070e200000, 0x000000070e400000|  0%| F|  |TAMS 0x000000070e200000, 0x000000070e200000| Untracked 
| 102|0x000000070e400000, 0x000000070e400000, 0x000000070e600000|  0%| F|  |TAMS 0x000000070e400000, 0x000000070e400000| Untracked 
| 103|0x000000070e600000, 0x000000070e600000, 0x000000070e800000|  0%| F|  |TAMS 0x000000070e600000, 0x000000070e600000| Untracked 
| 104|0x000000070e800000, 0x000000070e800000, 0x000000070ea00000|  0%| F|  |TAMS 0x000000070e800000, 0x000000070e800000| Untracked 
| 105|0x000000070ea00000, 0x000000070ea00000, 0x000000070ec00000|  0%| F|  |TAMS 0x000000070ea00000, 0x000000070ea00000| Untracked 
| 106|0x000000070ec00000, 0x000000070ec00000, 0x000000070ee00000|  0%| F|  |TAMS 0x000000070ec00000, 0x000000070ec00000| Untracked 
| 107|0x000000070ee00000, 0x000000070ee00000, 0x000000070f000000|  0%| F|  |TAMS 0x000000070ee00000, 0x000000070ee00000| Untracked 
| 108|0x000000070f000000, 0x000000070f000000, 0x000000070f200000|  0%| F|  |TAMS 0x000000070f000000, 0x000000070f000000| Untracked 
| 109|0x000000070f200000, 0x000000070f200000, 0x000000070f400000|  0%| F|  |TAMS 0x000000070f200000, 0x000000070f200000| Untracked 
| 110|0x000000070f400000, 0x000000070f400000, 0x000000070f600000|  0%| F|  |TAMS 0x000000070f400000, 0x000000070f400000| Untracked 
| 111|0x000000070f600000, 0x000000070f600000, 0x000000070f800000|  0%| F|  |TAMS 0x000000070f600000, 0x000000070f600000| Untracked 
| 112|0x000000070f800000, 0x000000070f800000, 0x000000070fa00000|  0%| F|  |TAMS 0x000000070f800000, 0x000000070f800000| Untracked 
| 113|0x000000070fa00000, 0x000000070fa00000, 0x000000070fc00000|  0%| F|  |TAMS 0x000000070fa00000, 0x000000070fa00000| Untracked 
| 114|0x000000070fc00000, 0x000000070fc00000, 0x000000070fe00000|  0%| F|  |TAMS 0x000000070fc00000, 0x000000070fc00000| Untracked 
| 115|0x000000070fe00000, 0x000000070fe00000, 0x0000000710000000|  0%| F|  |TAMS 0x000000070fe00000, 0x000000070fe00000| Untracked 
| 116|0x0000000710000000, 0x0000000710000000, 0x0000000710200000|  0%| F|  |TAMS 0x0000000710000000, 0x0000000710000000| Untracked 
| 117|0x0000000710200000, 0x0000000710200000, 0x0000000710400000|  0%| F|  |TAMS 0x0000000710200000, 0x0000000710200000| Untracked 
| 118|0x0000000710400000, 0x0000000710400000, 0x0000000710600000|  0%| F|  |TAMS 0x0000000710400000, 0x0000000710400000| Untracked 
| 119|0x0000000710600000, 0x0000000710600000, 0x0000000710800000|  0%| F|  |TAMS 0x0000000710600000, 0x0000000710600000| Untracked 
| 120|0x0000000710800000, 0x0000000710800000, 0x0000000710a00000|  0%| F|  |TAMS 0x0000000710800000, 0x0000000710800000| Untracked 
| 121|0x0000000710a00000, 0x0000000710a00000, 0x0000000710c00000|  0%| F|  |TAMS 0x0000000710a00000, 0x0000000710a00000| Untracked 
| 122|0x0000000710c00000, 0x0000000710c00000, 0x0000000710e00000|  0%| F|  |TAMS 0x0000000710c00000, 0x0000000710c00000| Untracked 
| 123|0x0000000710e00000, 0x0000000710e00000, 0x0000000711000000|  0%| F|  |TAMS 0x0000000710e00000, 0x0000000710e00000| Untracked 
| 124|0x0000000711000000, 0x0000000711000000, 0x0000000711200000|  0%| F|  |TAMS 0x0000000711000000, 0x0000000711000000| Untracked 
| 125|0x0000000711200000, 0x0000000711200000, 0x0000000711400000|  0%| F|  |TAMS 0x0000000711200000, 0x0000000711200000| Untracked 
| 126|0x0000000711400000, 0x0000000711400000, 0x0000000711600000|  0%| F|  |TAMS 0x0000000711400000, 0x0000000711400000| Untracked 
| 127|0x0000000711600000, 0x0000000711600000, 0x0000000711800000|  0%| F|  |TAMS 0x0000000711600000, 0x0000000711600000| Untracked 
| 128|0x0000000711800000, 0x0000000711800000, 0x0000000711a00000|  0%| F|  |TAMS 0x0000000711800000, 0x0000000711800000| Untracked 
| 129|0x0000000711a00000, 0x0000000711a00000, 0x0000000711c00000|  0%| F|  |TAMS 0x0000000711a00000, 0x0000000711a00000| Untracked 
| 130|0x0000000711c00000, 0x0000000711c00000, 0x0000000711e00000|  0%| F|  |TAMS 0x0000000711c00000, 0x0000000711c00000| Untracked 
| 131|0x0000000711e00000, 0x0000000711e00000, 0x0000000712000000|  0%| F|  |TAMS 0x0000000711e00000, 0x0000000711e00000| Untracked 
| 132|0x0000000712000000, 0x0000000712000000, 0x0000000712200000|  0%| F|  |TAMS 0x0000000712000000, 0x0000000712000000| Untracked 
| 133|0x0000000712200000, 0x0000000712200000, 0x0000000712400000|  0%| F|  |TAMS 0x0000000712200000, 0x0000000712200000| Untracked 
| 134|0x0000000712400000, 0x0000000712400000, 0x0000000712600000|  0%| F|  |TAMS 0x0000000712400000, 0x0000000712400000| Untracked 
| 135|0x0000000712600000, 0x0000000712600000, 0x0000000712800000|  0%| F|  |TAMS 0x0000000712600000, 0x0000000712600000| Untracked 
| 136|0x0000000712800000, 0x0000000712800000, 0x0000000712a00000|  0%| F|  |TAMS 0x0000000712800000, 0x0000000712800000| Untracked 
| 137|0x0000000712a00000, 0x0000000712a00000, 0x0000000712c00000|  0%| F|  |TAMS 0x0000000712a00000, 0x0000000712a00000| Untracked 
| 138|0x0000000712c00000, 0x0000000712c00000, 0x0000000712e00000|  0%| F|  |TAMS 0x0000000712c00000, 0x0000000712c00000| Untracked 
| 139|0x0000000712e00000, 0x0000000712e00000, 0x0000000713000000|  0%| F|  |TAMS 0x0000000712e00000, 0x0000000712e00000| Untracked 
| 140|0x0000000713000000, 0x0000000713000000, 0x0000000713200000|  0%| F|  |TAMS 0x0000000713000000, 0x0000000713000000| Untracked 
| 141|0x0000000713200000, 0x0000000713200000, 0x0000000713400000|  0%| F|  |TAMS 0x0000000713200000, 0x0000000713200000| Untracked 
| 142|0x0000000713400000, 0x0000000713400000, 0x0000000713600000|  0%| F|  |TAMS 0x0000000713400000, 0x0000000713400000| Untracked 
| 143|0x0000000713600000, 0x0000000713600000, 0x0000000713800000|  0%| F|  |TAMS 0x0000000713600000, 0x0000000713600000| Untracked 
| 144|0x0000000713800000, 0x0000000713800000, 0x0000000713a00000|  0%| F|  |TAMS 0x0000000713800000, 0x0000000713800000| Untracked 
| 145|0x0000000713a00000, 0x0000000713a00000, 0x0000000713c00000|  0%| F|  |TAMS 0x0000000713a00000, 0x0000000713a00000| Untracked 
| 146|0x0000000713c00000, 0x0000000713c00000, 0x0000000713e00000|  0%| F|  |TAMS 0x0000000713c00000, 0x0000000713c00000| Untracked 
| 147|0x0000000713e00000, 0x0000000713e00000, 0x0000000714000000|  0%| F|  |TAMS 0x0000000713e00000, 0x0000000713e00000| Untracked 
| 148|0x0000000714000000, 0x0000000714000000, 0x0000000714200000|  0%| F|  |TAMS 0x0000000714000000, 0x0000000714000000| Untracked 
| 149|0x0000000714200000, 0x0000000714200000, 0x0000000714400000|  0%| F|  |TAMS 0x0000000714200000, 0x0000000714200000| Untracked 
| 150|0x0000000714400000, 0x0000000714400000, 0x0000000714600000|  0%| F|  |TAMS 0x0000000714400000, 0x0000000714400000| Untracked 
| 151|0x0000000714600000, 0x0000000714600000, 0x0000000714800000|  0%| F|  |TAMS 0x0000000714600000, 0x0000000714600000| Untracked 
| 152|0x0000000714800000, 0x0000000714800000, 0x0000000714a00000|  0%| F|  |TAMS 0x0000000714800000, 0x0000000714800000| Untracked 
| 153|0x0000000714a00000, 0x0000000714a00000, 0x0000000714c00000|  0%| F|  |TAMS 0x0000000714a00000, 0x0000000714a00000| Untracked 
| 154|0x0000000714c00000, 0x0000000714c00000, 0x0000000714e00000|  0%| F|  |TAMS 0x0000000714c00000, 0x0000000714c00000| Untracked 
| 155|0x0000000714e00000, 0x0000000714e00000, 0x0000000715000000|  0%| F|  |TAMS 0x0000000714e00000, 0x0000000714e00000| Untracked 
| 156|0x0000000715000000, 0x0000000715000000, 0x0000000715200000|  0%| F|  |TAMS 0x0000000715000000, 0x0000000715000000| Untracked 
| 157|0x0000000715200000, 0x0000000715200000, 0x0000000715400000|  0%| F|  |TAMS 0x0000000715200000, 0x0000000715200000| Untracked 
| 158|0x0000000715400000, 0x0000000715400000, 0x0000000715600000|  0%| F|  |TAMS 0x0000000715400000, 0x0000000715400000| Untracked 
| 159|0x0000000715600000, 0x0000000715600000, 0x0000000715800000|  0%| F|  |TAMS 0x0000000715600000, 0x0000000715600000| Untracked 
| 160|0x0000000715800000, 0x0000000715800000, 0x0000000715a00000|  0%| F|  |TAMS 0x0000000715800000, 0x0000000715800000| Untracked 
| 161|0x0000000715a00000, 0x0000000715a00000, 0x0000000715c00000|  0%| F|  |TAMS 0x0000000715a00000, 0x0000000715a00000| Untracked 
| 162|0x0000000715c00000, 0x0000000715c00000, 0x0000000715e00000|  0%| F|  |TAMS 0x0000000715c00000, 0x0000000715c00000| Untracked 
| 163|0x0000000715e00000, 0x0000000715e00000, 0x0000000716000000|  0%| F|  |TAMS 0x0000000715e00000, 0x0000000715e00000| Untracked 
| 164|0x0000000716000000, 0x0000000716000000, 0x0000000716200000|  0%| F|  |TAMS 0x0000000716000000, 0x0000000716000000| Untracked 
| 165|0x0000000716200000, 0x0000000716200000, 0x0000000716400000|  0%| F|  |TAMS 0x0000000716200000, 0x0000000716200000| Untracked 
| 166|0x0000000716400000, 0x0000000716400000, 0x0000000716600000|  0%| F|  |TAMS 0x0000000716400000, 0x0000000716400000| Untracked 
| 167|0x0000000716600000, 0x0000000716600000, 0x0000000716800000|  0%| F|  |TAMS 0x0000000716600000, 0x0000000716600000| Untracked 
| 168|0x0000000716800000, 0x0000000716800000, 0x0000000716a00000|  0%| F|  |TAMS 0x0000000716800000, 0x0000000716800000| Untracked 
| 169|0x0000000716a00000, 0x0000000716a00000, 0x0000000716c00000|  0%| F|  |TAMS 0x0000000716a00000, 0x0000000716a00000| Untracked 
| 170|0x0000000716c00000, 0x0000000716c00000, 0x0000000716e00000|  0%| F|  |TAMS 0x0000000716c00000, 0x0000000716c00000| Untracked 
| 171|0x0000000716e00000, 0x0000000716e00000, 0x0000000717000000|  0%| F|  |TAMS 0x0000000716e00000, 0x0000000716e00000| Untracked 
| 172|0x0000000717000000, 0x0000000717000000, 0x0000000717200000|  0%| F|  |TAMS 0x0000000717000000, 0x0000000717000000| Untracked 
| 173|0x0000000717200000, 0x0000000717200000, 0x0000000717400000|  0%| F|  |TAMS 0x0000000717200000, 0x0000000717200000| Untracked 
| 174|0x0000000717400000, 0x0000000717400000, 0x0000000717600000|  0%| F|  |TAMS 0x0000000717400000, 0x0000000717400000| Untracked 
| 175|0x0000000717600000, 0x0000000717600000, 0x0000000717800000|  0%| F|  |TAMS 0x0000000717600000, 0x0000000717600000| Untracked 
| 176|0x0000000717800000, 0x0000000717800000, 0x0000000717a00000|  0%| F|  |TAMS 0x0000000717800000, 0x0000000717800000| Untracked 
| 177|0x0000000717a00000, 0x0000000717a00000, 0x0000000717c00000|  0%| F|  |TAMS 0x0000000717a00000, 0x0000000717a00000| Untracked 
| 178|0x0000000717c00000, 0x0000000717c00000, 0x0000000717e00000|  0%| F|  |TAMS 0x0000000717c00000, 0x0000000717c00000| Untracked 
| 179|0x0000000717e00000, 0x0000000717e00000, 0x0000000718000000|  0%| F|  |TAMS 0x0000000717e00000, 0x0000000717e00000| Untracked 
| 180|0x0000000718000000, 0x0000000718000000, 0x0000000718200000|  0%| F|  |TAMS 0x0000000718000000, 0x0000000718000000| Untracked 
| 181|0x0000000718200000, 0x0000000718200000, 0x0000000718400000|  0%| F|  |TAMS 0x0000000718200000, 0x0000000718200000| Untracked 
| 182|0x0000000718400000, 0x0000000718400000, 0x0000000718600000|  0%| F|  |TAMS 0x0000000718400000, 0x0000000718400000| Untracked 
| 183|0x0000000718600000, 0x0000000718600000, 0x0000000718800000|  0%| F|  |TAMS 0x0000000718600000, 0x0000000718600000| Untracked 
| 184|0x0000000718800000, 0x0000000718800000, 0x0000000718a00000|  0%| F|  |TAMS 0x0000000718800000, 0x0000000718800000| Untracked 
| 185|0x0000000718a00000, 0x0000000718a00000, 0x0000000718c00000|  0%| F|  |TAMS 0x0000000718a00000, 0x0000000718a00000| Untracked 
| 186|0x0000000718c00000, 0x0000000718c00000, 0x0000000718e00000|  0%| F|  |TAMS 0x0000000718c00000, 0x0000000718c00000| Untracked 
| 187|0x0000000718e00000, 0x0000000718e00000, 0x0000000719000000|  0%| F|  |TAMS 0x0000000718e00000, 0x0000000718e00000| Untracked 
| 188|0x0000000719000000, 0x0000000719000000, 0x0000000719200000|  0%| F|  |TAMS 0x0000000719000000, 0x0000000719000000| Untracked 
| 189|0x0000000719200000, 0x0000000719200000, 0x0000000719400000|  0%| F|  |TAMS 0x0000000719200000, 0x0000000719200000| Untracked 
| 190|0x0000000719400000, 0x0000000719400000, 0x0000000719600000|  0%| F|  |TAMS 0x0000000719400000, 0x0000000719400000| Untracked 
| 191|0x0000000719600000, 0x0000000719600000, 0x0000000719800000|  0%| F|  |TAMS 0x0000000719600000, 0x0000000719600000| Untracked 
| 192|0x0000000719800000, 0x0000000719800000, 0x0000000719a00000|  0%| F|  |TAMS 0x0000000719800000, 0x0000000719800000| Untracked 
| 193|0x0000000719a00000, 0x0000000719a00000, 0x0000000719c00000|  0%| F|  |TAMS 0x0000000719a00000, 0x0000000719a00000| Untracked 
| 194|0x0000000719c00000, 0x0000000719c00000, 0x0000000719e00000|  0%| F|  |TAMS 0x0000000719c00000, 0x0000000719c00000| Untracked 
| 195|0x0000000719e00000, 0x0000000719e00000, 0x000000071a000000|  0%| F|  |TAMS 0x0000000719e00000, 0x0000000719e00000| Untracked 
| 196|0x000000071a000000, 0x000000071a000000, 0x000000071a200000|  0%| F|  |TAMS 0x000000071a000000, 0x000000071a000000| Untracked 
| 197|0x000000071a200000, 0x000000071a200000, 0x000000071a400000|  0%| F|  |TAMS 0x000000071a200000, 0x000000071a200000| Untracked 
| 198|0x000000071a400000, 0x000000071a400000, 0x000000071a600000|  0%| F|  |TAMS 0x000000071a400000, 0x000000071a400000| Untracked 
| 199|0x000000071a600000, 0x000000071a600000, 0x000000071a800000|  0%| F|  |TAMS 0x000000071a600000, 0x000000071a600000| Untracked 
| 200|0x000000071a800000, 0x000000071a800000, 0x000000071aa00000|  0%| F|  |TAMS 0x000000071a800000, 0x000000071a800000| Untracked 
| 201|0x000000071aa00000, 0x000000071aa00000, 0x000000071ac00000|  0%| F|  |TAMS 0x000000071aa00000, 0x000000071aa00000| Untracked 
| 202|0x000000071ac00000, 0x000000071ac00000, 0x000000071ae00000|  0%| F|  |TAMS 0x000000071ac00000, 0x000000071ac00000| Untracked 
| 203|0x000000071ae00000, 0x000000071ae00000, 0x000000071b000000|  0%| F|  |TAMS 0x000000071ae00000, 0x000000071ae00000| Untracked 
| 204|0x000000071b000000, 0x000000071b000000, 0x000000071b200000|  0%| F|  |TAMS 0x000000071b000000, 0x000000071b000000| Untracked 
| 205|0x000000071b200000, 0x000000071b200000, 0x000000071b400000|  0%| F|  |TAMS 0x000000071b200000, 0x000000071b200000| Untracked 
| 206|0x000000071b400000, 0x000000071b400000, 0x000000071b600000|  0%| F|  |TAMS 0x000000071b400000, 0x000000071b400000| Untracked 
| 207|0x000000071b600000, 0x000000071b600000, 0x000000071b800000|  0%| F|  |TAMS 0x000000071b600000, 0x000000071b600000| Untracked 
| 208|0x000000071b800000, 0x000000071b800000, 0x000000071ba00000|  0%| F|  |TAMS 0x000000071b800000, 0x000000071b800000| Untracked 
| 209|0x000000071ba00000, 0x000000071ba00000, 0x000000071bc00000|  0%| F|  |TAMS 0x000000071ba00000, 0x000000071ba00000| Untracked 
| 210|0x000000071bc00000, 0x000000071bc00000, 0x000000071be00000|  0%| F|  |TAMS 0x000000071bc00000, 0x000000071bc00000| Untracked 
| 211|0x000000071be00000, 0x000000071be00000, 0x000000071c000000|  0%| F|  |TAMS 0x000000071be00000, 0x000000071be00000| Untracked 
| 212|0x000000071c000000, 0x000000071c000000, 0x000000071c200000|  0%| F|  |TAMS 0x000000071c000000, 0x000000071c000000| Untracked 
| 213|0x000000071c200000, 0x000000071c200000, 0x000000071c400000|  0%| F|  |TAMS 0x000000071c200000, 0x000000071c200000| Untracked 
| 214|0x000000071c400000, 0x000000071c49f508, 0x000000071c600000| 31%| S|CS|TAMS 0x000000071c400000, 0x000000071c400000| Complete 
| 215|0x000000071c600000, 0x000000071c600000, 0x000000071c800000|  0%| F|  |TAMS 0x000000071c600000, 0x000000071c600000| Untracked 
| 216|0x000000071c800000, 0x000000071c800000, 0x000000071ca00000|  0%| F|  |TAMS 0x000000071c800000, 0x000000071c800000| Untracked 
| 217|0x000000071ca00000, 0x000000071ca00000, 0x000000071cc00000|  0%| F|  |TAMS 0x000000071ca00000, 0x000000071ca00000| Untracked 
| 218|0x000000071cc00000, 0x000000071ce00000, 0x000000071ce00000|100%| O|  |TAMS 0x000000071ce00000, 0x000000071cc00000| Untracked 
| 219|0x000000071ce00000, 0x000000071ce00000, 0x000000071d000000|  0%| F|  |TAMS 0x000000071ce00000, 0x000000071ce00000| Untracked 
| 220|0x000000071d000000, 0x000000071d000000, 0x000000071d200000|  0%| F|  |TAMS 0x000000071d000000, 0x000000071d000000| Untracked 
| 221|0x000000071d200000, 0x000000071d200000, 0x000000071d400000|  0%| F|  |TAMS 0x000000071d200000, 0x000000071d200000| Untracked 
| 222|0x000000071d400000, 0x000000071d513f88, 0x000000071d600000| 53%| E|  |TAMS 0x000000071d400000, 0x000000071d400000| Complete 
| 223|0x000000071d600000, 0x000000071d800000, 0x000000071d800000|100%| E|CS|TAMS 0x000000071d600000, 0x000000071d600000| Complete 
| 224|0x000000071d800000, 0x000000071da00000, 0x000000071da00000|100%| E|CS|TAMS 0x000000071d800000, 0x000000071d800000| Complete 
| 225|0x000000071da00000, 0x000000071dc00000, 0x000000071dc00000|100%| E|CS|TAMS 0x000000071da00000, 0x000000071da00000| Complete 
| 226|0x000000071dc00000, 0x000000071de00000, 0x000000071de00000|100%| E|CS|TAMS 0x000000071dc00000, 0x000000071dc00000| Complete 
| 227|0x000000071de00000, 0x000000071e000000, 0x000000071e000000|100%| E|CS|TAMS 0x000000071de00000, 0x000000071de00000| Complete 
| 228|0x000000071e000000, 0x000000071e200000, 0x000000071e200000|100%| E|CS|TAMS 0x000000071e000000, 0x000000071e000000| Complete 
| 229|0x000000071e200000, 0x000000071e400000, 0x000000071e400000|100%| E|CS|TAMS 0x000000071e200000, 0x000000071e200000| Complete 
| 230|0x000000071e400000, 0x000000071e600000, 0x000000071e600000|100%| E|CS|TAMS 0x000000071e400000, 0x000000071e400000| Complete 
| 231|0x000000071e600000, 0x000000071e800000, 0x000000071e800000|100%| E|CS|TAMS 0x000000071e600000, 0x000000071e600000| Complete 
| 232|0x000000071e800000, 0x000000071ea00000, 0x000000071ea00000|100%| E|CS|TAMS 0x000000071e800000, 0x000000071e800000| Complete 
| 233|0x000000071ea00000, 0x000000071ec00000, 0x000000071ec00000|100%| E|CS|TAMS 0x000000071ea00000, 0x000000071ea00000| Complete 
| 234|0x000000071ec00000, 0x000000071ee00000, 0x000000071ee00000|100%| E|CS|TAMS 0x000000071ec00000, 0x000000071ec00000| Complete 
| 235|0x000000071ee00000, 0x000000071f000000, 0x000000071f000000|100%| E|CS|TAMS 0x000000071ee00000, 0x000000071ee00000| Complete 
| 236|0x000000071f000000, 0x000000071f200000, 0x000000071f200000|100%| E|CS|TAMS 0x000000071f000000, 0x000000071f000000| Complete 
| 237|0x000000071f200000, 0x000000071f400000, 0x000000071f400000|100%| E|CS|TAMS 0x000000071f200000, 0x000000071f200000| Complete 
| 238|0x000000071f400000, 0x000000071f600000, 0x000000071f600000|100%| E|CS|TAMS 0x000000071f400000, 0x000000071f400000| Complete 
| 239|0x000000071f600000, 0x000000071f800000, 0x000000071f800000|100%| E|CS|TAMS 0x000000071f600000, 0x000000071f600000| Complete 
| 240|0x000000071f800000, 0x000000071fa00000, 0x000000071fa00000|100%| E|CS|TAMS 0x000000071f800000, 0x000000071f800000| Complete 
| 241|0x000000071fa00000, 0x000000071fc00000, 0x000000071fc00000|100%| E|CS|TAMS 0x000000071fa00000, 0x000000071fa00000| Complete 
| 242|0x000000071fc00000, 0x000000071fe00000, 0x000000071fe00000|100%| E|CS|TAMS 0x000000071fc00000, 0x000000071fc00000| Complete 
| 243|0x000000071fe00000, 0x0000000720000000, 0x0000000720000000|100%| E|CS|TAMS 0x000000071fe00000, 0x000000071fe00000| Complete 
| 244|0x0000000720000000, 0x0000000720200000, 0x0000000720200000|100%| E|CS|TAMS 0x0000000720000000, 0x0000000720000000| Complete 
| 245|0x0000000720200000, 0x0000000720400000, 0x0000000720400000|100%| E|CS|TAMS 0x0000000720200000, 0x0000000720200000| Complete 
| 246|0x0000000720400000, 0x0000000720600000, 0x0000000720600000|100%| E|CS|TAMS 0x0000000720400000, 0x0000000720400000| Complete 
| 247|0x0000000720600000, 0x0000000720800000, 0x0000000720800000|100%| E|CS|TAMS 0x0000000720600000, 0x0000000720600000| Complete 
| 248|0x0000000720800000, 0x0000000720a00000, 0x0000000720a00000|100%| E|CS|TAMS 0x0000000720800000, 0x0000000720800000| Complete 
| 249|0x0000000720a00000, 0x0000000720c00000, 0x0000000720c00000|100%| E|CS|TAMS 0x0000000720a00000, 0x0000000720a00000| Complete 
| 250|0x0000000720c00000, 0x0000000720e00000, 0x0000000720e00000|100%| E|CS|TAMS 0x0000000720c00000, 0x0000000720c00000| Complete 
| 251|0x0000000720e00000, 0x0000000721000000, 0x0000000721000000|100%| E|CS|TAMS 0x0000000720e00000, 0x0000000720e00000| Complete 
| 252|0x0000000721000000, 0x0000000721200000, 0x0000000721200000|100%| E|CS|TAMS 0x0000000721000000, 0x0000000721000000| Complete 
| 253|0x0000000721200000, 0x0000000721400000, 0x0000000721400000|100%| E|CS|TAMS 0x0000000721200000, 0x0000000721200000| Complete 
| 254|0x0000000721400000, 0x0000000721600000, 0x0000000721600000|100%| E|CS|TAMS 0x0000000721400000, 0x0000000721400000| Complete 
| 448|0x0000000739800000, 0x0000000739a00000, 0x0000000739a00000|100%| E|CS|TAMS 0x0000000739800000, 0x0000000739800000| Complete 

Card table byte_map: [0x0000017d75810000,0x0000017d76010000] _byte_map_base: 0x0000017d72004000

Marking Bits (Prev, Next): (CMBitMap*) 0x0000017d5db44280, (CMBitMap*) 0x0000017d5db44240
 Prev Bits: [0x0000017d7a7b0000, 0x0000017d7e750000)
 Next Bits: [0x0000017d76810000, 0x0000017d7a7b0000)

Polling page: 0x0000017d52b80000

Metaspace:

Usage:
  Non-class:     73.65 MB used.
      Class:     11.40 MB used.
       Both:     85.05 MB used.

Virtual space:
  Non-class space:      128.00 MB reserved,      74.00 MB ( 58%) committed,  2 nodes.
      Class space:        1.00 GB reserved,      11.75 MB (  1%) committed,  1 nodes.
             Both:        1.12 GB reserved,      85.75 MB (  7%) committed. 

Chunk freelists:
   Non-Class:  5.48 MB
       Class:  4.25 MB
        Both:  9.74 MB

MaxMetaspaceSize: unlimited
CompressedClassSpaceSize: 1.00 GB
Initial GC threshold: 21.00 MB
Current GC threshold: 142.75 MB
CDS: on
MetaspaceReclaimPolicy: balanced
 - commit_granule_bytes: 65536.
 - commit_granule_words: 8192.
 - virtual_space_node_default_size: 8388608.
 - enlarge_chunks_in_place: 1.
 - new_chunks_are_fully_committed: 0.
 - uncommit_free_chunks: 1.
 - use_allocation_guard: 0.
 - handle_deallocations: 1.


Internal statistics:

num_allocs_failed_limit: 6.
num_arena_births: 1178.
num_arena_deaths: 0.
num_vsnodes_births: 3.
num_vsnodes_deaths: 0.
num_space_committed: 1366.
num_space_uncommitted: 0.
num_chunks_returned_to_freelist: 6.
num_chunks_taken_from_freelist: 3554.
num_chunk_merges: 6.
num_chunk_splits: 2619.
num_chunks_enlarged: 1920.
num_inconsistent_stats: 0.

CodeHeap 'non-profiled nmethods': size=119168Kb used=22620Kb max_used=22620Kb free=96547Kb
 bounds [0x0000017d6daa0000, 0x0000017d6f0c0000, 0x0000017d74f00000]
CodeHeap 'profiled nmethods': size=119104Kb used=38222Kb max_used=38222Kb free=80881Kb
 bounds [0x0000017d65f00000, 0x0000017d68460000, 0x0000017d6d350000]
CodeHeap 'non-nmethods': size=7488Kb used=2817Kb max_used=3415Kb free=4671Kb
 bounds [0x0000017d6d350000, 0x0000017d6d6c0000, 0x0000017d6daa0000]
 total_blobs=19226 nmethods=18117 adapters=1011
 compilation: enabled
              stopped_count=0, restarted_count=0
 full_count=0

Compilation events (20 events):
Event: 1717.601 Thread 0x0000017d5de0dd10 nmethod 23813 0x0000017d68452b10 code [0x0000017d68452cc0, 0x0000017d68452e78]
Event: 1717.601 Thread 0x0000017d5de0dd10 23814       3       com.sun.org.apache.xerces.internal.impl.dv.DTDDVFactory::<init> (5 bytes)
Event: 1717.602 Thread 0x0000017d5de0dd10 nmethod 23814 0x0000017d68452f90 code [0x0000017d68453120, 0x0000017d68453278]
Event: 1717.602 Thread 0x0000017d5de0dd10 23815       3       com.sun.org.apache.xerces.internal.impl.XMLVersionDetector::<init> (137 bytes)
Event: 1717.602 Thread 0x0000017d5de0dd10 nmethod 23815 0x0000017d68453310 code [0x0000017d684534c0, 0x0000017d68453998]
Event: 1717.602 Thread 0x0000017d5de0dd10 23816       3       com.sun.org.apache.xerces.internal.parsers.AbstractXMLDocumentParser::<init> (27 bytes)
Event: 1717.602 Thread 0x0000017d5de0dd10 nmethod 23816 0x0000017d68453b10 code [0x0000017d68453d40, 0x0000017d68454818]
Event: 1717.617 Thread 0x0000017d5de07bb0 23817       4       javax.swing.KeyboardManager::registerKeyStroke (189 bytes)
Event: 1717.660 Thread 0x0000017d5de07bb0 nmethod 23817 0x0000017d6f0b1610 code [0x0000017d6f0b1900, 0x0000017d6f0b50d0]
Event: 1717.671 Thread 0x0000017d1d59d5a0 23819       3       com.jidesoft.tree.AbstractTreeModel::fireTreeNodesInserted (89 bytes)
Event: 1717.671 Thread 0x0000017d1d59d090 23818   !   3       com.jidesoft.tree.DefaultTreeModelWrapper::treeNodesInserted (76 bytes)
Event: 1717.672 Thread 0x0000017d1d59d5a0 nmethod 23819 0x0000017d68454b90 code [0x0000017d68454d80, 0x0000017d68455458]
Event: 1717.672 Thread 0x0000017d5de0dd10 23820   !   3       com.jidesoft.list.DefaultListModelWrapper::getIndexAt (79 bytes)
Event: 1717.672 Thread 0x0000017d1d59d090 nmethod 23818 0x0000017d68455710 code [0x0000017d68455960, 0x0000017d68456248]
Event: 1717.672 Thread 0x0000017d5de0dd10 nmethod 23820 0x0000017d68456610 code [0x0000017d684567e0, 0x0000017d68456ca8]
Event: 1717.936 Thread 0x0000017d5de0dd10 23821   !   3       sun.awt.im.InputContext::focusGained (234 bytes)
Event: 1717.937 Thread 0x0000017d5de0dd10 nmethod 23821 0x0000017d68456e10 code [0x0000017d68457200, 0x0000017d68459588]
Event: 1717.949 Thread 0x0000017d5de07bb0 23822  s    4       com.jidesoft.swing.JideBoxLayout::invalidateLayout (20 bytes)
Event: 1717.954 Thread 0x0000017d5de07bb0 nmethod 23822 0x0000017d6f0b6610 code [0x0000017d6f0b67c0, 0x0000017d6f0b6df8]
Event: 1719.033 Thread 0x0000017d1d59d090 23823       3       java.awt.Toolkit$ToolkitEventMulticaster::remove (74 bytes)

GC Heap History (20 events):
Event: 1650.293 GC heap before
{Heap before GC invocations=255 (full 125):
 garbage-first heap   total 524288K, used 170466K [0x0000000701800000, 0x0000000800000000)
  region size 2048K, 40 young (81920K), 1 survivors (2048K)
 Metaspace       used 87053K, committed 87744K, reserved 1179648K
  class space    used 11671K, committed 12032K, reserved 1048576K
}
Event: 1650.295 GC heap after
{Heap after GC invocations=256 (full 125):
 garbage-first heap   total 524288K, used 90599K [0x0000000701800000, 0x0000000800000000)
  region size 2048K, 1 young (2048K), 1 survivors (2048K)
 Metaspace       used 87053K, committed 87744K, reserved 1179648K
  class space    used 11671K, committed 12032K, reserved 1048576K
}
Event: 1652.952 GC heap before
{Heap before GC invocations=256 (full 125):
 garbage-first heap   total 524288K, used 170471K [0x0000000701800000, 0x0000000800000000)
  region size 2048K, 40 young (81920K), 1 survivors (2048K)
 Metaspace       used 87058K, committed 87744K, reserved 1179648K
  class space    used 11671K, committed 12032K, reserved 1048576K
}
Event: 1652.954 GC heap after
{Heap after GC invocations=257 (full 125):
 garbage-first heap   total 524288K, used 91163K [0x0000000701800000, 0x0000000800000000)
  region size 2048K, 1 young (2048K), 1 survivors (2048K)
 Metaspace       used 87058K, committed 87744K, reserved 1179648K
  class space    used 11671K, committed 12032K, reserved 1048576K
}
Event: 1653.362 GC heap before
{Heap before GC invocations=257 (full 125):
 garbage-first heap   total 524288K, used 109595K [0x0000000701800000, 0x0000000800000000)
  region size 2048K, 11 young (22528K), 1 survivors (2048K)
 Metaspace       used 87058K, committed 87744K, reserved 1179648K
  class space    used 11671K, committed 12032K, reserved 1048576K
}
Event: 1653.406 GC heap after
{Heap after GC invocations=258 (full 126):
 garbage-first heap   total 524288K, used 90234K [0x0000000701800000, 0x0000000800000000)
  region size 2048K, 0 young (0K), 0 survivors (0K)
 Metaspace       used 87058K, committed 87744K, reserved 1179648K
  class space    used 11671K, committed 12032K, reserved 1048576K
}
Event: 1655.518 GC heap before
{Heap before GC invocations=258 (full 126):
 garbage-first heap   total 524288K, used 172154K [0x0000000701800000, 0x0000000800000000)
  region size 2048K, 40 young (81920K), 0 survivors (0K)
 Metaspace       used 87062K, committed 87808K, reserved 1179648K
  class space    used 11671K, committed 12032K, reserved 1048576K
}
Event: 1655.520 GC heap after
{Heap after GC invocations=259 (full 126):
 garbage-first heap   total 524288K, used 91468K [0x0000000701800000, 0x0000000800000000)
  region size 2048K, 1 young (2048K), 1 survivors (2048K)
 Metaspace       used 87062K, committed 87808K, reserved 1179648K
  class space    used 11671K, committed 12032K, reserved 1048576K
}
Event: 1665.600 GC heap before
{Heap before GC invocations=259 (full 126):
 garbage-first heap   total 524288K, used 167244K [0x0000000701800000, 0x0000000800000000)
  region size 2048K, 39 young (79872K), 1 survivors (2048K)
 Metaspace       used 87066K, committed 87808K, reserved 1179648K
  class space    used 11671K, committed 12032K, reserved 1048576K
}
Event: 1665.647 GC heap after
{Heap after GC invocations=260 (full 127):
 garbage-first heap   total 524288K, used 90636K [0x0000000701800000, 0x0000000800000000)
  region size 2048K, 0 young (0K), 0 survivors (0K)
 Metaspace       used 87066K, committed 87808K, reserved 1179648K
  class space    used 11671K, committed 12032K, reserved 1048576K
}
Event: 1666.348 GC heap before
{Heap before GC invocations=260 (full 127):
 garbage-first heap   total 524288K, used 92684K [0x0000000701800000, 0x0000000800000000)
  region size 2048K, 2 young (4096K), 0 survivors (0K)
 Metaspace       used 87066K, committed 87808K, reserved 1179648K
  class space    used 11671K, committed 12032K, reserved 1048576K
}
Event: 1666.393 GC heap after
{Heap after GC invocations=261 (full 128):
 garbage-first heap   total 524288K, used 90289K [0x0000000701800000, 0x0000000800000000)
  region size 2048K, 0 young (0K), 0 survivors (0K)
 Metaspace       used 87066K, committed 87808K, reserved 1179648K
  class space    used 11671K, committed 12032K, reserved 1048576K
}
Event: 1670.105 GC heap before
{Heap before GC invocations=261 (full 128):
 garbage-first heap   total 524288K, used 96433K [0x0000000701800000, 0x0000000800000000)
  region size 2048K, 4 young (8192K), 0 survivors (0K)
 Metaspace       used 87072K, committed 87808K, reserved 1179648K
  class space    used 11671K, committed 12032K, reserved 1048576K
}
Event: 1670.150 GC heap after
{Heap after GC invocations=262 (full 129):
 garbage-first heap   total 524288K, used 90345K [0x0000000701800000, 0x0000000800000000)
  region size 2048K, 0 young (0K), 0 survivors (0K)
 Metaspace       used 87072K, committed 87808K, reserved 1179648K
  class space    used 11671K, committed 12032K, reserved 1048576K
}
Event: 1670.210 GC heap before
{Heap before GC invocations=262 (full 129):
 garbage-first heap   total 524288K, used 94441K [0x0000000701800000, 0x0000000800000000)
  region size 2048K, 3 young (6144K), 0 survivors (0K)
 Metaspace       used 87072K, committed 87808K, reserved 1179648K
  class space    used 11671K, committed 12032K, reserved 1048576K
}
Event: 1670.256 GC heap after
{Heap after GC invocations=263 (full 130):
 garbage-first heap   total 524288K, used 90363K [0x0000000701800000, 0x0000000800000000)
  region size 2048K, 0 young (0K), 0 survivors (0K)
 Metaspace       used 87072K, committed 87808K, reserved 1179648K
  class space    used 11671K, committed 12032K, reserved 1048576K
}
Event: 1673.178 GC heap before
{Heap before GC invocations=263 (full 130):
 garbage-first heap   total 524288K, used 94459K [0x0000000701800000, 0x0000000800000000)
  region size 2048K, 3 young (6144K), 0 survivors (0K)
 Metaspace       used 87072K, committed 87808K, reserved 1179648K
  class space    used 11671K, committed 12032K, reserved 1048576K
}
Event: 1673.223 GC heap after
{Heap after GC invocations=264 (full 131):
 garbage-first heap   total 524288K, used 90365K [0x0000000701800000, 0x0000000800000000)
  region size 2048K, 0 young (0K), 0 survivors (0K)
 Metaspace       used 87072K, committed 87808K, reserved 1179648K
  class space    used 11671K, committed 12032K, reserved 1048576K
}
Event: 1716.595 GC heap before
{Heap before GC invocations=264 (full 131):
 garbage-first heap   total 524288K, used 172285K [0x0000000701800000, 0x0000000800000000)
  region size 2048K, 40 young (81920K), 0 survivors (0K)
 Metaspace       used 87076K, committed 87808K, reserved 1179648K
  class space    used 11671K, committed 12032K, reserved 1048576K
}
Event: 1716.597 GC heap after
{Heap after GC invocations=265 (full 131):
 garbage-first heap   total 524288K, used 91002K [0x0000000701800000, 0x0000000800000000)
  region size 2048K, 1 young (2048K), 1 survivors (2048K)
 Metaspace       used 87076K, committed 87808K, reserved 1179648K
  class space    used 11671K, committed 12032K, reserved 1048576K
}

Dll operation events (20 events):
Event: 0.647 Loaded shared library C:\Xilinx\Vivado\2023.2\lib\win64.o\librdi_ipservicestasks.dll
Event: 0.648 Loaded shared library C:\Xilinx\Vivado\2023.2\lib\win64.o\librdi_vivadotasks.dll
Event: 0.649 Loaded shared library C:\Xilinx\Vivado\2023.2\lib\win64.o\librdi_board.dll
Event: 0.650 Loaded shared library C:\Xilinx\Vivado\2023.2\lib\win64.o\librdi_boarddep.dll
Event: 0.651 Loaded shared library C:\Xilinx\Vivado\2023.2\lib\win64.o\librdi_boardcommontasks.dll
Event: 0.651 Loaded shared library C:\Xilinx\Vivado\2023.2\lib\win64.o\librdi_ptgen.dll
Event: 0.652 Loaded shared library C:\Xilinx\Vivado\2023.2\lib\win64.o\librdi_ip.dll
Event: 0.653 Loaded shared library C:\Xilinx\Vivado\2023.2\lib\win64.o\librdi_mig.dll
Event: 0.655 Loaded shared library C:\Xilinx\Vivado\2023.2\lib\win64.o\librdi_implflow.dll
Event: 0.656 Loaded shared library C:\Xilinx\Vivado\2023.2\lib\win64.o\librdi_xhubtasks.dll
Event: 0.658 Loaded shared library C:\Xilinx\Vivado\2023.2\lib\win64.o\librdi_iptasks.dll
Event: 0.659 Loaded shared library C:\Xilinx\Vivado\2023.2\lib\win64.o\librdi_synth.dll
Event: 1.540 Loaded shared library C:\Xilinx\Vivado\2023.2\tps\win64\jre17.0.7_7\bin\verify.dll
Event: 1.751 Loaded shared library C:\Xilinx\Vivado\2023.2\tps\win64\jre17.0.7_7\bin\javajpeg.dll
Event: 1.759 Loaded shared library C:\Xilinx\Vivado\2023.2\tps\win64\jre17.0.7_7\bin\lcms.dll
Event: 2.031 Loaded shared library C:\Xilinx\Vivado\2023.2\tps\win64\jre17.0.7_7\bin\freetype.dll
Event: 2.032 Loaded shared library C:\Xilinx\Vivado\2023.2\tps\win64\jre17.0.7_7\bin\fontmanager.dll
Event: 5.270 Loaded shared library C:\Xilinx\Vivado\2023.2\lib\win64.o\librdi_xhub.dll
Event: 10.781 Loaded shared library C:\Xilinx\Vivado\2023.2\tps\win64\jre17.0.7_7\bin\management.dll
Event: 10.782 Loaded shared library C:\Xilinx\Vivado\2023.2\tps\win64\jre17.0.7_7\bin\management_ext.dll

Deoptimization events (20 events):
Event: 1358.724 Thread 0x0000017d07f05020 DEOPT PACKING pc=0x0000017d6e587ec0 sp=0x0000006c32ffded0
Event: 1358.724 Thread 0x0000017d07f05020 DEOPT UNPACKING pc=0x0000017d6d3aa1a3 sp=0x0000006c32ffdec0 mode 2
Event: 1388.742 Thread 0x0000017d5dde4070 DEOPT PACKING pc=0x0000017d68194243 sp=0x0000006c2acff7a0
Event: 1388.742 Thread 0x0000017d5dde4070 DEOPT UNPACKING pc=0x0000017d6d3aace3 sp=0x0000006c2acfec88 mode 0
Event: 1458.322 Thread 0x0000017d371f7bb0 Uncommon trap: trap_request=0xffffff45 fr.pc=0x0000017d6eb749f4 relative=0x0000000000001094
Event: 1458.322 Thread 0x0000017d371f7bb0 Uncommon trap: reason=unstable_if action=reinterpret pc=0x0000017d6eb749f4 method=java.security.AccessControlContext.optimize()Ljava/security/AccessControlContext; @ 49 c2
Event: 1458.322 Thread 0x0000017d371f7bb0 DEOPT PACKING pc=0x0000017d6eb749f4 sp=0x0000006c28efe760
Event: 1458.322 Thread 0x0000017d371f7bb0 DEOPT UNPACKING pc=0x0000017d6d3aa1a3 sp=0x0000006c28efe710 mode 2
Event: 1489.973 Thread 0x0000017d07f05020 Uncommon trap: trap_request=0xffffff45 fr.pc=0x0000017d6de50b58 relative=0x00000000000016d8
Event: 1489.973 Thread 0x0000017d07f05020 Uncommon trap: reason=unstable_if action=reinterpret pc=0x0000017d6de50b58 method=java.util.WeakHashMap.matchesKey(Ljava/util/WeakHashMap$Entry;Ljava/lang/Object;)Z @ 16 c2
Event: 1489.973 Thread 0x0000017d07f05020 DEOPT PACKING pc=0x0000017d6de50b58 sp=0x0000006c32ffd780
Event: 1489.973 Thread 0x0000017d07f05020 DEOPT UNPACKING pc=0x0000017d6d3aa1a3 sp=0x0000006c32ffd608 mode 2
Event: 1504.073 Thread 0x0000017d07f05020 Uncommon trap: trap_request=0xffffff45 fr.pc=0x0000017d6edf6868 relative=0x0000000000001328
Event: 1504.073 Thread 0x0000017d07f05020 Uncommon trap: reason=unstable_if action=reinterpret pc=0x0000017d6edf6868 method=java.util.WeakHashMap.matchesKey(Ljava/util/WeakHashMap$Entry;Ljava/lang/Object;)Z @ 16 c2
Event: 1504.073 Thread 0x0000017d07f05020 DEOPT PACKING pc=0x0000017d6edf6868 sp=0x0000006c32ffdb80
Event: 1504.073 Thread 0x0000017d07f05020 DEOPT UNPACKING pc=0x0000017d6d3aa1a3 sp=0x0000006c32ffda60 mode 2
Event: 1507.194 Thread 0x0000017d07f05020 DEOPT PACKING pc=0x0000017d672d27b9 sp=0x0000006c32ffe830
Event: 1507.194 Thread 0x0000017d07f05020 DEOPT UNPACKING pc=0x0000017d6d3aace3 sp=0x0000006c32ffdd20 mode 0
Event: 1663.967 Thread 0x0000017d07f05020 DEOPT PACKING pc=0x0000017d66ca1a63 sp=0x0000006c32ffe590
Event: 1663.967 Thread 0x0000017d07f05020 DEOPT UNPACKING pc=0x0000017d6d3aace3 sp=0x0000006c32ffdad0 mode 0

Classes unloaded (0 events):
No events

Classes redefined (0 events):
No events

Internal exceptions (20 events):
Event: 1621.551 Thread 0x0000017d07f05020 Exception <a 'java/io/FileNotFoundException'{0x000000071f183508}> (0x000000071f183508) 
thrown [s\src\hotspot\share\prims\jni.cpp, line 516]
Event: 1626.590 Thread 0x0000017d07f05020 Exception <a 'java/io/FileNotFoundException'{0x00000007398bbea8}> (0x00000007398bbea8) 
thrown [s\src\hotspot\share\prims\jni.cpp, line 516]
Event: 1631.584 Thread 0x0000017d07f05020 Exception <a 'java/io/FileNotFoundException'{0x000000071dfed2a8}> (0x000000071dfed2a8) 
thrown [s\src\hotspot\share\prims\jni.cpp, line 516]
Event: 1636.584 Thread 0x0000017d07f05020 Exception <a 'java/io/FileNotFoundException'{0x000000071f6078f8}> (0x000000071f6078f8) 
thrown [s\src\hotspot\share\prims\jni.cpp, line 516]
Event: 1641.586 Thread 0x0000017d07f05020 Exception <a 'java/io/FileNotFoundException'{0x00000007210114d8}> (0x00000007210114d8) 
thrown [s\src\hotspot\share\prims\jni.cpp, line 516]
Event: 1646.586 Thread 0x0000017d07f05020 Exception <a 'java/io/FileNotFoundException'{0x000000071faacb48}> (0x000000071faacb48) 
thrown [s\src\hotspot\share\prims\jni.cpp, line 516]
Event: 1651.586 Thread 0x0000017d07f05020 Exception <a 'java/io/FileNotFoundException'{0x000000071ef36458}> (0x000000071ef36458) 
thrown [s\src\hotspot\share\prims\jni.cpp, line 516]
Event: 1656.588 Thread 0x0000017d07f05020 Exception <a 'java/io/FileNotFoundException'{0x000000071fadfc08}> (0x000000071fadfc08) 
thrown [s\src\hotspot\share\prims\jni.cpp, line 516]
Event: 1661.588 Thread 0x0000017d07f05020 Exception <a 'java/io/FileNotFoundException'{0x000000071f943278}> (0x000000071f943278) 
thrown [s\src\hotspot\share\prims\jni.cpp, line 516]
Event: 1666.589 Thread 0x0000017d07f05020 Exception <a 'java/io/FileNotFoundException'{0x000000073983abc8}> (0x000000073983abc8) 
thrown [s\src\hotspot\share\prims\jni.cpp, line 516]
Event: 1671.590 Thread 0x0000017d07f05020 Exception <a 'java/io/FileNotFoundException'{0x000000072159c480}> (0x000000072159c480) 
thrown [s\src\hotspot\share\prims\jni.cpp, line 516]
Event: 1676.590 Thread 0x0000017d07f05020 Exception <a 'java/io/FileNotFoundException'{0x00000007214c3d30}> (0x00000007214c3d30) 
thrown [s\src\hotspot\share\prims\jni.cpp, line 516]
Event: 1681.590 Thread 0x0000017d07f05020 Exception <a 'java/io/FileNotFoundException'{0x00000007211c1650}> (0x00000007211c1650) 
thrown [s\src\hotspot\share\prims\jni.cpp, line 516]
Event: 1686.594 Thread 0x0000017d07f05020 Exception <a 'java/io/FileNotFoundException'{0x0000000720f42f90}> (0x0000000720f42f90) 
thrown [s\src\hotspot\share\prims\jni.cpp, line 516]
Event: 1691.602 Thread 0x0000017d07f05020 Exception <a 'java/io/FileNotFoundException'{0x0000000720d83e10}> (0x0000000720d83e10) 
thrown [s\src\hotspot\share\prims\jni.cpp, line 516]
Event: 1696.603 Thread 0x0000017d07f05020 Exception <a 'java/io/FileNotFoundException'{0x00000007208510b0}> (0x00000007208510b0) 
thrown [s\src\hotspot\share\prims\jni.cpp, line 516]
Event: 1701.610 Thread 0x0000017d07f05020 Exception <a 'java/io/FileNotFoundException'{0x0000000720905a38}> (0x0000000720905a38) 
thrown [s\src\hotspot\share\prims\jni.cpp, line 516]
Event: 1706.623 Thread 0x0000017d07f05020 Exception <a 'java/io/FileNotFoundException'{0x00000007207c98f0}> (0x00000007207c98f0) 
thrown [s\src\hotspot\share\prims\jni.cpp, line 516]
Event: 1711.624 Thread 0x0000017d07f05020 Exception <a 'java/io/FileNotFoundException'{0x00000007202a7ba8}> (0x00000007202a7ba8) 
thrown [s\src\hotspot\share\prims\jni.cpp, line 516]
Event: 1716.624 Thread 0x0000017d07f05020 Exception <a 'java/io/FileNotFoundException'{0x0000000739800b60}> (0x0000000739800b60) 
thrown [s\src\hotspot\share\prims\jni.cpp, line 516]

VM Operations (20 events):
Event: 1665.600 Executing VM operation: G1CollectFull
Event: 1665.647 Executing VM operation: G1CollectFull done
Event: 1666.348 Executing VM operation: G1CollectFull
Event: 1666.394 Executing VM operation: G1CollectFull done
Event: 1670.105 Executing VM operation: G1CollectFull
Event: 1670.151 Executing VM operation: G1CollectFull done
Event: 1670.210 Executing VM operation: G1CollectFull
Event: 1670.256 Executing VM operation: G1CollectFull done
Event: 1673.178 Executing VM operation: G1CollectFull
Event: 1673.223 Executing VM operation: G1CollectFull done
Event: 1682.228 Executing VM operation: Cleanup
Event: 1682.228 Executing VM operation: Cleanup done
Event: 1716.453 Executing VM operation: Cleanup
Event: 1716.453 Executing VM operation: Cleanup done
Event: 1716.595 Executing VM operation: G1CollectForAllocation
Event: 1716.597 Executing VM operation: G1CollectForAllocation done
Event: 1717.597 Executing VM operation: Cleanup
Event: 1717.597 Executing VM operation: Cleanup done
Event: 1718.598 Executing VM operation: Cleanup
Event: 1718.598 Executing VM operation: Cleanup done

Events (20 events):
Event: 1714.729 Thread 0x0000017d371f6d40 Thread exited: 0x0000017d371f6d40
Event: 1715.635 Thread 0x0000017d371f63a0 Thread added: 0x0000017d371f63a0
Event: 1715.671 Thread 0x0000017d371fa230 Thread added: 0x0000017d371fa230
Event: 1715.676 Thread 0x0000017d371fa230 Thread exited: 0x0000017d371fa230
Event: 1715.692 Thread 0x0000017d371f63a0 Thread exited: 0x0000017d371f63a0
Event: 1715.725 Thread 0x0000017d371f63a0 Thread added: 0x0000017d371f63a0
Event: 1715.728 Thread 0x0000017d371f63a0 Thread exited: 0x0000017d371f63a0
Event: 1715.844 Thread 0x0000017d371f63a0 Thread added: 0x0000017d371f63a0
Event: 1716.729 Thread 0x0000017d371fa230 Thread added: 0x0000017d371fa230
Event: 1716.734 Thread 0x0000017d371fa230 Thread exited: 0x0000017d371fa230
Event: 1717.002 Thread 0x0000017d371f63a0 Thread exited: 0x0000017d371f63a0
Event: 1717.599 Thread 0x0000017d1d59d090 Thread added: 0x0000017d1d59d090
Event: 1717.599 Thread 0x0000017d1d59d5a0 Thread added: 0x0000017d1d59d5a0
Event: 1717.599 Thread 0x0000017d0662fed0 Thread added: 0x0000017d0662fed0
Event: 1717.617 Thread 0x0000017d371f63a0 Thread added: 0x0000017d371f63a0
Event: 1717.674 Thread 0x0000017d371f63a0 Thread exited: 0x0000017d371f63a0
Event: 1717.921 Thread 0x0000017d371f63a0 Thread added: 0x0000017d371f63a0
Event: 1718.615 Thread 0x0000017d371fa230 Thread added: 0x0000017d371fa230
Event: 1718.620 Thread 0x0000017d371fa230 Thread exited: 0x0000017d371fa230
Event: 1719.033 Thread 0x0000017d0662fed0 Thread exited: 0x0000017d0662fed0


Dynamic libraries:
0x00007ff716be0000 - 0x00007ff716c11000 	C:\Xilinx\Vivado\2023.2\bin\unwrapped\win64.o\vivado.exe
0x00007fff7d1e0000 - 0x00007fff7d447000 	C:\WINDOWS\SYSTEM32\ntdll.dll
0x00007fff7b4e0000 - 0x00007fff7b5a9000 	C:\WINDOWS\System32\KERNEL32.DLL
0x00007fff79ff0000 - 0x00007fff7a3e4000 	C:\WINDOWS\System32\KERNELBASE.dll
0x00007fff79ea0000 - 0x00007fff79feb000 	C:\WINDOWS\System32\ucrtbase.dll
0x00007fff659d0000 - 0x00007fff659ee000 	C:\WINDOWS\SYSTEM32\VCRUNTIME140.dll
0x00007fff658d0000 - 0x00007fff65958000 	C:\WINDOWS\SYSTEM32\MSVCP140.dll
0x00007fff5d000000 - 0x00007fff5d01c000 	C:\Xilinx\Vivado\2023.2\lib\win64.o\librdi_commonmain.dll
0x00007ffec2fb0000 - 0x00007ffec465a000 	C:\Xilinx\Vivado\2023.2\lib\win64.o\librdi_common.dll
0x00007fff659f0000 - 0x00007fff659fb000 	C:\WINDOWS\SYSTEM32\VCRUNTIME140_1.dll
0x00007fff7cb10000 - 0x00007fff7ccd5000 	C:\WINDOWS\System32\USER32.dll
0x00007fff7af40000 - 0x00007fff7af67000 	C:\WINDOWS\System32\win32u.dll
0x00007fff53670000 - 0x00007fff53691000 	C:\Xilinx\Vivado\2023.2\lib\win64.o\libboost_filesystem.dll
0x00007fff7c010000 - 0x00007fff7c0c6000 	C:\WINDOWS\System32\ADVAPI32.dll
0x00007fff7c1b0000 - 0x00007fff7c259000 	C:\WINDOWS\System32\msvcrt.dll
0x00007fff7af70000 - 0x00007fff7af9b000 	C:\WINDOWS\System32\GDI32.dll
0x00007fff7b3e0000 - 0x00007fff7b487000 	C:\WINDOWS\System32\sechost.dll
0x00007ffecec20000 - 0x00007ffecf050000 	C:\Xilinx\Vivado\2023.2\lib\win64.o\python38.dll
0x00007fff7ce70000 - 0x00007fff7cf88000 	C:\WINDOWS\System32\RPCRT4.dll
0x00007fff79d70000 - 0x00007fff79e9b000 	C:\WINDOWS\System32\gdi32full.dll
0x00007fff6eec0000 - 0x00007fff6eec9000 	C:\Xilinx\Vivado\2023.2\lib\win64.o\librdi_commonversion.dll
0x00007fff7ae90000 - 0x00007fff7af33000 	C:\WINDOWS\System32\msvcp_win.dll
0x00007fff7b7d0000 - 0x00007fff7b836000 	C:\WINDOWS\System32\SHLWAPI.dll
0x00007fff7a3f0000 - 0x00007fff7ac58000 	C:\WINDOWS\System32\Windows.Storage.dll
0x00007fff7c320000 - 0x00007fff7ca87000 	C:\WINDOWS\System32\SHELL32.dll
0x00007fff7b050000 - 0x00007fff7b3d2000 	C:\WINDOWS\System32\combase.dll
0x000000006b460000 - 0x000000006b58c000 	C:\Xilinx\Vivado\2023.2\lib\win64.o\tcl85t.dll
0x00007fff7ac60000 - 0x00007fff7adca000 	C:\WINDOWS\System32\wintypes.dll
0x00007ffee0c00000 - 0x00007ffee0db6000 	C:\Xilinx\Vivado\2023.2\lib\win64.o\librdi_commonxillic.dll
0x00007fff7afb0000 - 0x00007fff7b030000 	C:\WINDOWS\System32\WS2_32.dll
0x00007fff79c30000 - 0x00007fff79cb2000 	C:\WINDOWS\System32\WINTRUST.dll
0x00007fff52a30000 - 0x00007fff52a41000 	C:\Xilinx\Vivado\2023.2\lib\win64.o\libboost_date_time.dll
0x00007ffece8b0000 - 0x00007ffecec1e000 	C:\Xilinx\Vivado\2023.2\lib\win64.o\libCOIN-all.dll
0x00007fff40890000 - 0x00007fff40909000 	C:\Xilinx\Vivado\2023.2\lib\win64.o\libboost_program_options.dll
0x00007ffede9d0000 - 0x00007ffedeae4000 	C:\Xilinx\Vivado\2023.2\lib\win64.o\libboost_regex.dll
0x00007fff52a10000 - 0x00007fff52a2c000 	C:\Xilinx\Vivado\2023.2\lib\win64.o\libboost_thread.dll
0x00007fff6bfa0000 - 0x00007fff6bfac000 	C:\Xilinx\Vivado\2023.2\lib\win64.o\libboost_xilinx.dll
0x00007fff40800000 - 0x00007fff40882000 	C:\Xilinx\Vivado\2023.2\lib\win64.o\libhdlpsolve.dll
0x00007fff35f40000 - 0x00007fff35fe5000 	C:\Xilinx\Vivado\2023.2\lib\win64.o\libhdxml.dll
0x00007ffec1f80000 - 0x00007ffec2fa4600 	C:\Xilinx\Vivado\2023.2\lib\win64.o\libisl_iostreams.dll
0x00007fff4c1e0000 - 0x00007fff4c20a000 	C:\Xilinx\Vivado\2023.2\lib\win64.o\libisl_sysinfo.dll
0x00007fff439e0000 - 0x00007fff43a45000 	C:\Xilinx\Vivado\2023.2\lib\win64.o\liblmx6.0.dll
0x00007fff517f0000 - 0x00007fff5180a000 	C:\Xilinx\Vivado\2023.2\lib\win64.o\pthreadVC2.dll
0x00007fff51720000 - 0x00007fff5173c000 	C:\Xilinx\Vivado\2023.2\lib\win64.o\librdiconfig.dll
0x00007fff4c1b0000 - 0x00007fff4c1d1000 	C:\Xilinx\Vivado\2023.2\lib\win64.o\librdizlib.dll
0x00007fff6c0e0000 - 0x00007fff6c0eb000 	C:\WINDOWS\SYSTEM32\VERSION.dll
0x00007fff6d3b0000 - 0x00007fff6d3ca000 	C:\WINDOWS\SYSTEM32\NETAPI32.dll
0x00007fff63cc0000 - 0x00007fff63f55000 	C:\WINDOWS\SYSTEM32\WININET.dll
0x00007fff70250000 - 0x00007fff7037d000 	C:\WINDOWS\SYSTEM32\WINHTTP.dll
0x00007ffecf280000 - 0x00007ffecf541000 	C:\Xilinx\Vivado\2023.2\lib\win64.o\xerces-c_3_2.dll
0x00007fff6bbd0000 - 0x00007fff6bdaf000 	C:\WINDOWS\SYSTEM32\urlmon.dll
0x00007ffec46c0000 - 0x00007ffec46ca000 	C:\WINDOWS\SYSTEM32\WSOCK32.dll
0x00007ffec0060000 - 0x00007ffec1f77000 	C:\Xilinx\Vivado\2023.2\lib\win64.o\gurobi90.dll
0x00007ffece580000 - 0x00007ffece8ad000 	C:\Xilinx\Vivado\2023.2\lib\win64.o\libXil_lmgr11.dll
0x00007fff79ab0000 - 0x00007fff79c27000 	C:\WINDOWS\System32\CRYPT32.dll
0x00007fff7cd70000 - 0x00007fff7ce5f000 	C:\WINDOWS\System32\COMDLG32.dll
0x00007fff37af0000 - 0x00007fff37b26000 	C:\WINDOWS\SYSTEM32\VCOMP140.DLL
0x00007fff799a0000 - 0x00007fff799ca000 	C:\WINDOWS\SYSTEM32\bcrypt.dll
0x00007fff7ccf0000 - 0x00007fff7cd62000 	C:\WINDOWS\System32\WLDAP32.dll
0x00007fff7bd70000 - 0x00007fff7be68000 	C:\WINDOWS\System32\shcore.dll
0x00007fff7b040000 - 0x00007fff7b048000 	C:\WINDOWS\System32\Normaliz.dll
0x00007fff7c0d0000 - 0x00007fff7c1a8000 	C:\WINDOWS\System32\OLEAUT32.dll
0x00007fff7be70000 - 0x00007fff7c007000 	C:\WINDOWS\System32\ole32.dll
0x00007fff6b900000 - 0x00007fff6bbc4000 	C:\WINDOWS\SYSTEM32\iertutil.dll
0x00007fff43760000 - 0x00007fff43784000 	C:\Xilinx\Vivado\2023.2\lib\win64.o\libisl_iosutils.dll
0x00007fff50fb0000 - 0x00007fff50fc8000 	C:\Xilinx\Vivado\2023.2\lib\win64.o\libboost_iostreams.dll
0x00007fff40950000 - 0x00007fff40a05000 	C:\WINDOWS\WinSxS\amd64_microsoft.windows.common-controls_6595b64144ccf1df_5.82.26100.8115_none_87ecef177a2e8a19\COMCTL32.dll
0x00007fff71550000 - 0x00007fff71575000 	C:\WINDOWS\SYSTEM32\dhcpcsvc.DLL
0x00007fff78e00000 - 0x00007fff78e33000 	C:\WINDOWS\SYSTEM32\USERENV.dll
0x00007fff6d350000 - 0x00007fff6d379000 	C:\WINDOWS\SYSTEM32\srvcli.dll
0x00007fff781a0000 - 0x00007fff781ad000 	C:\WINDOWS\SYSTEM32\netutils.dll
0x00007fff78d50000 - 0x00007fff78dbc000 	C:\WINDOWS\SYSTEM32\MSWSOCK.DLL
0x00007fff7b5b0000 - 0x00007fff7b5e2000 	C:\WINDOWS\System32\IMM32.DLL
0x00007fff79130000 - 0x00007fff79143000 	C:\WINDOWS\SYSTEM32\MSASN1.dll
0x00007fff78800000 - 0x00007fff7881b000 	C:\WINDOWS\SYSTEM32\kernel.appcore.dll
0x00007fff790d0000 - 0x00007fff790eb000 	C:\WINDOWS\SYSTEM32\CRYPTSP.dll
0x00007fff78760000 - 0x00007fff78799000 	C:\WINDOWS\system32\rsaenh.dll
0x00007fff78fb0000 - 0x00007fff78fbc000 	C:\WINDOWS\SYSTEM32\CRYPTBASE.dll
0x00007fff79cc0000 - 0x00007fff79d65000 	C:\WINDOWS\System32\bcryptPrimitives.dll
0x00007fff7d0f0000 - 0x00007fff7d110000 	C:\WINDOWS\System32\imagehlp.dll
0x00007ffebfb10000 - 0x00007ffec005d000 	C:\Xilinx\Vivado\2023.2\lib\win64.o\librdi_commontasks.dll
0x00007ffebeec0000 - 0x00007ffebfb08000 	C:\Xilinx\Vivado\2023.2\tps\win64\jre17.0.7_7\bin\server\jvm.dll
0x00007ffecf6a0000 - 0x00007ffecf9cb800 	C:\Xilinx\Vivado\2023.2\lib\win64.o\librdi_sio.dll
0x00007fff6f840000 - 0x00007fff6f876000 	C:\WINDOWS\SYSTEM32\WINMM.dll
0x00007fff781e0000 - 0x00007fff78212000 	C:\WINDOWS\SYSTEM32\IPHLPAPI.DLL
0x00007fff78dc0000 - 0x00007fff78df0000 	C:\WINDOWS\SYSTEM32\gpapi.dll
0x00007fff6e730000 - 0x00007fff6e76b000 	C:\Windows\System32\cryptnet.dll
0x00007fff799d0000 - 0x00007fff799f9000 	C:\WINDOWS\SYSTEM32\profapi.dll
0x00007fff727b0000 - 0x00007fff727be000 	C:\WINDOWS\SYSTEM32\WINNSI.DLL
0x00007fff7afa0000 - 0x00007fff7afaa000 	C:\WINDOWS\System32\NSI.dll
0x00007fff78aa0000 - 0x00007fff78ae9000 	C:\WINDOWS\SYSTEM32\SspiCli.dll
0x00007fff4b6e0000 - 0x00007fff4b6f8000 	C:\WINDOWS\system32\napinsp.dll
0x00007fff78220000 - 0x00007fff78352000 	C:\WINDOWS\SYSTEM32\DNSAPI.dll
0x00007fff4b740000 - 0x00007fff4b753000 	C:\WINDOWS\System32\winrnr.dll
0x00007fff4b760000 - 0x00007fff4b782000 	C:\WINDOWS\system32\nlansp_c.dll
0x00007fff6f8d0000 - 0x00007fff6f8e6000 	C:\WINDOWS\system32\wshbth.dll
0x00007ffeb9e20000 - 0x00007ffebcbe6000 	C:\Xilinx\Vivado\2023.2\lib\win64.o\librdi_tcltasks.dll
0x00007ffede740000 - 0x00007ffede86a000 	C:\Xilinx\Vivado\2023.2\lib\win64.o\librdi_chipscope.dll
0x00007fff23e40000 - 0x00007fff23ec3000 	C:\Xilinx\Vivado\2023.2\lib\win64.o\librdi_boarddep.dll
0x00007ffed6390000 - 0x00007ffed6590000 	C:\Xilinx\Vivado\2023.2\lib\win64.o\librdi_board.dll
0x00007ffebe9d0000 - 0x00007ffebeeb1000 	C:\Xilinx\Vivado\2023.2\lib\win64.o\librdi_bitstream.dll
0x00007ffec6d00000 - 0x00007ffec6f07000 	C:\Xilinx\Vivado\2023.2\lib\win64.o\librdi_chipscopeimpl.dll
0x00007ffed1ea0000 - 0x00007ffed200e000 	C:\Xilinx\Vivado\2023.2\lib\win64.o\librdi_containers.dll
0x00007ffeb7550000 - 0x00007ffeb9c45000 	C:\Xilinx\Vivado\2023.2\lib\win64.o\librdi_constraints.dll
0x00007ffeb4e10000 - 0x00007ffeb7546000 	C:\Xilinx\Vivado\2023.2\lib\win64.o\librdi_coregen.dll
0x00007ffebe630000 - 0x00007ffebe9cf000 	C:\Xilinx\Vivado\2023.2\lib\win64.o\librdi_dlyest.dll
0x00007ffeb19f0000 - 0x00007ffeb37f7000 	C:\Xilinx\Vivado\2023.2\lib\win64.o\librdi_designutils.dll
0x00007ffebdef0000 - 0x00007ffebe626000 	C:\Xilinx\Vivado\2023.2\lib\win64.o\librdi_drc.dll
0x00007fff17fc0000 - 0x00007fff18074000 	C:\Xilinx\Vivado\2023.2\lib\win64.o\librdi_dsp.dll
0x00007ffeb3800000 - 0x00007ffeb4e03000 	C:\Xilinx\Vivado\2023.2\lib\win64.o\librdi_device.dll
0x00007ffeb1230000 - 0x00007ffeb19ef000 	C:\Xilinx\Vivado\2023.2\lib\win64.o\librdi_filemgmt.dll
0x00007fff37270000 - 0x00007fff372db000 	C:\Xilinx\Vivado\2023.2\lib\win64.o\librdi_hdf.dll
0x00007ffec4a60000 - 0x00007ffec4d44000 	C:\Xilinx\Vivado\2023.2\lib\win64.o\librdi_hip_devdesign.dll
0x00007ffecfec0000 - 0x00007ffed0008000 	C:\Xilinx\Vivado\2023.2\lib\win64.o\librdi_hip_perf_analysis.dll
0x00007ffeb00e0000 - 0x00007ffeb1223000 	C:\Xilinx\Vivado\2023.2\lib\win64.o\librdi_implflow.dll
0x00007ffeaf230000 - 0x00007ffeb00e0000 	C:\Xilinx\Vivado\2023.2\lib\win64.o\librdi_ippcw.dll
0x00007fff17690000 - 0x00007fff1770d000 	C:\Xilinx\Vivado\2023.2\lib\win64.o\librdi_memoryarray.dll
0x00007ffeae330000 - 0x00007ffeae986000 	C:\Xilinx\Vivado\2023.2\lib\win64.o\librdi_memdata.dll
0x00007ffeae990000 - 0x00007ffeaf22a000 	C:\Xilinx\Vivado\2023.2\lib\win64.o\librdi_lopt.dll
0x00007ffeab8e0000 - 0x00007ffeae321000 	C:\Xilinx\Vivado\2023.2\lib\win64.o\librdi_mig.dll
0x00007ffeab0d0000 - 0x00007ffeab8d4000 	C:\Xilinx\Vivado\2023.2\lib\win64.o\librdi_netlist.dll
0x00007ffee0b80000 - 0x00007ffee0bf2000 	C:\Xilinx\Vivado\2023.2\lib\win64.o\librdi_noc_frameworks.dll
0x00007fff36570000 - 0x00007fff365cc000 	C:\Xilinx\Vivado\2023.2\lib\win64.o\librdi_pfi.dll
0x00007ffea5f90000 - 0x00007ffea8e4c000 	C:\Xilinx\Vivado\2023.2\lib\win64.o\librdi_place.dll
0x00007ffebda70000 - 0x00007ffebdeee000 	C:\Xilinx\Vivado\2023.2\lib\win64.o\librdi_platform.dll
0x00007ffeaa7d0000 - 0x00007ffeab0c2000 	C:\Xilinx\Vivado\2023.2\lib\win64.o\librdi_power.dll
0x00007ffea9f40000 - 0x00007ffeaa7cb000 	C:\Xilinx\Vivado\2023.2\lib\win64.o\librdi_project.dll
0x00007ffea97c0000 - 0x00007ffea9f37000 	C:\Xilinx\Vivado\2023.2\lib\win64.o\librdi_psta.dll

dbghelp: loaded successfully - version: 4.0.5 - missing functions: none
symbol engine: initialized successfully - sym options: 0x614 - pdb path: .;C:\Xilinx\Vivado\2023.2\bin\unwrapped\win64.o;C:\WINDOWS\SYSTEM32;C:\Xilinx\Vivado\2023.2\lib\win64.o;C:\WINDOWS\WinSxS\amd64_microsoft.windows.common-controls_6595b64144ccf1df_5.82.26100.8115_none_87ecef177a2e8a19;C:\Xilinx\Vivado\2023.2\tps\win64\jre17.0.7_7\bin\server;C:\Xilinx\Vivado\2023.2\tps\win64\jre17.0.7_7\bin;C:\WINDOWS\WinSxS\amd64_microsoft.windows.common-controls_6595b64144ccf1df_6.0.26100.8115_none_3e075c82e3354f9c

VM Arguments:
jvm_args: -Dsun.java2d.pmoffscreen=false -Dhttps.protocols=TLSv1,TLSv1.1,TLSv1.2 -Dsun.java2d.xrender=false -Dsun.java2d.d3d=false -Dsun.awt.nopixfmt=true -Dsun.java2d.dpiaware=true -Dsun.java2d.uiScale.enabled=false -Dswing.aatext=true -XX:-UsePerfData -Djdk.map.althashing.threshold=512 -XX:StringTableSize=4072 -XX:+UseStringDeduplication -XX:MaxGCPauseMillis=200 -XX:+ParallelRefProcEnabled --add-opens=java.desktop/javax.swing.plaf.synth=ALL-UNNAMED --add-opens=java.base/java.nio=ALL-UNNAMED --add-opens=java.desktop/sun.swing=ALL-UNNAMED --add-opens=java.desktop/javax.swing=ALL-UNNAMED --add-opens=java.desktop/javax.swing.tree=ALL-UNNAMED --add-opens=java.desktop/javax.swing.plaf.basic=ALL-UNNAMED --add-opens=java.desktop/javax.swing.plaf.synth=ALL-UNNAMED --add-opens=java.desktop/javax.swing.plaf.basic=ALL-UNNAMED --add-opens=java.desktop/javax.swing=ALL-UNNAMED --add-opens=java.desktop/javax.swing.tree=ALL-UNNAMED --add-opens=java.desktop/java.awt.event=ALL-UNNAMED --add-exports=java.desktop/javax.swing.plaf.synth=ALL-UNNAMED --add-exports=java.base/java.nio=ALL-UNNAMED --add-exports=java.desktop/sun.swing=ALL-UNNAMED --add-exports=java.desktop/javax.swing=ALL-UNNAMED --add-exports=java.desktop/javax.swing.tree=ALL-UNNAMED --add-exports=java.desktop/javax.swing.plaf.basic=ALL-UNNAMED --add-exports=java.desktop/sun.swing=ALL-UNNAMED --add-exports=java.desktop/sun.swing.table=ALL-UNNAMED --add-exports=java.desktop/sun.swing.plaf.synth=ALL-UNNAMED --add-exports=java.desktop/sun.awt.shell=ALL-UNNAMED --add-exports=java.base/sun.security.action=ALL-UNNAMED --add-exports=java.desktop/sun.font=ALL-UNNAMED -XX:NewSize=80m -XX:MaxNewSize=80m -Xms512m -Xmx4072m -Xss10m 
java_command: <unknown>
java_class_path (initial): C:/Xilinx/Vivado/2023.2\lib\classes\alloy.jar;C:/Xilinx/Vivado/2023.2\lib\classes\asm-9.3.jar;C:/Xilinx/Vivado/2023.2\lib\classes\asm-analysis-9.3.jar;C:/Xilinx/Vivado/2023.2\lib\classes\asm-commons-9.3.jar;C:/Xilinx/Vivado/2023.2\lib\classes\asm-tree-9.3.jar;C:/Xilinx/Vivado/2023.2\lib\classes\autoesl-models.jar;C:/Xilinx/Vivado/2023.2\lib\classes\batik-anim.jar;C:/Xilinx/Vivado/2023.2\lib\classes\batik-awt-util.jar;C:/Xilinx/Vivado/2023.2\lib\classes\batik-bridge.jar;C:/Xilinx/Vivado/2023.2\lib\classes\batik-codec.jar;C:/Xilinx/Vivado/2023.2\lib\classes\batik-constants.jar;C:/Xilinx/Vivado/2023.2\lib\classes\batik-css.jar;C:/Xilinx/Vivado/2023.2\lib\classes\batik-dom.jar;C:/Xilinx/Vivado/2023.2\lib\classes\batik-ext.jar;C:/Xilinx/Vivado/2023.2\lib\classes\batik-gui-util.jar;C:/Xilinx/Vivado/2023.2\lib\classes\batik-gvt.jar;C:/Xilinx/Vivado/2023.2\lib\classes\batik-i18n.jar;C:/Xilinx/Vivado/2023.2\lib\classes\batik-parser.jar;C:/Xilinx/Vivado/2023.2\lib\classes\batik-script.jar;C:/Xilinx/Vivado/2023.2\lib\classes\batik-svg-dom.jar;C:/Xilinx/Vivado/2023.2\lib\classes\batik-svggen.jar;C:/Xilinx/Vivado/2023.2\lib\classes\batik-swing.jar;C:/Xilinx/Vivado/2023.2\lib\classes\batik-transcoder.jar;C:/Xilinx/Vivado/2023.2\lib\classes\batik-util.jar;C:/Xilinx/Vivado/2023.2\lib\classes\batik-xml.jar;C:/Xilinx/Vivado/2023.2\lib\classes\com.fasterxml.jackson.core.jackson-annotations_2.12.1.v20210128-1726.jar;C:/Xilinx/Vivado/2023.2\lib\classes\com.fasterxml.jackson.core.jackson-core_2.12.1.v20210128-1726.jar;C:/Xilinx/Vivado/2023.2\lib\classes\com.fasterxml.jackson.core.jackson-databind_2.12.1.v20210128-1726.jar;C:/Xilinx/Vivado/2023.2\lib\classes\com.google.gson_2.8.9.v20220111-1409.jar;C:/Xilinx/Vivado/2023.2\lib\classes\com.google.guava_30.1.0.v20210127-2300.jar;C:/Xilinx/Vivado/2023.2\lib\classes\com.sigasi.hdt.connection_4.17.2.202304211001.jar;C:/Xilinx/Vivado/2023.2\lib\classes\com.sigasi.hdt.epl_4.17.2.202304211001.jar;C:/Xilinx/Vivado/2023.
Launcher Type: generic

[Global flags]
     intx CICompilerCount                          = 12                                        {product} {ergonomic}
     uint ConcGCThreads                            = 3                                         {product} {ergonomic}
     uint G1ConcRefinementThreads                  = 13                                        {product} {ergonomic}
   size_t G1HeapRegionSize                         = 2097152                                   {product} {ergonomic}
    uintx GCDrainStackTargetSize                   = 64                                        {product} {ergonomic}
   size_t InitialHeapSize                          = 536870912                                 {product} {command line}
   size_t MarkStackSize                            = 4194304                                   {product} {ergonomic}
    uintx MaxGCPauseMillis                         = 200                                       {product} {command line}
   size_t MaxHeapSize                              = 4269801472                                {product} {command line}
   size_t MaxNewSize                               = 83886080                                  {product} {command line}
   size_t MinHeapDeltaBytes                        = 2097152                                   {product} {ergonomic}
   size_t MinHeapSize                              = 536870912                                 {product} {command line}
   size_t NewSize                                  = 83886080                                  {product} {command line}
    uintx NonNMethodCodeHeapSize                   = 7602480                                {pd product} {ergonomic}
    uintx NonProfiledCodeHeapSize                  = 122027880                              {pd product} {ergonomic}
     bool ParallelRefProcEnabled                   = true                                      {product} {command line}
    uintx ProfiledCodeHeapSize                     = 122027880                              {pd product} {ergonomic}
    uintx ReservedCodeCacheSize                    = 251658240                              {pd product} {ergonomic}
     bool SegmentedCodeCache                       = true                                      {product} {ergonomic}
   size_t SoftMaxHeapSize                          = 4269801472                             {manageable} {ergonomic}
    uintx StringTableSize                          = 4072                                      {product} {command line}
     intx ThreadStackSize                          = 10240                                  {pd product} {command line}
     bool UseCompressedClassPointers               = true                           {product lp64_product} {ergonomic}
     bool UseCompressedOops                        = true                           {product lp64_product} {ergonomic}
     bool UseG1GC                                  = true                                      {product} {ergonomic}
     bool UseLargePagesIndividualAllocation        = false                                  {pd product} {ergonomic}
     bool UsePerfData                              = false                                     {product} {command line}
     bool UseStringDeduplication                   = true                                      {product} {command line}

Logging:
Log output configuration:
 #0: stdout all=warning uptime,level,tags
 #1: stderr all=off uptime,level,tags

Environment Variables:
PATH=C:/Xilinx/Vivado/2023.2/bin;C:/Xilinx/Vivado/2023.2/tps/win64/java-cef-95.0.4638.69/bin/lib/win64;C:/Xilinx/Vivado/2023.2/tps/win64/javafx-sdk-17.0.1/lib;C:/Xilinx/Vivado/2023.2/tps/win64/javafx-sdk-17.0.1/bin;C:/Xilinx/Vivado/2023.2/lib/win64.o;C:/Xilinx/Vivado/2023.2/tps/win64/jre17.0.7_7/bin/server;C:/Xilinx/Vivado/2023.2/tps/win64/jre17.0.7_7/bin;C:/Xilinx/Vivado/2023.2/ids_lite/ISE/bin/nt64;C:/Xilinx/Vivado/2023.2/ids_lite/ISE/lib/nt64;C:/Xilinx/Vitis_HLS/2023.2/bin;C:\Program Files (x86)\NVIDIA Corporation\PhysX\Common;C:\windows\system32;C:\windows;C:\windows\System32\Wbem;C:\windows\System32\WindowsPowerShell\v1.0\;C:\windows\System32\OpenSSH\;C:\Program Files\NVIDIA Corporation\NVIDIA NvDLISR;C:\Program Files (x86)\dotnet\;C:\Program Files\Microsoft SQL Server\Client SDK\ODBC\170\Tools\Binn\;C:\Program Files (x86)\Microsoft SQL Server\150\Tools\Binn\;C:\Program Files\Microsoft SQL Server\150\Tools\Binn\;C:\Program Files\Microsoft SQL Server\150\DTS\Binn\;C:\Program Files (x86)\Windows Kits\8.1\Windows Performance Toolkit\;C:\Program Files\PuTTY\;C:\Program Files\Git\cmd;C:\Program Files\CMake\bin;C:\Program Files\Tailscale\;C:\Users\Musta\AppData\Local\Microsoft\WindowsApps;C:\Users\Musta\AppData\Local\Programs\Microsoft VS Code\bin;C:\Users\Musta\AppData\Local\GitHubDesktop\bin;C:\Users\Musta\AppData\Local\Programs\Python\Python310\Scripts;C:\MinGW\bin;C:\Users\Musta\Infineon\LauncherService;C:\Users\Musta\AppData\Local\Microsoft\WindowsApps\PythonSoftwareFoundation.Python.3.10_qbz5n2kfra8p0;;C:/Xilinx/Vivado/2023.2\tps\mingw\6.2.0\win64.o\nt\bin;C:/Xilinx/Vivado/2023.2\tps\mingw\6.2.0\win64.o\nt\libexec\gcc\x86_64-w64-mingw32\6.2.0;C:/Xilinx/Vivado/2023.2\tps\win64\python-3.8.3;C:/Xilinx/Vivado/2023.2\tps\win64\python-3.8.3\bin;C:/Xilinx/Vivado/2023.2\tps\win64\python-3.8.3\lib;C:/Xilinx/Vivado/2023.2\tps\win64\python-3.8.3\lib\site-packages
USERNAME=Musta
OS=Windows_NT
PROCESSOR_IDENTIFIER=Intel64 Family 6 Model 141 Stepping 1, GenuineIntel
TMP=C:\Users\Musta\AppData\Local\Temp
TEMP=C:\Users\Musta\AppData\Local\Temp



---------------  S Y S T E M  ---------------

OS:
 Windows 11 , 64 bit Build 26100 (10.0.26100.8246)
OS uptime: 0 days 2:10 hours
Hyper-V role detected

CPU: total 16 (initial active 16) (8 cores per cpu, 2 threads per core) family 6 model 141 stepping 1 microcode 0x40, cx8, cmov, fxsr, ht, mmx, 3dnowpref, sse, sse2, sse3, ssse3, sse4.1, sse4.2, popcnt, lzcnt, tsc, tscinvbit, avx, avx2, aes, erms, clmul, bmi1, bmi2, adx, avx512f, avx512dq, avx512cd, avx512bw, avx512vl, sha, fma, vzeroupper, avx512_vpopcntdq, avx512_vpclmulqdq, avx512_vaes, avx512_vnni, clflush, clflushopt, clwb, avx512_vbmi2, avx512_vbmi, hv

Memory: 4k page, system-wide physical 32405M (17212M free)
TotalPageFile size 45205M (AvailPageFile size 24610M)
current process WorkingSet (physical memory assigned to process): 2537M, peak: 2537M
current process commit charge ("private bytes"): 2897M, peak: 3003M

vm_info: OpenJDK 64-Bit Server VM (17.0.7+7) for windows-amd64 JRE (17.0.7+7), built on Apr 18 2023 22:10:42 by "temurin" with MS VC++ 16.7 (VS2019)

END.
