#
# A fatal error has been detected by the Java Runtime Environment:
#
#  EXCEPTION_ACCESS_VIOLATION (0xc0000005) at pc=0x00007ffc976f9751, pid=65204, tid=65700
#
# JRE version: OpenJDK Runtime Environment Temurin-17.0.7+7 (17.0.7+7) (build 17.0.7+7)
# Java VM: OpenJDK 64-Bit Server VM Temurin-17.0.7+7 (17.0.7+7, mixed mode, sharing, tiered, compressed oops, compressed class ptrs, g1 gc, windows-amd64)
# Problematic frame:
# C  0x00007ffc976f9751
#
# No core dump will be written. Minidumps are not enabled by default on client versions of Windows
#
# If you would like to submit a bug report, please visit:
#   https://github.com/adoptium/adoptium-support/issues
# The crash happened outside the Java Virtual Machine in native code.
# See problematic frame for where to report the bug.
#

---------------  S U M M A R Y ------------

Command Line: -Dsun.java2d.pmoffscreen=false -Dhttps.protocols=TLSv1,TLSv1.1,TLSv1.2 -Dsun.java2d.xrender=false -Dsun.java2d.d3d=false -Dsun.awt.nopixfmt=true -Dsun.java2d.dpiaware=true -Dsun.java2d.uiScale.enabled=false -Dswing.aatext=true -XX:-UsePerfData -Djdk.map.althashing.threshold=512 -XX:StringTableSize=4072 -XX:+UseStringDeduplication -XX:MaxGCPauseMillis=200 -XX:+ParallelRefProcEnabled --add-opens=java.desktop/javax.swing.plaf.synth=ALL-UNNAMED --add-opens=java.base/java.nio=ALL-UNNAMED --add-opens=java.desktop/sun.swing=ALL-UNNAMED --add-opens=java.desktop/javax.swing=ALL-UNNAMED --add-opens=java.desktop/javax.swing.tree=ALL-UNNAMED --add-opens=java.desktop/javax.swing.plaf.basic=ALL-UNNAMED --add-opens=java.desktop/javax.swing.plaf.synth=ALL-UNNAMED --add-opens=java.desktop/javax.swing.plaf.basic=ALL-UNNAMED --add-opens=java.desktop/javax.swing=ALL-UNNAMED --add-opens=java.desktop/javax.swing.tree=ALL-UNNAMED --add-opens=java.desktop/java.awt.event=ALL-UNNAMED --add-exports=java.desktop/javax.swing.plaf.synth=ALL-UNNAMED --add-exports=java.base/java.nio=ALL-UNNAMED --add-exports=java.desktop/sun.swing=ALL-UNNAMED --add-exports=java.desktop/javax.swing=ALL-UNNAMED --add-exports=java.desktop/javax.swing.tree=ALL-UNNAMED --add-exports=java.desktop/javax.swing.plaf.basic=ALL-UNNAMED --add-exports=java.desktop/sun.swing=ALL-UNNAMED --add-exports=java.desktop/sun.swing.table=ALL-UNNAMED --add-exports=java.desktop/sun.swing.plaf.synth=ALL-UNNAMED --add-exports=java.desktop/sun.awt.shell=ALL-UNNAMED --add-exports=java.base/sun.security.action=ALL-UNNAMED --add-exports=java.desktop/sun.font=ALL-UNNAMED -XX:NewSize=80m -XX:MaxNewSize=80m -Xms512m -Xmx4072m -Xss10m 

Host: 11th Gen Intel(R) Core(TM) i7-11800H @ 2.30GHz, 16 cores, 31G,  Windows 11 , 64 bit Build 26100 (10.0.26100.7920)
Time: Mon Apr 13 17:40:19 2026 Central Daylight Time elapsed time: 189.166552 seconds (0d 0h 3m 9s)

---------------  T H R E A D  ---------------

Current thread (0x000001d73fea1210):  JavaThread "AWT-EventQueue-0" [_thread_in_native, id=65700, stack(0x000000ca62700000,0x000000ca63100000)]

Stack: [0x000000ca62700000,0x000000ca63100000],  sp=0x000000ca630fa4c0,  free space=10217k
Native frames: (J=compiled Java code, j=interpreted, Vv=VM code, C=native code)
C  0x00007ffc976f9751
C  0x00007ffc976f9679
C  0x00007ffc9772ce81
C  0x00007ffc9772a506
C  0x00007ffc97790cf9
C  0x00007ffc97792d83
C  0x00007ffc977787c1
C  0x00007ffc9777883f
C  0x00007ffc977788f1
C  0x00007ffc97791f7c
C  0x00007ffc9775a82a
C  0x00007ffc9775a4d5
C  0x00007ffc977a05df
C  0x000001d74f40d621

Java frames: (J=compiled Java code, j=interpreted, Vv=VM code)
j  ui.views.waveform.waveformi.WVExecutive_getGraphicsDataSize(J)J+0
j  ui.views.waveform.executive.a.kYk()Ljava/io/ByteArrayInputStream;+10
j  ui.views.waveform.c.a.kXF()V+7
j  ui.views.waveform.c.a.jZx()V+1
j  ui.views.waveform.a.kVY()V+4
j  ui.views.waveform.a.Kp(Z)V+11
j  ui.views.waveform.u.aS(ZZ)V+30
j  ui.views.waveform.d.b.j(Lui/frmwork/a/k;)V+94
j  ui.views.waveform.u.handleTclEvent(Lui/frmwork/a/k;)V+13
J 13770 c1 ui.frmwork.a.m.c(Lui/frmwork/a/k;)V (61 bytes) @ 0x000001d749779144 [0x000001d7497787c0+0x0000000000000984]
J 13747 c1 ui.frmwork.F.i(JZ)V (471 bytes) @ 0x000001d7497460dc [0x000001d749742fa0+0x000000000000313c]
J 13749 c1 ui.frmwork.F.fireTclEvent(J)I (113 bytes) @ 0x000001d74974c17c [0x000001d74974b800+0x000000000000097c]
v  ~StubRoutines::call_stub
j  ui.views.waveform.waveformi.WVExecutive_processModelEvent(JJ)V+0
j  ui.views.waveform.executive.a.fU(J)V+5
j  ui.views.waveform.d.b.fS(J)V+8
j  ui.views.waveform.d.b.j(Lui/frmwork/a/k;)V+127
j  ui.views.waveform.u.handleTclEvent(Lui/frmwork/a/k;)V+13
J 13770 c1 ui.frmwork.a.m.c(Lui/frmwork/a/k;)V (61 bytes) @ 0x000001d749779144 [0x000001d7497787c0+0x0000000000000984]
J 13747 c1 ui.frmwork.F.i(JZ)V (471 bytes) @ 0x000001d7497460dc [0x000001d749742fa0+0x000000000000313c]
J 13749 c1 ui.frmwork.F.fireTclEvent(J)I (113 bytes) @ 0x000001d74974c17c [0x000001d74974b800+0x000000000000097c]
v  ~StubRoutines::call_stub
j  ui.views.waveform.waveformi.WVExecutive_processModelEvent(JJ)V+0
j  ui.views.waveform.executive.a.fU(J)V+5
j  ui.views.waveform.d.b.fS(J)V+8
j  ui.views.waveform.d.e.actionPerformed(Ljava/awt/event/ActionEvent;)V+8
J 10214 c1 javax.swing.Timer.fireActionPerformed(Ljava/awt/event/ActionEvent;)V java.desktop@17.0.7 (46 bytes) @ 0x000001d748d2b6bc [0x000001d748d2b3e0+0x00000000000002dc]
J 10213 c1 javax.swing.Timer$DoPostEvent.run()V java.desktop@17.0.7 (82 bytes) @ 0x000001d748d5ed1c [0x000001d748d5e7a0+0x000000000000057c]
J 14658 c2 java.awt.EventQueue.dispatchEvent(Ljava/awt/AWTEvent;)V java.desktop@17.0.7 (80 bytes) @ 0x000001d75061827c [0x000001d750617c60+0x000000000000061c]
J 17668 c2 java.awt.EventDispatchThread.pumpOneEventForFilters(I)V java.desktop@17.0.7 (113 bytes) @ 0x000001d750873f18 [0x000001d7508730e0+0x0000000000000e38]
j  java.awt.EventDispatchThread.pumpEventsForFilter(ILjava/awt/Conditional;Ljava/awt/EventFilter;)V+35 java.desktop@17.0.7
j  java.awt.EventDispatchThread.pumpEventsForFilter(Ljava/awt/Conditional;Ljava/awt/EventFilter;)V+4 java.desktop@17.0.7
j  java.awt.WaitDispatchSupport$2.run()V+59 java.desktop@17.0.7
j  java.awt.WaitDispatchSupport$4.run()Ljava/lang/Void;+4 java.desktop@17.0.7
j  java.awt.WaitDispatchSupport$4.run()Ljava/lang/Object;+1 java.desktop@17.0.7
J 14676 c2 java.security.AccessController.doPrivileged(Ljava/security/PrivilegedAction;)Ljava/lang/Object; java.base@17.0.7 (9 bytes) @ 0x000001d75061fc50 [0x000001d75061fc20+0x0000000000000030]
j  java.awt.WaitDispatchSupport.enter()Z+260 java.desktop@17.0.7
j  java.awt.Dialog.show()V+225 java.desktop@17.0.7
J 11141 c1 java.awt.Component.setVisible(Z)V java.desktop@17.0.7 (6 bytes) @ 0x000001d7492b015c [0x000001d7492aff60+0x00000000000001fc]
j  java.awt.Window.setVisible(Z)V+2 java.desktop@17.0.7
j  java.awt.Dialog.setVisible(Z)V+2 java.desktop@17.0.7
j  ui.dlg.c.e.setVisible(Z)V+2
j  ui.dlg.c.bq.bCa()V+65
j  ui.dlg.c.bq$c.actionPerformed(Ljava/awt/event/ActionEvent;)V+8
j  ui.dlg.c.bq.eTh()V+422
j  ui.views.c.w.b.a.run()V+60
j  ui.frmwork.cmd.a.hnk()Z+96
j  ui.frmwork.cmd.d.hnx()V+42
j  ui.k.z$b.actionPerformed(Ljava/awt/event/ActionEvent;)V+39
j  javax.swing.AbstractButton.fireActionPerformed(Ljava/awt/event/ActionEvent;)V+84 java.desktop@17.0.7
j  ui.utils.swing.b.B.fireActionPerformed(Ljava/awt/event/ActionEvent;)V+7
j  javax.swing.AbstractButton$Handler.actionPerformed(Ljava/awt/event/ActionEvent;)V+5 java.desktop@17.0.7
j  javax.swing.DefaultButtonModel.fireActionPerformed(Ljava/awt/event/ActionEvent;)V+34 java.desktop@17.0.7
j  javax.swing.DefaultButtonModel.setPressed(Z)V+117 java.desktop@17.0.7
j  javax.swing.plaf.basic.BasicButtonListener.mouseReleased(Ljava/awt/event/MouseEvent;)V+35 java.desktop@17.0.7
j  com.jidesoft.plaf.basic.BasicJideButtonListener.mouseReleased(Ljava/awt/event/MouseEvent;)V+61
j  java.awt.AWTEventMulticaster.mouseReleased(Ljava/awt/event/MouseEvent;)V+8 java.desktop@17.0.7
j  java.awt.AWTEventMulticaster.mouseReleased(Ljava/awt/event/MouseEvent;)V+8 java.desktop@17.0.7
j  java.awt.AWTEventMulticaster.mouseReleased(Ljava/awt/event/MouseEvent;)V+8 java.desktop@17.0.7
j  java.awt.AWTEventMulticaster.mouseReleased(Ljava/awt/event/MouseEvent;)V+8 java.desktop@17.0.7
J 17342 c1 java.awt.Component.processMouseEvent(Ljava/awt/event/MouseEvent;)V java.desktop@17.0.7 (100 bytes) @ 0x000001d74896701c [0x000001d748966ba0+0x000000000000047c]
J 17380 c1 javax.swing.JComponent.processMouseEvent(Ljava/awt/event/MouseEvent;)V java.desktop@17.0.7 (27 bytes) @ 0x000001d7493210f4 [0x000001d749320ee0+0x0000000000000214]
J 18168 c2 java.awt.Container.processEvent(Ljava/awt/AWTEvent;)V java.desktop@17.0.7 (22 bytes) @ 0x000001d75091bfd4 [0x000001d75091bec0+0x0000000000000114]
J 17753 c1 java.awt.Component.dispatchEventImpl(Ljava/awt/AWTEvent;)V java.desktop@17.0.7 (777 bytes) @ 0x000001d7495161ec [0x000001d749512640+0x0000000000003bac]
J 16006 c2 java.awt.Container.dispatchEventImpl(Ljava/awt/AWTEvent;)V java.desktop@17.0.7 (129 bytes) @ 0x000001d7506da6f8 [0x000001d7506da6a0+0x0000000000000058]
J 16418 c2 java.awt.LightweightDispatcher.retargetMouseEvent(Ljava/awt/Component;ILjava/awt/event/MouseEvent;)V java.desktop@17.0.7 (372 bytes) @ 0x000001d750768a84 [0x000001d750768640+0x0000000000000444]
J 13962 c1 java.awt.LightweightDispatcher.processMouseEvent(Ljava/awt/event/MouseEvent;)Z java.desktop@17.0.7 (265 bytes) @ 0x000001d7488b04a4 [0x000001d7488af4a0+0x0000000000001004]
J 16006 c2 java.awt.Container.dispatchEventImpl(Ljava/awt/AWTEvent;)V java.desktop@17.0.7 (129 bytes) @ 0x000001d7506daa94 [0x000001d7506da6a0+0x00000000000003f4]
J 13230 c1 java.awt.Window.dispatchEventImpl(Ljava/awt/AWTEvent;)V java.desktop@17.0.7 (23 bytes) @ 0x000001d748e1a314 [0x000001d748e19d00+0x0000000000000614]
J 17227 c2 java.awt.EventQueue$4.run()Ljava/lang/Object; java.desktop@17.0.7 (5 bytes) @ 0x000001d75022d438 [0x000001d75022cfe0+0x0000000000000458]
J 14658 c2 java.awt.EventQueue.dispatchEvent(Ljava/awt/AWTEvent;)V java.desktop@17.0.7 (80 bytes) @ 0x000001d75061861c [0x000001d750617c60+0x00000000000009bc]
J 17668 c2 java.awt.EventDispatchThread.pumpOneEventForFilters(I)V java.desktop@17.0.7 (113 bytes) @ 0x000001d750873f18 [0x000001d7508730e0+0x0000000000000e38]
j  java.awt.EventDispatchThread.pumpEventsForFilter(ILjava/awt/Conditional;Ljava/awt/EventFilter;)V+35 java.desktop@17.0.7
j  java.awt.EventDispatchThread.pumpEventsForHierarchy(ILjava/awt/Conditional;Ljava/awt/Component;)V+11 java.desktop@17.0.7
j  java.awt.EventDispatchThread.pumpEvents(ILjava/awt/Conditional;)V+4 java.desktop@17.0.7
j  java.awt.EventDispatchThread.pumpEvents(Ljava/awt/Conditional;)V+3 java.desktop@17.0.7
j  java.awt.EventDispatchThread.run()V+9 java.desktop@17.0.7
v  ~StubRoutines::call_stub

siginfo: EXCEPTION_ACCESS_VIOLATION (0xc0000005), reading address 0x0000000000000058


Register to memory mapping:

RIP=0x00007ffc976f9751 points into unknown readable memory: 41 ff 52 58 48 8b 06
RAX=0x000001d708845b58 points into unknown readable memory: 0x0000000000000000 | 00 00 00 00 00 00 00 00
RBX=0x000001d7080fcd10 points into unknown readable memory: 0x00007ffc97938af0 | f0 8a 93 97 fc 7f 00 00
RCX=0x000001d708845b58 points into unknown readable memory: 0x0000000000000000 | 00 00 00 00 00 00 00 00
RDX=0x000001d7080fcd10 points into unknown readable memory: 0x00007ffc97938af0 | f0 8a 93 97 fc 7f 00 00
RSP=0x000000ca630fa4c0 is pointing into the stack for thread: 0x000001d73fea1210
RBP=0x000000ca630fa530 is pointing into the stack for thread: 0x000001d73fea1210
RSI=0x000001d7771dbca0 points into unknown readable memory: 0x00007ffc97967c70 | 70 7c 96 97 fc 7f 00 00
RDI=0x000000ca630fa650 is pointing into the stack for thread: 0x000001d73fea1210
R8 =0x0 is NULL
R9 =0x00000000000c3501 is an unknown value
R10=0x0 is NULL
R11=0x000000ca630fa4d0 is pointing into the stack for thread: 0x000001d73fea1210
R12=0x000001d7080fcd10 points into unknown readable memory: 0x00007ffc97938af0 | f0 8a 93 97 fc 7f 00 00
R13=0x000001d708e39380 points into unknown readable memory: 0x00007ffc9796c340 | 40 c3 96 97 fc 7f 00 00
R14=0x0 is NULL
R15=0x000000ca630fa6a0 is pointing into the stack for thread: 0x000001d73fea1210


Registers:
RAX=0x000001d708845b58, RBX=0x000001d7080fcd10, RCX=0x000001d708845b58, RDX=0x000001d7080fcd10
RSP=0x000000ca630fa4c0, RBP=0x000000ca630fa530, RSI=0x000001d7771dbca0, RDI=0x000000ca630fa650
R8 =0x0000000000000000, R9 =0x00000000000c3501, R10=0x0000000000000000, R11=0x000000ca630fa4d0
R12=0x000001d7080fcd10, R13=0x000001d708e39380, R14=0x0000000000000000, R15=0x000000ca630fa6a0
RIP=0x00007ffc976f9751, EFLAGS=0x0000000000010202

Top of Stack: (sp=0x000000ca630fa4c0)
0x000000ca630fa4c0:   000001d7080fcd10 000001d7771dbca0
0x000000ca630fa4d0:   000000ca630fa6a0 0000000000000000
0x000000ca630fa4e0:   000000000000080d 000000ca630fa6a0
0x000000ca630fa4f0:   000000ca630fa650 00007ffc976f8f7b
0x000000ca630fa500:   fffffffffffffffe 00007ffc976f8717
0x000000ca630fa510:   000000ca630fa650 00007ffe0a3b5936
0x000000ca630fa520:   000000ca00000000 000001d708e39380
0x000000ca630fa530:   00000000000c3501 00007ffc976f9679
0x000000ca630fa540:   000001d708e39380 000000ca630fa650
0x000000ca630fa550:   000001d77038d8c8 0000000000000000
0x000000ca630fa560:   00000000000c3501 000000000000080d
0x000000ca630fa570:   000000ca630fa6a0 00007ffe0a3b4801
0x000000ca630fa580:   000000ca630fa650 000000ca630fa5f0
0x000000ca630fa590:   000001d70647ad70 000001d708e39380
0x000000ca630fa5a0:   000000ca630fa702 0000000000000000
0x000000ca630fa5b0:   000001d73ff5d2e0 0000d962b81231b7 

Instructions: (pc=0x00007ffc976f9751)
0x00007ffc976f9651:   c0 88 4c 24 38 49 8b d4 48 8b 8c 24 e0 00 00 00
0x00007ffc976f9661:   4c 89 7c 24 30 48 89 4c 24 28 48 8b 4f 10 48 89
0x00007ffc976f9671:   6c 24 20 e8 67 00 00 00 48 8b 4c 24 78 48 33 cc
0x00007ffc976f9681:   e8 8a fd 15 00 48 81 c4 80 00 00 00 41 5f 41 5e
0x00007ffc976f9691:   41 5c 5f 5e 5d 5b c3 4c 8d 0d f1 eb 26 00 c7 44
0x00007ffc976f96a1:   24 20 57 05 00 00 4c 8d 05 62 ff 26 00 48 8d 15
0x00007ffc976f96b1:   1b 95 24 00 48 8d 4c 24 50 e8 91 09 0b 00 48 8d
0x00007ffc976f96c1:   15 f2 1c 37 00 48 8d 4c 24 50 e8 6c 0f 16 00 cc
0x00007ffc976f96d1:   cc cc cc cc cc cc cc cc cc cc cc cc cc cc cc 48
0x00007ffc976f96e1:   8b c4 55 48 8b ec 48 83 ec 70 48 c7 45 d0 fe ff
0x00007ffc976f96f1:   ff ff 48 89 58 08 48 89 70 10 48 89 78 18 4c 89
0x00007ffc976f9701:   70 20 4d 8b f1 49 8b f0 48 8b da 48 8b 7d 50 48
0x00007ffc976f9711:   8b cf e8 48 8e f3 ff 48 85 db 0f 84 f2 00 00 00
0x00007ffc976f9721:   48 8b 06 48 8b ce ff 50 40 4c 8b 10 48 89 7c 24
0x00007ffc976f9731:   30 48 8b 4d 40 48 89 4c 24 28 48 8b 4d 38 48 89
0x00007ffc976f9741:   4c 24 20 4c 8b 4d 30 4d 8b c6 48 8b d3 48 8b c8
0x00007ffc976f9751:   41 ff 52 58 48 8b 06 48 8b ce ff 50 50 48 8b f0
0x00007ffc976f9761:   33 db 38 5d 48 74 3a 8b cb 4c 8b 07 48 8b 57 08
0x00007ffc976f9771:   49 2b d0 48 c1 fa 05 48 85 d2 74 25 8b c3 90 48
0x00007ffc976f9781:   c1 e0 05 4a 39 34 00 7d 0b ff c1 8b c1 48 3b c2
0x00007ffc976f9791:   72 ed eb 0d 8b d1 4c 8b c7 48 8b cf e8 5e 73 ff
0x00007ffc976f97a1:   ff 48 3b 75 30 0f 8d c5 00 00 00 33 c0 48 89 45
0x00007ffc976f97b1:   e0 48 89 5d d8 89 5d e0 48 89 5d e8 4c 8b f3 48
0x00007ffc976f97c1:   89 5d f0 48 8b 57 08 48 39 57 10 74 1b 0f 10 45
0x00007ffc976f97d1:   d8 0f 11 02 48 8d 4a 10 48 8d 55 e8 e8 1e 80 f1
0x00007ffc976f97e1:   ff 48 83 47 08 20 eb 13 4c 8d 45 d8 48 8b cf e8
0x00007ffc976f97f1:   db 71 f1 ff 4c 8b 75 f0 8b 5d ec 83 fb 07 75 08
0x00007ffc976f9801:   49 8b ce e8 37 f8 15 00 48 8b 47 08 48 89 70 e0
0x00007ffc976f9811:   eb 5e 33 c0 48 89 45 e0 33 db 48 89 5d d8 89 5d
0x00007ffc976f9821:   e0 48 89 5d e8 8b f3 48 89 5d f0 48 8b 57 08 48
0x00007ffc976f9831:   39 57 10 74 1b 0f 10 45 d8 0f 11 02 48 8d 4a 10
0x00007ffc976f9841:   48 8d 55 e8 e8 b6 7f f1 ff 48 83 47 08 20 eb 13 


Stack slot to memory mapping:
stack at sp + 0 slots: 0x000001d7080fcd10 points into unknown readable memory: 0x00007ffc97938af0 | f0 8a 93 97 fc 7f 00 00
stack at sp + 1 slots: 0x000001d7771dbca0 points into unknown readable memory: 0x00007ffc97967c70 | 70 7c 96 97 fc 7f 00 00
stack at sp + 2 slots: 0x000000ca630fa6a0 is pointing into the stack for thread: 0x000001d73fea1210
stack at sp + 3 slots: 0x0 is NULL
stack at sp + 4 slots: 0x000000000000080d is an unknown value
stack at sp + 5 slots: 0x000000ca630fa6a0 is pointing into the stack for thread: 0x000001d73fea1210
stack at sp + 6 slots: 0x000000ca630fa650 is pointing into the stack for thread: 0x000001d73fea1210
stack at sp + 7 slots: 0x00007ffc976f8f7b points into unknown readable memory: 48 8b f8 48 8b


---------------  P R O C E S S  ---------------

Threads class SMR info:
_java_thread_list=0x000001d770237830, length=48, elements={
0x000001d73f7b1990, 0x000001d73fe7c1e0, 0x000001d73fe7c6b0, 0x000001d73fe96d80,
0x000001d73fe9e2f0, 0x000001d73fea2ef0, 0x000001d73fea2a20, 0x000001d73feab8c0,
0x000001d73feabdd0, 0x000001d73fec2120, 0x000001d73fea0870, 0x000001d73fea16e0,
0x000001d73fea3890, 0x000001d73fea0d40, 0x000001d73fea33c0, 0x000001d73fea2080,
0x000001d73fea1210, 0x000001d73fea2550, 0x000001d73fea1bb0, 0x000001d7688aa060,
0x000001d7688acbb0, 0x000001d73fea3d60, 0x000001d73fea4230, 0x000001d76c6b1870,
0x000001d76c6b0530, 0x000001d76b7a6540, 0x000001d771127ad0, 0x000001d778b1b160,
0x000001d778b19950, 0x000001d778b1ac90, 0x000001d778b177a0, 0x000001d778b1b630,
0x000001d778b17c70, 0x000001d778b1bb00, 0x000001d778b1bfd0, 0x000001d76aa218a0,
0x000001d76aa230b0, 0x000001d76aa22710, 0x000001d76aa265a0, 0x000001d76aa295c0,
0x000001d76aa2b770, 0x000001d76aa28750, 0x000001d76aa28c20, 0x000001d76aa2a430,
0x000001d76aa27db0, 0x000001d76aa2cab0, 0x000001d76aa27410, 0x000001d76aa2d920
}

Java Threads: ( => current thread )
  0x000001d73f7b1990 JavaThread "main" [_thread_blocked, id=56768, stack(0x000000ca59700000,0x000000ca59800000)]
  0x000001d73fe7c1e0 JavaThread "Reference Handler" daemon [_thread_blocked, id=59512, stack(0x000000ca59f00000,0x000000ca5a900000)]
  0x000001d73fe7c6b0 JavaThread "Finalizer" daemon [_thread_blocked, id=32696, stack(0x000000ca5a900000,0x000000ca5b300000)]
  0x000001d73fe96d80 JavaThread "Signal Dispatcher" daemon [_thread_blocked, id=66252, stack(0x000000ca5b300000,0x000000ca5bd00000)]
  0x000001d73fe9e2f0 JavaThread "Attach Listener" daemon [_thread_blocked, id=51036, stack(0x000000ca5bd00000,0x000000ca5c700000)]
  0x000001d73fea2ef0 JavaThread "Service Thread" daemon [_thread_blocked, id=64556, stack(0x000000ca5c700000,0x000000ca5d100000)]
  0x000001d73fea2a20 JavaThread "Monitor Deflation Thread" daemon [_thread_blocked, id=33040, stack(0x000000ca5d100000,0x000000ca5db00000)]
  0x000001d73feab8c0 JavaThread "C2 CompilerThread0" daemon [_thread_blocked, id=36808, stack(0x000000ca5db00000,0x000000ca5dc00000)]
  0x000001d73feabdd0 JavaThread "C1 CompilerThread0" daemon [_thread_blocked, id=27904, stack(0x000000ca5dc00000,0x000000ca5dd00000)]
  0x000001d73fec2120 JavaThread "Sweeper thread" daemon [_thread_blocked, id=60548, stack(0x000000ca5dd00000,0x000000ca5e700000)]
  0x000001d73fea0870 JavaThread "Common-Cleaner" daemon [_thread_blocked, id=49228, stack(0x000000ca5ea00000,0x000000ca5f400000)]
  0x000001d73fea16e0 JavaThread "Notification Thread" daemon [_thread_blocked, id=64484, stack(0x000000ca5f400000,0x000000ca5fe00000)]
  0x000001d73fea3890 JavaThread "Java2D Disposer" daemon [_thread_blocked, id=66056, stack(0x000000ca5ff00000,0x000000ca60900000)]
  0x000001d73fea0d40 JavaThread "AWT-Windows" daemon [_thread_in_native, id=65372, stack(0x000000ca61300000,0x000000ca61d00000)]
  0x000001d73fea33c0 JavaThread "TimerQueue" daemon [_thread_blocked, id=65816, stack(0x000000ca60900000,0x000000ca61300000)]
  0x000001d73fea2080 JavaThread "AWT-Shutdown" [_thread_blocked, id=53112, stack(0x000000ca61d00000,0x000000ca62700000)]
=>0x000001d73fea1210 JavaThread "AWT-EventQueue-0" [_thread_in_native, id=65700, stack(0x000000ca62700000,0x000000ca63100000)]
  0x000001d73fea2550 JavaThread "Thread-1" [_thread_in_native, id=65476, stack(0x000000ca57d00000,0x000000ca59100000)]
  0x000001d73fea1bb0 JavaThread "Process Messages Thread" [_thread_blocked, id=65660, stack(0x000000ca65800000,0x000000ca66200000)]
  0x000001d7688aa060 JavaThread "Batik CleanerThread" daemon [_thread_blocked, id=13588, stack(0x000000ca64a00000,0x000000ca65400000)]
  0x000001d7688acbb0 JavaThread "SyntheticaCleanerThread" daemon [_thread_blocked, id=9644, stack(0x000000ca66e00000,0x000000ca67800000)]
  0x000001d73fea3d60 JavaThread "Timer-0" [_thread_blocked, id=45580, stack(0x000000ca68200000,0x000000ca68c00000)]
  0x000001d73fea4230 JavaThread "Monitor File Timestamp Swing Worker Thread" [_thread_blocked, id=48520, stack(0x000000ca68c00000,0x000000ca69600000)]
  0x000001d76c6b1870 JavaThread "Monitor HEventQueue Thread" [_thread_blocked, id=65268, stack(0x000000ca66200000,0x000000ca66c00000)]
  0x000001d76c6b0530 JavaThread "SyntheticaAnimation 50" daemon [_thread_blocked, id=46420, stack(0x000000ca69600000,0x000000ca6a000000)]
  0x000001d76b7a6540 JavaThread "SyntheticaAnimation 25" daemon [_thread_blocked, id=49052, stack(0x000000ca6a000000,0x000000ca6aa00000)]
  0x000001d771127ad0 JavaThread "SyntheticaAnimation 70" daemon [_thread_blocked, id=40952, stack(0x000000ca6be00000,0x000000ca6c800000)]
  0x000001d778b1b160 JavaThread "Refresh Filesets Swing Worker Thread" [_thread_blocked, id=55024, stack(0x000000ca67800000,0x000000ca68200000)]
  0x000001d778b19950 JavaThread "hw_ila_monitor" [_thread_blocked, id=62028, stack(0x000000ca6aa00000,0x000000ca6b400000)]
  0x000001d778b1ac90 JavaThread "pool-1-thread-1" [_thread_blocked, id=50596, stack(0x000000ca6dc00000,0x000000ca6e600000)]
  0x000001d778b177a0 JavaThread "Timer-1" [_thread_blocked, id=65388, stack(0x000000ca6e600000,0x000000ca6f000000)]
  0x000001d778b1b630 JavaThread "pool-2-thread-1" [_thread_blocked, id=37604, stack(0x000000ca6f000000,0x000000ca6fa00000)]
  0x000001d778b17c70 JavaThread "Timer-2" [_thread_blocked, id=43980, stack(0x000000ca6fa00000,0x000000ca70400000)]
  0x000001d778b1bb00 JavaThread "pool-3-thread-1" [_thread_blocked, id=38508, stack(0x000000ca70400000,0x000000ca70e00000)]
  0x000001d778b1bfd0 JavaThread "Timer-3" [_thread_blocked, id=65012, stack(0x000000ca70e00000,0x000000ca71800000)]
  0x000001d76aa218a0 JavaThread "Update Runs Swing Worker Thread" [_thread_blocked, id=55364, stack(0x000000ca72200000,0x000000ca72c00000)]
  0x000001d76aa230b0 JavaThread "Image Animator 3" daemon [_thread_blocked, id=54296, stack(0x000000ca6c800000,0x000000ca6d200000)]
  0x000001d76aa22710 JavaThread "Timer-4" [_thread_blocked, id=53628, stack(0x000000ca6d200000,0x000000ca6dc00000)]
  0x000001d76aa265a0 JavaThread "Monitor File Timestamp Swing Worker Thread" [_thread_blocked, id=38432, stack(0x000000ca71800000,0x000000ca72200000)]
  0x000001d76aa295c0 JavaThread "SyntheticaAnimation 50" daemon [_thread_blocked, id=20520, stack(0x000000ca74000000,0x000000ca74a00000)]
  0x000001d76aa2b770 JavaThread "Timer-7" [_thread_blocked, id=57956, stack(0x000000ca74a00000,0x000000ca75400000)]
  0x000001d76aa28750 JavaThread "Monitor File Timestamp Swing Worker Thread" [_thread_blocked, id=65852, stack(0x000000ca76800000,0x000000ca77200000)]
  0x000001d76aa28c20 JavaThread "Timer-8" [_thread_blocked, id=66092, stack(0x000000ca72c00000,0x000000ca73600000)]
  0x000001d76aa2a430 JavaThread "Monitor File Timestamp Swing Worker Thread" [_thread_blocked, id=17688, stack(0x000000ca73600000,0x000000ca74000000)]
  0x000001d76aa27db0 JavaThread "Timer-9" [_thread_blocked, id=36192, stack(0x000000ca75400000,0x000000ca75e00000)]
  0x000001d76aa2cab0 JavaThread "Monitor File Timestamp Swing Worker Thread" [_thread_blocked, id=51176, stack(0x000000ca75e00000,0x000000ca76800000)]
  0x000001d76aa27410 JavaThread "Code Inspector Thread" [_thread_in_native, id=36960, stack(0x000000ca6b400000,0x000000ca6be00000)]
  0x000001d76aa2d920 JavaThread "Relaunch Simulation Thread" [_thread_blocked, id=7916, stack(0x000000ca77200000,0x000000ca77c00000)]

Other Threads:
  0x000001d73fe77fb0 VMThread "VM Thread" [stack: 0x000000ca59e00000,0x000000ca59f00000] [id=62048]
  0x000001d73fc54580 WatcherThread [stack: 0x000000ca5fe00000,0x000000ca5ff00000] [id=46168]
  0x000001d73d064bf0 GCTaskThread "GC Thread#0" [stack: 0x000000ca59800000,0x000000ca59900000] [id=34588]
  0x000001d73d068f20 GCTaskThread "GC Thread#1" [stack: 0x000000ca63100000,0x000000ca63200000] [id=65584]
  0x000001d73d065960 GCTaskThread "GC Thread#2" [stack: 0x000000ca63200000,0x000000ca63300000] [id=62388]
  0x000001d73d067c50 GCTaskThread "GC Thread#3" [stack: 0x000000ca63300000,0x000000ca63400000] [id=64504]
  0x000001d73d069480 GCTaskThread "GC Thread#4" [stack: 0x000000ca63400000,0x000000ca63500000] [id=8696]
  0x000001d73d067f00 GCTaskThread "GC Thread#5" [stack: 0x000000ca63500000,0x000000ca63600000] [id=51836]
  0x000001d73d066170 GCTaskThread "GC Thread#6" [stack: 0x000000ca63600000,0x000000ca63700000] [id=55000]
  0x000001d73d0689c0 GCTaskThread "GC Thread#7" [stack: 0x000000ca63700000,0x000000ca63800000] [id=51772]
  0x000001d73d066420 GCTaskThread "GC Thread#8" [stack: 0x000000ca63800000,0x000000ca63900000] [id=63504]
  0x000001d73d068710 GCTaskThread "GC Thread#9" [stack: 0x000000ca63900000,0x000000ca63a00000] [id=38964]
  0x000001d73d0656b0 GCTaskThread "GC Thread#10" [stack: 0x000000ca63a00000,0x000000ca63b00000] [id=55828]
  0x000001d73d0691d0 GCTaskThread "GC Thread#11" [stack: 0x000000ca63b00000,0x000000ca63c00000] [id=54756]
  0x000001d73d069730 GCTaskThread "GC Thread#12" [stack: 0x000000ca63c00000,0x000000ca63d00000] [id=66224]
  0x000001d73d6c9500 ConcurrentGCThread "G1 Main Marker" [stack: 0x000000ca59900000,0x000000ca59a00000] [id=54724]
  0x000001d73d064ea0 ConcurrentGCThread "G1 Conc#0" [stack: 0x000000ca59a00000,0x000000ca59b00000] [id=62496]
  0x000001d73d065ec0 ConcurrentGCThread "G1 Conc#1" [stack: 0x000000ca63e00000,0x000000ca63f00000] [id=65408]
  0x000001d73d069f40 ConcurrentGCThread "G1 Conc#2" [stack: 0x000000ca64900000,0x000000ca64a00000] [id=58812]
  0x000001d73d89cd40 ConcurrentGCThread "G1 Refine#0" [stack: 0x000000ca59b00000,0x000000ca59c00000] [id=64892]
  0x000001d73c4ac020 ConcurrentGCThread "G1 Service" [stack: 0x000000ca59c00000,0x000000ca59d00000] [id=34832]
  0x000001d73d065400 ConcurrentGCThread "StringDedupProcessor" [stack: 0x000000ca59d00000,0x000000ca59e00000] [id=38156]

Threads with active compile tasks:

VM state: not at safepoint (normal execution)

VM Mutex/Monitor currently owned by a thread: None

Heap address: 0x0000000701800000, size: 4072 MB, Compressed Oops mode: Zero based, Oop shift amount: 3

CDS archive(s) mapped at: [0x0000000800000000-0x0000000800bc0000-0x0000000800bc0000), size 12320768, SharedBaseAddress: 0x0000000800000000, ArchiveRelocationMode: 0.
Compressed class space mapped at: 0x0000000801000000-0x0000000841000000, reserved size: 1073741824
Narrow klass base: 0x0000000800000000, Narrow klass shift: 0, Narrow klass range: 0x100000000

GC Precious Log:
 CPUs: 16 total, 16 available
 Memory: 32405M
 Large Page Support: Disabled
 NUMA Support: Disabled
 Compressed Oops: Enabled (Zero based)
 Heap Region Size: 2M
 Heap Min Capacity: 512M
 Heap Initial Capacity: 512M
 Heap Max Capacity: 4072M
 Pre-touch: Disabled
 Parallel Workers: 13
 Concurrent Workers: 3
 Concurrent Refinement Workers: 13
 Periodic GC: Disabled
 String Deduplication is enabled

Heap:
 garbage-first heap   total 524288K, used 132561K [0x0000000701800000, 0x0000000800000000)
  region size 2048K, 26 young (53248K), 1 survivors (2048K)
 Metaspace       used 83580K, committed 84288K, reserved 1179648K
  class space    used 11566K, committed 11904K, reserved 1048576K

Heap Regions: E=young(eden), S=young(survivor), O=old, HS=humongous(starts), HC=humongous(continues), CS=collection set, F=free, OA=open archive, CA=closed archive, TAMS=top-at-mark-start (previous, next)
|   0|0x0000000701800000, 0x0000000701a00000, 0x0000000701a00000|100%|HS|  |TAMS 0x0000000701a00000, 0x0000000701800000| Untracked 
|   1|0x0000000701a00000, 0x0000000701c00000, 0x0000000701c00000|100%| O|  |TAMS 0x0000000701c00000, 0x0000000701a00000| Untracked 
|   2|0x0000000701c00000, 0x0000000701dfffe8, 0x0000000701e00000| 99%| O|  |TAMS 0x0000000701dfffe8, 0x0000000701c00000| Untracked 
|   3|0x0000000701e00000, 0x0000000701fffff0, 0x0000000702000000| 99%| O|  |TAMS 0x0000000701fffff0, 0x0000000701e00000| Untracked 
|   4|0x0000000702000000, 0x00000007021fffe8, 0x0000000702200000| 99%| O|  |TAMS 0x00000007021fffe8, 0x0000000702000000| Untracked 
|   5|0x0000000702200000, 0x00000007023fffd8, 0x0000000702400000| 99%| O|  |TAMS 0x00000007023fffd8, 0x0000000702200000| Untracked 
|   6|0x0000000702400000, 0x00000007025fdb00, 0x0000000702600000| 99%| O|  |TAMS 0x00000007025fdb00, 0x0000000702400000| Untracked 
|   7|0x0000000702600000, 0x0000000702800000, 0x0000000702800000|100%| O|  |TAMS 0x0000000702800000, 0x0000000702600000| Untracked 
|   8|0x0000000702800000, 0x0000000702a00000, 0x0000000702a00000|100%| O|  |TAMS 0x0000000702a00000, 0x0000000702800000| Untracked 
|   9|0x0000000702a00000, 0x0000000702bffff0, 0x0000000702c00000| 99%| O|  |TAMS 0x0000000702bffff0, 0x0000000702a00000| Untracked 
|  10|0x0000000702c00000, 0x0000000702dff890, 0x0000000702e00000| 99%| O|  |TAMS 0x0000000702dff890, 0x0000000702c00000| Untracked 
|  11|0x0000000702e00000, 0x0000000702fffff8, 0x0000000703000000| 99%| O|  |TAMS 0x0000000702fffff8, 0x0000000702e00000| Untracked 
|  12|0x0000000703000000, 0x00000007031ffff8, 0x0000000703200000| 99%| O|  |TAMS 0x00000007031ffff8, 0x0000000703000000| Untracked 
|  13|0x0000000703200000, 0x0000000703400000, 0x0000000703400000|100%| O|  |TAMS 0x0000000703400000, 0x0000000703200000| Untracked 
|  14|0x0000000703400000, 0x00000007035ffff8, 0x0000000703600000| 99%| O|  |TAMS 0x00000007035ffff8, 0x0000000703400000| Untracked 
|  15|0x0000000703600000, 0x00000007037fffe8, 0x0000000703800000| 99%| O|  |TAMS 0x00000007037fffe8, 0x0000000703600000| Untracked 
|  16|0x0000000703800000, 0x00000007039ffff8, 0x0000000703a00000| 99%| O|  |TAMS 0x00000007039ffff8, 0x0000000703800000| Untracked 
|  17|0x0000000703a00000, 0x0000000703c00000, 0x0000000703c00000|100%|HS|  |TAMS 0x0000000703c00000, 0x0000000703a00000| Untracked 
|  18|0x0000000703c00000, 0x0000000703e00000, 0x0000000703e00000|100%|HC|  |TAMS 0x0000000703e00000, 0x0000000703c00000| Untracked 
|  19|0x0000000703e00000, 0x0000000704000000, 0x0000000704000000|100%|HC|  |TAMS 0x0000000704000000, 0x0000000703e00000| Untracked 
|  20|0x0000000704000000, 0x0000000704200000, 0x0000000704200000|100%|HC|  |TAMS 0x0000000704200000, 0x0000000704000000| Untracked 
|  21|0x0000000704200000, 0x0000000704400000, 0x0000000704400000|100%|HC|  |TAMS 0x0000000704400000, 0x0000000704200000| Untracked 
|  22|0x0000000704400000, 0x0000000704600000, 0x0000000704600000|100%|HC|  |TAMS 0x0000000704600000, 0x0000000704400000| Untracked 
|  23|0x0000000704600000, 0x00000007047ff7b0, 0x0000000704800000| 99%| O|  |TAMS 0x00000007047ff7b0, 0x0000000704600000| Untracked 
|  24|0x0000000704800000, 0x00000007049ffff0, 0x0000000704a00000| 99%| O|  |TAMS 0x00000007049ffff0, 0x0000000704800000| Untracked 
|  25|0x0000000704a00000, 0x0000000704bffff8, 0x0000000704c00000| 99%| O|  |TAMS 0x0000000704bffff8, 0x0000000704a00000| Untracked 
|  26|0x0000000704c00000, 0x0000000704db9ad8, 0x0000000704e00000| 86%| O|  |TAMS 0x0000000704c00000, 0x0000000704c00000| Untracked 
|  27|0x0000000704e00000, 0x0000000705000000, 0x0000000705000000|100%|HS|  |TAMS 0x0000000705000000, 0x0000000704e00000| Untracked 
|  28|0x0000000705000000, 0x0000000705200000, 0x0000000705200000|100%|HC|  |TAMS 0x0000000705200000, 0x0000000705000000| Untracked 
|  29|0x0000000705200000, 0x0000000705400000, 0x0000000705400000|100%|HC|  |TAMS 0x0000000705400000, 0x0000000705200000| Untracked 
|  30|0x0000000705400000, 0x0000000705600000, 0x0000000705600000|100%|HC|  |TAMS 0x0000000705600000, 0x0000000705400000| Untracked 
|  31|0x0000000705600000, 0x00000007057fffd0, 0x0000000705800000| 99%| O|  |TAMS 0x00000007057fffd0, 0x0000000705600000| Untracked 
|  32|0x0000000705800000, 0x00000007059facd0, 0x0000000705a00000| 98%| O|  |TAMS 0x00000007059facd0, 0x0000000705800000| Untracked 
|  33|0x0000000705a00000, 0x0000000705b2dab8, 0x0000000705c00000| 58%| O|  |TAMS 0x0000000705a00000, 0x0000000705a00000| Untracked 
|  34|0x0000000705c00000, 0x0000000705d4cb48, 0x0000000705e00000| 64%| O|  |TAMS 0x0000000705c00000, 0x0000000705c00000| Untracked 
|  35|0x0000000705e00000, 0x0000000705fffff0, 0x0000000706000000| 99%| O|  |TAMS 0x0000000705fffff0, 0x0000000705e00000| Untracked 
|  36|0x0000000706000000, 0x00000007061196f0, 0x0000000706200000| 54%| O|  |TAMS 0x0000000706000000, 0x0000000706000000| Untracked 
|  37|0x0000000706200000, 0x000000070631efc0, 0x0000000706400000| 56%| O|  |TAMS 0x0000000706200000, 0x0000000706200000| Untracked 
|  38|0x0000000706400000, 0x00000007065bf210, 0x0000000706600000| 87%| O|  |TAMS 0x0000000706400000, 0x0000000706400000| Untracked 
|  39|0x0000000706600000, 0x000000070665bd38, 0x0000000706800000| 17%| O|  |TAMS 0x0000000706600000, 0x0000000706600000| Untracked 
|  40|0x0000000706800000, 0x0000000706a00000, 0x0000000706a00000|100%|HS|  |TAMS 0x0000000706a00000, 0x0000000706800000| Untracked 
|  41|0x0000000706a00000, 0x0000000706a00000, 0x0000000706c00000|  0%| F|  |TAMS 0x0000000706a00000, 0x0000000706a00000| Untracked 
|  42|0x0000000706c00000, 0x0000000706c00000, 0x0000000706e00000|  0%| F|  |TAMS 0x0000000706c00000, 0x0000000706c00000| Untracked 
|  43|0x0000000706e00000, 0x0000000706e00000, 0x0000000707000000|  0%| F|  |TAMS 0x0000000706e00000, 0x0000000706e00000| Untracked 
|  44|0x0000000707000000, 0x0000000707000000, 0x0000000707200000|  0%| F|  |TAMS 0x0000000707000000, 0x0000000707000000| Untracked 
|  45|0x0000000707200000, 0x0000000707200000, 0x0000000707400000|  0%| F|  |TAMS 0x0000000707200000, 0x0000000707200000| Untracked 
|  46|0x0000000707400000, 0x0000000707400000, 0x0000000707600000|  0%| F|  |TAMS 0x0000000707400000, 0x0000000707400000| Untracked 
|  47|0x0000000707600000, 0x0000000707600000, 0x0000000707800000|  0%| F|  |TAMS 0x0000000707600000, 0x0000000707600000| Untracked 
|  48|0x0000000707800000, 0x0000000707800000, 0x0000000707a00000|  0%| F|  |TAMS 0x0000000707800000, 0x0000000707800000| Untracked 
|  49|0x0000000707a00000, 0x0000000707a00000, 0x0000000707c00000|  0%| F|  |TAMS 0x0000000707a00000, 0x0000000707a00000| Untracked 
|  50|0x0000000707c00000, 0x0000000707c00000, 0x0000000707e00000|  0%| F|  |TAMS 0x0000000707c00000, 0x0000000707c00000| Untracked 
|  51|0x0000000707e00000, 0x0000000707e00000, 0x0000000708000000|  0%| F|  |TAMS 0x0000000707e00000, 0x0000000707e00000| Untracked 
|  52|0x0000000708000000, 0x0000000708000000, 0x0000000708200000|  0%| F|  |TAMS 0x0000000708000000, 0x0000000708000000| Untracked 
|  53|0x0000000708200000, 0x0000000708200000, 0x0000000708400000|  0%| F|  |TAMS 0x0000000708200000, 0x0000000708200000| Untracked 
|  54|0x0000000708400000, 0x0000000708400000, 0x0000000708600000|  0%| F|  |TAMS 0x0000000708400000, 0x0000000708400000| Untracked 
|  55|0x0000000708600000, 0x00000007087994b0, 0x0000000708800000| 79%| O|  |TAMS 0x0000000708600000, 0x0000000708600000| Untracked 
|  56|0x0000000708800000, 0x0000000708800000, 0x0000000708a00000|  0%| F|  |TAMS 0x0000000708800000, 0x0000000708800000| Untracked 
|  57|0x0000000708a00000, 0x0000000708a00000, 0x0000000708c00000|  0%| F|  |TAMS 0x0000000708a00000, 0x0000000708a00000| Untracked 
|  58|0x0000000708c00000, 0x0000000708c00000, 0x0000000708e00000|  0%| F|  |TAMS 0x0000000708c00000, 0x0000000708c00000| Untracked 
|  59|0x0000000708e00000, 0x0000000708e00000, 0x0000000709000000|  0%| F|  |TAMS 0x0000000708e00000, 0x0000000708e00000| Untracked 
|  60|0x0000000709000000, 0x0000000709000000, 0x0000000709200000|  0%| F|  |TAMS 0x0000000709000000, 0x0000000709000000| Untracked 
|  61|0x0000000709200000, 0x0000000709200000, 0x0000000709400000|  0%| F|  |TAMS 0x0000000709200000, 0x0000000709200000| Untracked 
|  62|0x0000000709400000, 0x0000000709400000, 0x0000000709600000|  0%| F|  |TAMS 0x0000000709400000, 0x0000000709400000| Untracked 
|  63|0x0000000709600000, 0x0000000709600000, 0x0000000709800000|  0%| F|  |TAMS 0x0000000709600000, 0x0000000709600000| Untracked 
|  64|0x0000000709800000, 0x0000000709800000, 0x0000000709a00000|  0%| F|  |TAMS 0x0000000709800000, 0x0000000709800000| Untracked 
|  65|0x0000000709a00000, 0x0000000709a00000, 0x0000000709c00000|  0%| F|  |TAMS 0x0000000709a00000, 0x0000000709a00000| Untracked 
|  66|0x0000000709c00000, 0x0000000709d8e188, 0x0000000709e00000| 77%| O|  |TAMS 0x0000000709c00000, 0x0000000709c00000| Untracked 
|  67|0x0000000709e00000, 0x0000000709e00000, 0x000000070a000000|  0%| F|  |TAMS 0x0000000709e00000, 0x0000000709e00000| Untracked 
|  68|0x000000070a000000, 0x000000070a000000, 0x000000070a200000|  0%| F|  |TAMS 0x000000070a000000, 0x000000070a000000| Untracked 
|  69|0x000000070a200000, 0x000000070a200000, 0x000000070a400000|  0%| F|  |TAMS 0x000000070a200000, 0x000000070a200000| Untracked 
|  70|0x000000070a400000, 0x000000070a400000, 0x000000070a600000|  0%| F|  |TAMS 0x000000070a400000, 0x000000070a400000| Untracked 
|  71|0x000000070a600000, 0x000000070a600000, 0x000000070a800000|  0%| F|  |TAMS 0x000000070a600000, 0x000000070a600000| Untracked 
|  72|0x000000070a800000, 0x000000070a800000, 0x000000070aa00000|  0%| F|  |TAMS 0x000000070a800000, 0x000000070a800000| Untracked 
|  73|0x000000070aa00000, 0x000000070aa00000, 0x000000070ac00000|  0%| F|  |TAMS 0x000000070aa00000, 0x000000070aa00000| Untracked 
|  74|0x000000070ac00000, 0x000000070ac00000, 0x000000070ae00000|  0%| F|  |TAMS 0x000000070ac00000, 0x000000070ac00000| Untracked 
|  75|0x000000070ae00000, 0x000000070ae00000, 0x000000070b000000|  0%| F|  |TAMS 0x000000070ae00000, 0x000000070ae00000| Untracked 
|  76|0x000000070b000000, 0x000000070b000000, 0x000000070b200000|  0%| F|  |TAMS 0x000000070b000000, 0x000000070b000000| Untracked 
|  77|0x000000070b200000, 0x000000070b200000, 0x000000070b400000|  0%| F|  |TAMS 0x000000070b200000, 0x000000070b200000| Untracked 
|  78|0x000000070b400000, 0x000000070b400000, 0x000000070b600000|  0%| F|  |TAMS 0x000000070b400000, 0x000000070b400000| Untracked 
|  79|0x000000070b600000, 0x000000070b600000, 0x000000070b800000|  0%| F|  |TAMS 0x000000070b600000, 0x000000070b600000| Untracked 
|  80|0x000000070b800000, 0x000000070b800000, 0x000000070ba00000|  0%| F|  |TAMS 0x000000070b800000, 0x000000070b800000| Untracked 
|  81|0x000000070ba00000, 0x000000070ba00000, 0x000000070bc00000|  0%| F|  |TAMS 0x000000070ba00000, 0x000000070ba00000| Untracked 
|  82|0x000000070bc00000, 0x000000070bc00000, 0x000000070be00000|  0%| F|  |TAMS 0x000000070bc00000, 0x000000070bc00000| Untracked 
|  83|0x000000070be00000, 0x000000070be00000, 0x000000070c000000|  0%| F|  |TAMS 0x000000070be00000, 0x000000070be00000| Untracked 
|  84|0x000000070c000000, 0x000000070c000000, 0x000000070c200000|  0%| F|  |TAMS 0x000000070c000000, 0x000000070c000000| Untracked 
|  85|0x000000070c200000, 0x000000070c200000, 0x000000070c400000|  0%| F|  |TAMS 0x000000070c200000, 0x000000070c200000| Untracked 
|  86|0x000000070c400000, 0x000000070c400000, 0x000000070c600000|  0%| F|  |TAMS 0x000000070c400000, 0x000000070c400000| Untracked 
|  87|0x000000070c600000, 0x000000070c600000, 0x000000070c800000|  0%| F|  |TAMS 0x000000070c600000, 0x000000070c600000| Untracked 
|  88|0x000000070c800000, 0x000000070c800000, 0x000000070ca00000|  0%| F|  |TAMS 0x000000070c800000, 0x000000070c800000| Untracked 
|  89|0x000000070ca00000, 0x000000070ca00000, 0x000000070cc00000|  0%| F|  |TAMS 0x000000070ca00000, 0x000000070ca00000| Untracked 
|  90|0x000000070cc00000, 0x000000070cc00000, 0x000000070ce00000|  0%| F|  |TAMS 0x000000070cc00000, 0x000000070cc00000| Untracked 
|  91|0x000000070ce00000, 0x000000070ce00000, 0x000000070d000000|  0%| F|  |TAMS 0x000000070ce00000, 0x000000070ce00000| Untracked 
|  92|0x000000070d000000, 0x000000070d000000, 0x000000070d200000|  0%| F|  |TAMS 0x000000070d000000, 0x000000070d000000| Untracked 
|  93|0x000000070d200000, 0x000000070d200000, 0x000000070d400000|  0%| F|  |TAMS 0x000000070d200000, 0x000000070d200000| Untracked 
|  94|0x000000070d400000, 0x000000070d400000, 0x000000070d600000|  0%| F|  |TAMS 0x000000070d400000, 0x000000070d400000| Untracked 
|  95|0x000000070d600000, 0x000000070d600000, 0x000000070d800000|  0%| F|  |TAMS 0x000000070d600000, 0x000000070d600000| Untracked 
|  96|0x000000070d800000, 0x000000070d800000, 0x000000070da00000|  0%| F|  |TAMS 0x000000070d800000, 0x000000070d800000| Untracked 
|  97|0x000000070da00000, 0x000000070da00000, 0x000000070dc00000|  0%| F|  |TAMS 0x000000070da00000, 0x000000070da00000| Untracked 
|  98|0x000000070dc00000, 0x000000070dc00000, 0x000000070de00000|  0%| F|  |TAMS 0x000000070dc00000, 0x000000070dc00000| Untracked 
|  99|0x000000070de00000, 0x000000070de00000, 0x000000070e000000|  0%| F|  |TAMS 0x000000070de00000, 0x000000070de00000| Untracked 
| 100|0x000000070e000000, 0x000000070e000000, 0x000000070e200000|  0%| F|  |TAMS 0x000000070e000000, 0x000000070e000000| Untracked 
| 101|0x000000070e200000, 0x000000070e200000, 0x000000070e400000|  0%| F|  |TAMS 0x000000070e200000, 0x000000070e200000| Untracked 
| 102|0x000000070e400000, 0x000000070e400000, 0x000000070e600000|  0%| F|  |TAMS 0x000000070e400000, 0x000000070e400000| Untracked 
| 103|0x000000070e600000, 0x000000070e600000, 0x000000070e800000|  0%| F|  |TAMS 0x000000070e600000, 0x000000070e600000| Untracked 
| 104|0x000000070e800000, 0x000000070e800000, 0x000000070ea00000|  0%| F|  |TAMS 0x000000070e800000, 0x000000070e800000| Untracked 
| 105|0x000000070ea00000, 0x000000070ea00000, 0x000000070ec00000|  0%| F|  |TAMS 0x000000070ea00000, 0x000000070ea00000| Untracked 
| 106|0x000000070ec00000, 0x000000070ec00000, 0x000000070ee00000|  0%| F|  |TAMS 0x000000070ec00000, 0x000000070ec00000| Untracked 
| 107|0x000000070ee00000, 0x000000070ee00000, 0x000000070f000000|  0%| F|  |TAMS 0x000000070ee00000, 0x000000070ee00000| Untracked 
| 108|0x000000070f000000, 0x000000070f000000, 0x000000070f200000|  0%| F|  |TAMS 0x000000070f000000, 0x000000070f000000| Untracked 
| 109|0x000000070f200000, 0x000000070f200000, 0x000000070f400000|  0%| F|  |TAMS 0x000000070f200000, 0x000000070f200000| Untracked 
| 110|0x000000070f400000, 0x000000070f400000, 0x000000070f600000|  0%| F|  |TAMS 0x000000070f400000, 0x000000070f400000| Untracked 
| 111|0x000000070f600000, 0x000000070f600000, 0x000000070f800000|  0%| F|  |TAMS 0x000000070f600000, 0x000000070f600000| Untracked 
| 112|0x000000070f800000, 0x000000070f800000, 0x000000070fa00000|  0%| F|  |TAMS 0x000000070f800000, 0x000000070f800000| Untracked 
| 113|0x000000070fa00000, 0x000000070fa00000, 0x000000070fc00000|  0%| F|  |TAMS 0x000000070fa00000, 0x000000070fa00000| Untracked 
| 114|0x000000070fc00000, 0x000000070fc00000, 0x000000070fe00000|  0%| F|  |TAMS 0x000000070fc00000, 0x000000070fc00000| Untracked 
| 115|0x000000070fe00000, 0x000000070fe00000, 0x0000000710000000|  0%| F|  |TAMS 0x000000070fe00000, 0x000000070fe00000| Untracked 
| 116|0x0000000710000000, 0x0000000710000000, 0x0000000710200000|  0%| F|  |TAMS 0x0000000710000000, 0x0000000710000000| Untracked 
| 117|0x0000000710200000, 0x0000000710200000, 0x0000000710400000|  0%| F|  |TAMS 0x0000000710200000, 0x0000000710200000| Untracked 
| 118|0x0000000710400000, 0x0000000710400000, 0x0000000710600000|  0%| F|  |TAMS 0x0000000710400000, 0x0000000710400000| Untracked 
| 119|0x0000000710600000, 0x0000000710600000, 0x0000000710800000|  0%| F|  |TAMS 0x0000000710600000, 0x0000000710600000| Untracked 
| 120|0x0000000710800000, 0x0000000710800000, 0x0000000710a00000|  0%| F|  |TAMS 0x0000000710800000, 0x0000000710800000| Untracked 
| 121|0x0000000710a00000, 0x0000000710a00000, 0x0000000710c00000|  0%| F|  |TAMS 0x0000000710a00000, 0x0000000710a00000| Untracked 
| 122|0x0000000710c00000, 0x0000000710c3b4c0, 0x0000000710e00000| 11%| O|  |TAMS 0x0000000710c00000, 0x0000000710c00000| Untracked 
| 123|0x0000000710e00000, 0x0000000710e00000, 0x0000000711000000|  0%| F|  |TAMS 0x0000000710e00000, 0x0000000710e00000| Untracked 
| 124|0x0000000711000000, 0x0000000711000000, 0x0000000711200000|  0%| F|  |TAMS 0x0000000711000000, 0x0000000711000000| Untracked 
| 125|0x0000000711200000, 0x0000000711200000, 0x0000000711400000|  0%| F|  |TAMS 0x0000000711200000, 0x0000000711200000| Untracked 
| 126|0x0000000711400000, 0x0000000711400000, 0x0000000711600000|  0%| F|  |TAMS 0x0000000711400000, 0x0000000711400000| Untracked 
| 127|0x0000000711600000, 0x0000000711600000, 0x0000000711800000|  0%| F|  |TAMS 0x0000000711600000, 0x0000000711600000| Untracked 
| 128|0x0000000711800000, 0x0000000711800000, 0x0000000711a00000|  0%| F|  |TAMS 0x0000000711800000, 0x0000000711800000| Untracked 
| 129|0x0000000711a00000, 0x0000000711a00000, 0x0000000711c00000|  0%| F|  |TAMS 0x0000000711a00000, 0x0000000711a00000| Untracked 
| 130|0x0000000711c00000, 0x0000000711c00000, 0x0000000711e00000|  0%| F|  |TAMS 0x0000000711c00000, 0x0000000711c00000| Untracked 
| 131|0x0000000711e00000, 0x0000000711e00000, 0x0000000712000000|  0%| F|  |TAMS 0x0000000711e00000, 0x0000000711e00000| Untracked 
| 132|0x0000000712000000, 0x0000000712000000, 0x0000000712200000|  0%| F|  |TAMS 0x0000000712000000, 0x0000000712000000| Untracked 
| 133|0x0000000712200000, 0x0000000712200000, 0x0000000712400000|  0%| F|  |TAMS 0x0000000712200000, 0x0000000712200000| Untracked 
| 134|0x0000000712400000, 0x0000000712400000, 0x0000000712600000|  0%| F|  |TAMS 0x0000000712400000, 0x0000000712400000| Untracked 
| 135|0x0000000712600000, 0x0000000712600000, 0x0000000712800000|  0%| F|  |TAMS 0x0000000712600000, 0x0000000712600000| Untracked 
| 136|0x0000000712800000, 0x0000000712800000, 0x0000000712a00000|  0%| F|  |TAMS 0x0000000712800000, 0x0000000712800000| Untracked 
| 137|0x0000000712a00000, 0x0000000712a00000, 0x0000000712c00000|  0%| F|  |TAMS 0x0000000712a00000, 0x0000000712a00000| Untracked 
| 138|0x0000000712c00000, 0x0000000712c00000, 0x0000000712e00000|  0%| F|  |TAMS 0x0000000712c00000, 0x0000000712c00000| Untracked 
| 139|0x0000000712e00000, 0x0000000712e00000, 0x0000000713000000|  0%| F|  |TAMS 0x0000000712e00000, 0x0000000712e00000| Untracked 
| 140|0x0000000713000000, 0x0000000713000000, 0x0000000713200000|  0%| F|  |TAMS 0x0000000713000000, 0x0000000713000000| Untracked 
| 141|0x0000000713200000, 0x0000000713200000, 0x0000000713400000|  0%| F|  |TAMS 0x0000000713200000, 0x0000000713200000| Untracked 
| 142|0x0000000713400000, 0x0000000713400000, 0x0000000713600000|  0%| F|  |TAMS 0x0000000713400000, 0x0000000713400000| Untracked 
| 143|0x0000000713600000, 0x0000000713600000, 0x0000000713800000|  0%| F|  |TAMS 0x0000000713600000, 0x0000000713600000| Untracked 
| 144|0x0000000713800000, 0x0000000713800000, 0x0000000713a00000|  0%| F|  |TAMS 0x0000000713800000, 0x0000000713800000| Untracked 
| 145|0x0000000713a00000, 0x0000000713a00000, 0x0000000713c00000|  0%| F|  |TAMS 0x0000000713a00000, 0x0000000713a00000| Untracked 
| 146|0x0000000713c00000, 0x0000000713c00000, 0x0000000713e00000|  0%| F|  |TAMS 0x0000000713c00000, 0x0000000713c00000| Untracked 
| 147|0x0000000713e00000, 0x0000000713e00000, 0x0000000714000000|  0%| F|  |TAMS 0x0000000713e00000, 0x0000000713e00000| Untracked 
| 148|0x0000000714000000, 0x0000000714000000, 0x0000000714200000|  0%| F|  |TAMS 0x0000000714000000, 0x0000000714000000| Untracked 
| 149|0x0000000714200000, 0x0000000714200000, 0x0000000714400000|  0%| F|  |TAMS 0x0000000714200000, 0x0000000714200000| Untracked 
| 150|0x0000000714400000, 0x0000000714400000, 0x0000000714600000|  0%| F|  |TAMS 0x0000000714400000, 0x0000000714400000| Untracked 
| 151|0x0000000714600000, 0x0000000714600000, 0x0000000714800000|  0%| F|  |TAMS 0x0000000714600000, 0x0000000714600000| Untracked 
| 152|0x0000000714800000, 0x0000000714800000, 0x0000000714a00000|  0%| F|  |TAMS 0x0000000714800000, 0x0000000714800000| Untracked 
| 153|0x0000000714a00000, 0x0000000714a00000, 0x0000000714c00000|  0%| F|  |TAMS 0x0000000714a00000, 0x0000000714a00000| Untracked 
| 154|0x0000000714c00000, 0x0000000714c00000, 0x0000000714e00000|  0%| F|  |TAMS 0x0000000714c00000, 0x0000000714c00000| Untracked 
| 155|0x0000000714e00000, 0x0000000714e00000, 0x0000000715000000|  0%| F|  |TAMS 0x0000000714e00000, 0x0000000714e00000| Untracked 
| 156|0x0000000715000000, 0x0000000715000000, 0x0000000715200000|  0%| F|  |TAMS 0x0000000715000000, 0x0000000715000000| Untracked 
| 157|0x0000000715200000, 0x0000000715200000, 0x0000000715400000|  0%| F|  |TAMS 0x0000000715200000, 0x0000000715200000| Untracked 
| 158|0x0000000715400000, 0x0000000715400000, 0x0000000715600000|  0%| F|  |TAMS 0x0000000715400000, 0x0000000715400000| Untracked 
| 159|0x0000000715600000, 0x0000000715600000, 0x0000000715800000|  0%| F|  |TAMS 0x0000000715600000, 0x0000000715600000| Untracked 
| 160|0x0000000715800000, 0x0000000715800000, 0x0000000715a00000|  0%| F|  |TAMS 0x0000000715800000, 0x0000000715800000| Untracked 
| 161|0x0000000715a00000, 0x0000000715a00000, 0x0000000715c00000|  0%| F|  |TAMS 0x0000000715a00000, 0x0000000715a00000| Untracked 
| 162|0x0000000715c00000, 0x0000000715c00000, 0x0000000715e00000|  0%| F|  |TAMS 0x0000000715c00000, 0x0000000715c00000| Untracked 
| 163|0x0000000715e00000, 0x0000000715e00000, 0x0000000716000000|  0%| F|  |TAMS 0x0000000715e00000, 0x0000000715e00000| Untracked 
| 164|0x0000000716000000, 0x0000000716000000, 0x0000000716200000|  0%| F|  |TAMS 0x0000000716000000, 0x0000000716000000| Untracked 
| 165|0x0000000716200000, 0x0000000716200000, 0x0000000716400000|  0%| F|  |TAMS 0x0000000716200000, 0x0000000716200000| Untracked 
| 166|0x0000000716400000, 0x0000000716400000, 0x0000000716600000|  0%| F|  |TAMS 0x0000000716400000, 0x0000000716400000| Untracked 
| 167|0x0000000716600000, 0x0000000716600000, 0x0000000716800000|  0%| F|  |TAMS 0x0000000716600000, 0x0000000716600000| Untracked 
| 168|0x0000000716800000, 0x0000000716800000, 0x0000000716a00000|  0%| F|  |TAMS 0x0000000716800000, 0x0000000716800000| Untracked 
| 169|0x0000000716a00000, 0x0000000716a00000, 0x0000000716c00000|  0%| F|  |TAMS 0x0000000716a00000, 0x0000000716a00000| Untracked 
| 170|0x0000000716c00000, 0x0000000716c00000, 0x0000000716e00000|  0%| F|  |TAMS 0x0000000716c00000, 0x0000000716c00000| Untracked 
| 171|0x0000000716e00000, 0x0000000716e00000, 0x0000000717000000|  0%| F|  |TAMS 0x0000000716e00000, 0x0000000716e00000| Untracked 
| 172|0x0000000717000000, 0x0000000717000000, 0x0000000717200000|  0%| F|  |TAMS 0x0000000717000000, 0x0000000717000000| Untracked 
| 173|0x0000000717200000, 0x0000000717200000, 0x0000000717400000|  0%| F|  |TAMS 0x0000000717200000, 0x0000000717200000| Untracked 
| 174|0x0000000717400000, 0x0000000717400000, 0x0000000717600000|  0%| F|  |TAMS 0x0000000717400000, 0x0000000717400000| Untracked 
| 175|0x0000000717600000, 0x0000000717600000, 0x0000000717800000|  0%| F|  |TAMS 0x0000000717600000, 0x0000000717600000| Untracked 
| 176|0x0000000717800000, 0x0000000717800000, 0x0000000717a00000|  0%| F|  |TAMS 0x0000000717800000, 0x0000000717800000| Untracked 
| 177|0x0000000717a00000, 0x0000000717a00000, 0x0000000717c00000|  0%| F|  |TAMS 0x0000000717a00000, 0x0000000717a00000| Untracked 
| 178|0x0000000717c00000, 0x0000000717c00000, 0x0000000717e00000|  0%| F|  |TAMS 0x0000000717c00000, 0x0000000717c00000| Untracked 
| 179|0x0000000717e00000, 0x0000000717e00000, 0x0000000718000000|  0%| F|  |TAMS 0x0000000717e00000, 0x0000000717e00000| Untracked 
| 180|0x0000000718000000, 0x0000000718000000, 0x0000000718200000|  0%| F|  |TAMS 0x0000000718000000, 0x0000000718000000| Untracked 
| 181|0x0000000718200000, 0x0000000718200000, 0x0000000718400000|  0%| F|  |TAMS 0x0000000718200000, 0x0000000718200000| Untracked 
| 182|0x0000000718400000, 0x0000000718400000, 0x0000000718600000|  0%| F|  |TAMS 0x0000000718400000, 0x0000000718400000| Untracked 
| 183|0x0000000718600000, 0x0000000718600000, 0x0000000718800000|  0%| F|  |TAMS 0x0000000718600000, 0x0000000718600000| Untracked 
| 184|0x0000000718800000, 0x0000000718800000, 0x0000000718a00000|  0%| F|  |TAMS 0x0000000718800000, 0x0000000718800000| Untracked 
| 185|0x0000000718a00000, 0x0000000718a00000, 0x0000000718c00000|  0%| F|  |TAMS 0x0000000718a00000, 0x0000000718a00000| Untracked 
| 186|0x0000000718c00000, 0x0000000718c00000, 0x0000000718e00000|  0%| F|  |TAMS 0x0000000718c00000, 0x0000000718c00000| Untracked 
| 187|0x0000000718e00000, 0x0000000718e00000, 0x0000000719000000|  0%| F|  |TAMS 0x0000000718e00000, 0x0000000718e00000| Untracked 
| 188|0x0000000719000000, 0x0000000719000000, 0x0000000719200000|  0%| F|  |TAMS 0x0000000719000000, 0x0000000719000000| Untracked 
| 189|0x0000000719200000, 0x0000000719200000, 0x0000000719400000|  0%| F|  |TAMS 0x0000000719200000, 0x0000000719200000| Untracked 
| 190|0x0000000719400000, 0x0000000719400000, 0x0000000719600000|  0%| F|  |TAMS 0x0000000719400000, 0x0000000719400000| Untracked 
| 191|0x0000000719600000, 0x0000000719600000, 0x0000000719800000|  0%| F|  |TAMS 0x0000000719600000, 0x0000000719600000| Untracked 
| 192|0x0000000719800000, 0x0000000719800000, 0x0000000719a00000|  0%| F|  |TAMS 0x0000000719800000, 0x0000000719800000| Untracked 
| 193|0x0000000719a00000, 0x0000000719a00000, 0x0000000719c00000|  0%| F|  |TAMS 0x0000000719a00000, 0x0000000719a00000| Untracked 
| 194|0x0000000719c00000, 0x0000000719c00000, 0x0000000719e00000|  0%| F|  |TAMS 0x0000000719c00000, 0x0000000719c00000| Untracked 
| 195|0x0000000719e00000, 0x0000000719e00000, 0x000000071a000000|  0%| F|  |TAMS 0x0000000719e00000, 0x0000000719e00000| Untracked 
| 196|0x000000071a000000, 0x000000071a000000, 0x000000071a200000|  0%| F|  |TAMS 0x000000071a000000, 0x000000071a000000| Untracked 
| 197|0x000000071a200000, 0x000000071a200000, 0x000000071a400000|  0%| F|  |TAMS 0x000000071a200000, 0x000000071a200000| Untracked 
| 198|0x000000071a400000, 0x000000071a400000, 0x000000071a600000|  0%| F|  |TAMS 0x000000071a400000, 0x000000071a400000| Untracked 
| 199|0x000000071a600000, 0x000000071a600000, 0x000000071a800000|  0%| F|  |TAMS 0x000000071a600000, 0x000000071a600000| Untracked 
| 200|0x000000071a800000, 0x000000071a800000, 0x000000071aa00000|  0%| F|  |TAMS 0x000000071a800000, 0x000000071a800000| Untracked 
| 201|0x000000071aa00000, 0x000000071aa00000, 0x000000071ac00000|  0%| F|  |TAMS 0x000000071aa00000, 0x000000071aa00000| Untracked 
| 202|0x000000071ac00000, 0x000000071ac00000, 0x000000071ae00000|  0%| F|  |TAMS 0x000000071ac00000, 0x000000071ac00000| Untracked 
| 203|0x000000071ae00000, 0x000000071ae00000, 0x000000071b000000|  0%| F|  |TAMS 0x000000071ae00000, 0x000000071ae00000| Untracked 
| 204|0x000000071b000000, 0x000000071b000000, 0x000000071b200000|  0%| F|  |TAMS 0x000000071b000000, 0x000000071b000000| Untracked 
| 205|0x000000071b200000, 0x000000071b200000, 0x000000071b400000|  0%| F|  |TAMS 0x000000071b200000, 0x000000071b200000| Untracked 
| 206|0x000000071b400000, 0x000000071b400000, 0x000000071b600000|  0%| F|  |TAMS 0x000000071b400000, 0x000000071b400000| Untracked 
| 207|0x000000071b600000, 0x000000071b600000, 0x000000071b800000|  0%| F|  |TAMS 0x000000071b600000, 0x000000071b600000| Untracked 
| 208|0x000000071b800000, 0x000000071b800000, 0x000000071ba00000|  0%| F|  |TAMS 0x000000071b800000, 0x000000071b800000| Untracked 
| 209|0x000000071ba00000, 0x000000071ba00000, 0x000000071bc00000|  0%| F|  |TAMS 0x000000071ba00000, 0x000000071ba00000| Untracked 
| 210|0x000000071bc00000, 0x000000071bc00000, 0x000000071be00000|  0%| F|  |TAMS 0x000000071bc00000, 0x000000071bc00000| Untracked 
| 211|0x000000071be00000, 0x000000071be00000, 0x000000071c000000|  0%| F|  |TAMS 0x000000071be00000, 0x000000071be00000| Untracked 
| 212|0x000000071c000000, 0x000000071c000000, 0x000000071c200000|  0%| F|  |TAMS 0x000000071c000000, 0x000000071c000000| Untracked 
| 213|0x000000071c200000, 0x000000071c200000, 0x000000071c400000|  0%| F|  |TAMS 0x000000071c200000, 0x000000071c200000| Untracked 
| 214|0x000000071c400000, 0x000000071c561cd0, 0x000000071c600000| 69%| S|CS|TAMS 0x000000071c400000, 0x000000071c400000| Complete 
| 215|0x000000071c600000, 0x000000071c600000, 0x000000071c800000|  0%| F|  |TAMS 0x000000071c600000, 0x000000071c600000| Untracked 
| 216|0x000000071c800000, 0x000000071c800000, 0x000000071ca00000|  0%| F|  |TAMS 0x000000071c800000, 0x000000071c800000| Untracked 
| 217|0x000000071ca00000, 0x000000071ca00000, 0x000000071cc00000|  0%| F|  |TAMS 0x000000071ca00000, 0x000000071ca00000| Untracked 
| 218|0x000000071cc00000, 0x000000071cc00000, 0x000000071ce00000|  0%| F|  |TAMS 0x000000071cc00000, 0x000000071cc00000| Untracked 
| 219|0x000000071ce00000, 0x000000071ce00000, 0x000000071d000000|  0%| F|  |TAMS 0x000000071ce00000, 0x000000071ce00000| Untracked 
| 220|0x000000071d000000, 0x000000071d000000, 0x000000071d200000|  0%| F|  |TAMS 0x000000071d000000, 0x000000071d000000| Untracked 
| 221|0x000000071d200000, 0x000000071d200000, 0x000000071d400000|  0%| F|  |TAMS 0x000000071d200000, 0x000000071d200000| Untracked 
| 222|0x000000071d400000, 0x000000071d400000, 0x000000071d600000|  0%| F|  |TAMS 0x000000071d400000, 0x000000071d400000| Untracked 
| 223|0x000000071d600000, 0x000000071d600000, 0x000000071d800000|  0%| F|  |TAMS 0x000000071d600000, 0x000000071d600000| Untracked 
| 224|0x000000071d800000, 0x000000071d800000, 0x000000071da00000|  0%| F|  |TAMS 0x000000071d800000, 0x000000071d800000| Untracked 
| 225|0x000000071da00000, 0x000000071da29da8, 0x000000071dc00000|  8%| O|  |TAMS 0x000000071da00000, 0x000000071da00000| Untracked 
| 226|0x000000071dc00000, 0x000000071dc00000, 0x000000071de00000|  0%| F|  |TAMS 0x000000071dc00000, 0x000000071dc00000| Untracked 
| 227|0x000000071de00000, 0x000000071de00000, 0x000000071e000000|  0%| F|  |TAMS 0x000000071de00000, 0x000000071de00000| Untracked 
| 228|0x000000071e000000, 0x000000071e000000, 0x000000071e200000|  0%| F|  |TAMS 0x000000071e000000, 0x000000071e000000| Untracked 
| 229|0x000000071e200000, 0x000000071e200000, 0x000000071e400000|  0%| F|  |TAMS 0x000000071e200000, 0x000000071e200000| Untracked 
| 230|0x000000071e400000, 0x000000071e4210d8, 0x000000071e600000|  6%| E|  |TAMS 0x000000071e400000, 0x000000071e400000| Complete 
| 231|0x000000071e600000, 0x000000071e800000, 0x000000071e800000|100%| E|CS|TAMS 0x000000071e600000, 0x000000071e600000| Complete 
| 232|0x000000071e800000, 0x000000071ea00000, 0x000000071ea00000|100%| E|CS|TAMS 0x000000071e800000, 0x000000071e800000| Complete 
| 233|0x000000071ea00000, 0x000000071ec00000, 0x000000071ec00000|100%| E|CS|TAMS 0x000000071ea00000, 0x000000071ea00000| Complete 
| 234|0x000000071ec00000, 0x000000071ee00000, 0x000000071ee00000|100%| E|CS|TAMS 0x000000071ec00000, 0x000000071ec00000| Complete 
| 235|0x000000071ee00000, 0x000000071f000000, 0x000000071f000000|100%| E|CS|TAMS 0x000000071ee00000, 0x000000071ee00000| Complete 
| 236|0x000000071f000000, 0x000000071f200000, 0x000000071f200000|100%| E|CS|TAMS 0x000000071f000000, 0x000000071f000000| Complete 
| 237|0x000000071f200000, 0x000000071f400000, 0x000000071f400000|100%| E|CS|TAMS 0x000000071f200000, 0x000000071f200000| Complete 
| 238|0x000000071f400000, 0x000000071f600000, 0x000000071f600000|100%| E|CS|TAMS 0x000000071f400000, 0x000000071f400000| Complete 
| 239|0x000000071f600000, 0x000000071f800000, 0x000000071f800000|100%| E|CS|TAMS 0x000000071f600000, 0x000000071f600000| Complete 
| 240|0x000000071f800000, 0x000000071fa00000, 0x000000071fa00000|100%| E|CS|TAMS 0x000000071f800000, 0x000000071f800000| Complete 
| 241|0x000000071fa00000, 0x000000071fc00000, 0x000000071fc00000|100%| E|CS|TAMS 0x000000071fa00000, 0x000000071fa00000| Complete 
| 242|0x000000071fc00000, 0x000000071fe00000, 0x000000071fe00000|100%| E|CS|TAMS 0x000000071fc00000, 0x000000071fc00000| Complete 
| 243|0x000000071fe00000, 0x0000000720000000, 0x0000000720000000|100%| E|CS|TAMS 0x000000071fe00000, 0x000000071fe00000| Complete 
| 244|0x0000000720000000, 0x0000000720200000, 0x0000000720200000|100%| E|CS|TAMS 0x0000000720000000, 0x0000000720000000| Complete 
| 245|0x0000000720200000, 0x0000000720400000, 0x0000000720400000|100%| E|CS|TAMS 0x0000000720200000, 0x0000000720200000| Complete 
| 246|0x0000000720400000, 0x0000000720600000, 0x0000000720600000|100%| E|CS|TAMS 0x0000000720400000, 0x0000000720400000| Complete 
| 247|0x0000000720600000, 0x0000000720800000, 0x0000000720800000|100%| E|CS|TAMS 0x0000000720600000, 0x0000000720600000| Complete 
| 248|0x0000000720800000, 0x0000000720a00000, 0x0000000720a00000|100%| E|CS|TAMS 0x0000000720800000, 0x0000000720800000| Complete 
| 249|0x0000000720a00000, 0x0000000720a07208, 0x0000000720c00000|  1%| O|  |TAMS 0x0000000720a00000, 0x0000000720a00000| Untracked 
| 250|0x0000000720c00000, 0x0000000720e00000, 0x0000000720e00000|100%| E|CS|TAMS 0x0000000720c00000, 0x0000000720c00000| Complete 
| 251|0x0000000720e00000, 0x0000000721000000, 0x0000000721000000|100%| E|CS|TAMS 0x0000000720e00000, 0x0000000720e00000| Complete 
| 297|0x0000000726a00000, 0x0000000726c00000, 0x0000000726c00000|100%| E|CS|TAMS 0x0000000726a00000, 0x0000000726a00000| Complete 
| 317|0x0000000729200000, 0x0000000729400000, 0x0000000729400000|100%| E|CS|TAMS 0x0000000729200000, 0x0000000729200000| Complete 
| 319|0x0000000729600000, 0x0000000729800000, 0x0000000729800000|100%| E|CS|TAMS 0x0000000729600000, 0x0000000729600000| Complete 
| 321|0x0000000729a00000, 0x0000000729c00000, 0x0000000729c00000|100%| E|CS|TAMS 0x0000000729a00000, 0x0000000729a00000| Complete 

Card table byte_map: [0x000001d756fb0000,0x000001d7577b0000] _byte_map_base: 0x000001d7537a4000

Marking Bits (Prev, Next): (CMBitMap*) 0x000001d73fbee4f0, (CMBitMap*) 0x000001d73fbee4b0
 Prev Bits: [0x000001d75bf50000, 0x000001d75fef0000)
 Next Bits: [0x000001d757fb0000, 0x000001d75bf50000)

Polling page: 0x000001d7340a0000

Metaspace:

Usage:
  Non-class:     70.33 MB used.
      Class:     11.29 MB used.
       Both:     81.62 MB used.

Virtual space:
  Non-class space:      128.00 MB reserved,      70.69 MB ( 55%) committed,  2 nodes.
      Class space:        1.00 GB reserved,      11.62 MB (  1%) committed,  1 nodes.
             Both:        1.12 GB reserved,      82.31 MB (  7%) committed. 

Chunk freelists:
   Non-Class:  8.76 MB
       Class:  4.31 MB
        Both:  13.07 MB

MaxMetaspaceSize: unlimited
CompressedClassSpaceSize: 1.00 GB
Initial GC threshold: 21.00 MB
Current GC threshold: 136.06 MB
CDS: on
MetaspaceReclaimPolicy: balanced
 - commit_granule_bytes: 65536.
 - commit_granule_words: 8192.
 - virtual_space_node_default_size: 8388608.
 - enlarge_chunks_in_place: 1.
 - new_chunks_are_fully_committed: 0.
 - uncommit_free_chunks: 1.
 - use_allocation_guard: 0.
 - handle_deallocations: 1.


Internal statistics:

num_allocs_failed_limit: 6.
num_arena_births: 1168.
num_arena_deaths: 0.
num_vsnodes_births: 3.
num_vsnodes_deaths: 0.
num_space_committed: 1311.
num_space_uncommitted: 0.
num_chunks_returned_to_freelist: 6.
num_chunks_taken_from_freelist: 3429.
num_chunk_merges: 6.
num_chunk_splits: 2542.
num_chunks_enlarged: 1890.
num_inconsistent_stats: 0.

CodeHeap 'non-profiled nmethods': size=119168Kb used=14924Kb max_used=14924Kb free=104243Kb
 bounds [0x000001d74fb50000, 0x000001d7509f0000, 0x000001d756fb0000]
CodeHeap 'profiled nmethods': size=119104Kb used=32162Kb max_used=32162Kb free=86941Kb
 bounds [0x000001d747fb0000, 0x000001d749f20000, 0x000001d74f400000]
CodeHeap 'non-nmethods': size=7488Kb used=1683Kb max_used=3413Kb free=5804Kb
 bounds [0x000001d74f400000, 0x000001d74f760000, 0x000001d74fb50000]
 total_blobs=15728 nmethods=14631 adapters=1004
 compilation: enabled
              stopped_count=0, restarted_count=0
 full_count=0

Compilation events (20 events):
Event: 188.492 Thread 0x000001d73feabdd0 nmethod 18469 0x000001d749f15790 code [0x000001d749f15a00, 0x000001d749f16648]
Event: 188.492 Thread 0x000001d73feabdd0 18470       3       ui.data.simulation.executive.protobuf.RSDPrefs$RSDScopePrefs$Builder::<init> (16 bytes)
Event: 188.492 Thread 0x000001d73feabdd0 nmethod 18470 0x000001d749f16990 code [0x000001d749f16b80, 0x000001d749f17138]
Event: 188.492 Thread 0x000001d73feabdd0 18471       3       ui.data.simulation.executive.protobuf.RSDPrefs$RSDScopePrefs$Builder::maybeForceBuilderInitialization (7 bytes)
Event: 188.492 Thread 0x000001d73feabdd0 nmethod 18471 0x000001d749f17310 code [0x000001d749f174a0, 0x000001d749f17658]
Event: 188.492 Thread 0x000001d73feabdd0 18472       3       ui.data.simulation.executive.protobuf.RSDPrefs$RSDScopePrefs::access$000 (4 bytes)
Event: 188.493 Thread 0x000001d73feabdd0 nmethod 18472 0x000001d7485c0f10 code [0x000001d7485c10a0, 0x000001d7485c1198]
Event: 188.493 Thread 0x000001d73feabdd0 18473       3       ui.data.simulation.executive.protobuf.RSDPrefs$RSDScopePrefs$Builder::buildPartial (60 bytes)
Event: 188.493 Thread 0x000001d73feabdd0 nmethod 18473 0x000001d749f17710 code [0x000001d749f17900, 0x000001d749f18048]
Event: 188.493 Thread 0x000001d73feabdd0 18475       3       ui.views.waveform.u::handleEvent (1 bytes)
Event: 188.493 Thread 0x000001d73feabdd0 nmethod 18475 0x000001d749f18210 code [0x000001d749f183a0, 0x000001d749f184b8]
Event: 188.495 Thread 0x000001d73feab8c0 nmethod 18463 0x000001d7509dc610 code [0x000001d7509dc800, 0x000001d7509dcec8]
Event: 188.495 Thread 0x000001d73feab8c0 18474       4       ui.views.P.i.b::getColumnCount (8 bytes)
Event: 188.496 Thread 0x000001d73feab8c0 nmethod 18474 0x000001d7509dd410 code [0x000001d7509dd5a0, 0x000001d7509dd6b8]
Event: 188.496 Thread 0x000001d73feab8c0 18460   !   4       com.jidesoft.editor.CodeEditor::getMarkerModel (45 bytes)
Event: 188.504 Thread 0x000001d73feab8c0 nmethod 18460 0x000001d7509dd810 code [0x000001d7509dd9c0, 0x000001d7509ddfc8]
Event: 188.691 Thread 0x000001d73feab8c0 18476       4       java.awt.Container::validateTree (153 bytes)
Event: 188.734 Thread 0x000001d73feab8c0 nmethod 18476 0x000001d7509de210 code [0x000001d7509de6a0, 0x000001d7509e1848]
Event: 188.923 Thread 0x000001d73feabdd0 18477       3       com.jidesoft.editor.folding.DefaultFoldingModel$b$c::compare (64 bytes)
Event: 188.923 Thread 0x000001d73feabdd0 nmethod 18477 0x000001d749f18590 code [0x000001d749f18760, 0x000001d749f18e18]

GC Heap History (20 events):
Event: 55.052 GC heap before
{Heap before GC invocations=20 (full 2):
 garbage-first heap   total 688128K, used 154761K [0x0000000701800000, 0x0000000800000000)
  region size 2048K, 40 young (81920K), 2 survivors (4096K)
 Metaspace       used 73197K, committed 73792K, reserved 1114112K
  class space    used 10384K, committed 10688K, reserved 1048576K
}
Event: 55.057 GC heap after
{Heap after GC invocations=21 (full 2):
 garbage-first heap   total 688128K, used 76855K [0x0000000701800000, 0x0000000800000000)
  region size 2048K, 2 young (4096K), 2 survivors (4096K)
 Metaspace       used 73197K, committed 73792K, reserved 1114112K
  class space    used 10384K, committed 10688K, reserved 1048576K
}
Event: 65.621 GC heap before
{Heap before GC invocations=21 (full 2):
 garbage-first heap   total 688128K, used 154679K [0x0000000701800000, 0x0000000800000000)
  region size 2048K, 40 young (81920K), 2 survivors (4096K)
 Metaspace       used 73936K, committed 74432K, reserved 1114112K
  class space    used 10414K, committed 10688K, reserved 1048576K
}
Event: 65.626 GC heap after
{Heap after GC invocations=22 (full 2):
 garbage-first heap   total 688128K, used 77143K [0x0000000701800000, 0x0000000800000000)
  region size 2048K, 2 young (4096K), 2 survivors (4096K)
 Metaspace       used 73936K, committed 74432K, reserved 1114112K
  class space    used 10414K, committed 10688K, reserved 1048576K
}
Event: 72.580 GC heap before
{Heap before GC invocations=22 (full 2):
 garbage-first heap   total 688128K, used 154967K [0x0000000701800000, 0x0000000800000000)
  region size 2048K, 40 young (81920K), 2 survivors (4096K)
 Metaspace       used 75864K, committed 76416K, reserved 1179648K
  class space    used 10717K, committed 11008K, reserved 1048576K
}
Event: 72.585 GC heap after
{Heap after GC invocations=23 (full 2):
 garbage-first heap   total 688128K, used 79970K [0x0000000701800000, 0x0000000800000000)
  region size 2048K, 4 young (8192K), 4 survivors (8192K)
 Metaspace       used 75864K, committed 76416K, reserved 1179648K
  class space    used 10717K, committed 11008K, reserved 1048576K
}
Event: 74.275 GC heap before
{Heap before GC invocations=23 (full 2):
 garbage-first heap   total 688128K, used 131170K [0x0000000701800000, 0x0000000800000000)
  region size 2048K, 27 young (55296K), 4 survivors (8192K)
 Metaspace       used 79205K, committed 79744K, reserved 1179648K
  class space    used 11198K, committed 11456K, reserved 1048576K
}
Event: 74.353 GC heap after
{Heap after GC invocations=24 (full 3):
 garbage-first heap   total 524288K, used 81314K [0x0000000701800000, 0x0000000800000000)
  region size 2048K, 0 young (0K), 0 survivors (0K)
 Metaspace       used 79205K, committed 79744K, reserved 1179648K
  class space    used 11198K, committed 11456K, reserved 1048576K
}
Event: 79.748 GC heap before
{Heap before GC invocations=24 (full 3):
 garbage-first heap   total 524288K, used 163234K [0x0000000701800000, 0x0000000800000000)
  region size 2048K, 40 young (81920K), 0 survivors (0K)
 Metaspace       used 80370K, committed 80960K, reserved 1179648K
  class space    used 11338K, committed 11648K, reserved 1048576K
}
Event: 79.755 GC heap after
{Heap after GC invocations=25 (full 3):
 garbage-first heap   total 524288K, used 84027K [0x0000000701800000, 0x0000000800000000)
  region size 2048K, 2 young (4096K), 2 survivors (4096K)
 Metaspace       used 80370K, committed 80960K, reserved 1179648K
  class space    used 11338K, committed 11648K, reserved 1048576K
}
Event: 87.805 GC heap before
{Heap before GC invocations=25 (full 3):
 garbage-first heap   total 524288K, used 161851K [0x0000000701800000, 0x0000000800000000)
  region size 2048K, 40 young (81920K), 2 survivors (4096K)
 Metaspace       used 82094K, committed 82816K, reserved 1179648K
  class space    used 11482K, committed 11840K, reserved 1048576K
}
Event: 87.810 GC heap after
{Heap after GC invocations=26 (full 3):
 garbage-first heap   total 524288K, used 84432K [0x0000000701800000, 0x0000000800000000)
  region size 2048K, 2 young (4096K), 2 survivors (4096K)
 Metaspace       used 82094K, committed 82816K, reserved 1179648K
  class space    used 11482K, committed 11840K, reserved 1048576K
}
Event: 102.661 GC heap before
{Heap before GC invocations=26 (full 3):
 garbage-first heap   total 524288K, used 160208K [0x0000000701800000, 0x0000000800000000)
  region size 2048K, 38 young (77824K), 2 survivors (4096K)
 Metaspace       used 82508K, committed 83200K, reserved 1179648K
  class space    used 11494K, committed 11840K, reserved 1048576K
}
Event: 102.741 GC heap after
{Heap after GC invocations=27 (full 4):
 garbage-first heap   total 524288K, used 81570K [0x0000000701800000, 0x0000000800000000)
  region size 2048K, 0 young (0K), 0 survivors (0K)
 Metaspace       used 82508K, committed 83200K, reserved 1179648K
  class space    used 11494K, committed 11840K, reserved 1048576K
}
Event: 159.501 GC heap before
{Heap before GC invocations=27 (full 4):
 garbage-first heap   total 524288K, used 145058K [0x0000000701800000, 0x0000000800000000)
  region size 2048K, 32 young (65536K), 0 survivors (0K)
 Metaspace       used 82838K, committed 83584K, reserved 1179648K
  class space    used 11520K, committed 11904K, reserved 1048576K
}
Event: 159.612 GC heap after
{Heap after GC invocations=28 (full 5):
 garbage-first heap   total 524288K, used 81994K [0x0000000701800000, 0x0000000800000000)
  region size 2048K, 0 young (0K), 0 survivors (0K)
 Metaspace       used 82838K, committed 83584K, reserved 1179648K
  class space    used 11520K, committed 11904K, reserved 1048576K
}
Event: 176.261 GC heap before
{Heap before GC invocations=28 (full 5):
 garbage-first heap   total 524288K, used 163914K [0x0000000701800000, 0x0000000800000000)
  region size 2048K, 40 young (81920K), 0 survivors (0K)
 Metaspace       used 83386K, committed 84096K, reserved 1179648K
  class space    used 11564K, committed 11904K, reserved 1048576K
}
Event: 176.265 GC heap after
{Heap after GC invocations=29 (full 5):
 garbage-first heap   total 524288K, used 82829K [0x0000000701800000, 0x0000000800000000)
  region size 2048K, 1 young (2048K), 1 survivors (2048K)
 Metaspace       used 83386K, committed 84096K, reserved 1179648K
  class space    used 11564K, committed 11904K, reserved 1048576K
}
Event: 187.738 GC heap before
{Heap before GC invocations=29 (full 5):
 garbage-first heap   total 524288K, used 162701K [0x0000000701800000, 0x0000000800000000)
  region size 2048K, 40 young (81920K), 1 survivors (2048K)
 Metaspace       used 83548K, committed 84224K, reserved 1179648K
  class space    used 11566K, committed 11904K, reserved 1048576K
}
Event: 187.741 GC heap after
{Heap after GC invocations=30 (full 5):
 garbage-first heap   total 524288K, used 83409K [0x0000000701800000, 0x0000000800000000)
  region size 2048K, 1 young (2048K), 1 survivors (2048K)
 Metaspace       used 83548K, committed 84224K, reserved 1179648K
  class space    used 11566K, committed 11904K, reserved 1048576K
}

Dll operation events (20 events):
Event: 2.962 Loaded shared library C:\Xilinx\Vivado\2023.2\lib\win64.o\librdi_ipservicestasks.dll
Event: 2.966 Loaded shared library C:\Xilinx\Vivado\2023.2\lib\win64.o\librdi_vivadotasks.dll
Event: 2.970 Loaded shared library C:\Xilinx\Vivado\2023.2\lib\win64.o\librdi_board.dll
Event: 2.974 Loaded shared library C:\Xilinx\Vivado\2023.2\lib\win64.o\librdi_boarddep.dll
Event: 2.977 Loaded shared library C:\Xilinx\Vivado\2023.2\lib\win64.o\librdi_boardcommontasks.dll
Event: 2.981 Loaded shared library C:\Xilinx\Vivado\2023.2\lib\win64.o\librdi_ptgen.dll
Event: 2.985 Loaded shared library C:\Xilinx\Vivado\2023.2\lib\win64.o\librdi_ip.dll
Event: 2.989 Loaded shared library C:\Xilinx\Vivado\2023.2\lib\win64.o\librdi_mig.dll
Event: 2.996 Loaded shared library C:\Xilinx\Vivado\2023.2\lib\win64.o\librdi_implflow.dll
Event: 3.001 Loaded shared library C:\Xilinx\Vivado\2023.2\lib\win64.o\librdi_xhubtasks.dll
Event: 3.018 Loaded shared library C:\Xilinx\Vivado\2023.2\lib\win64.o\librdi_iptasks.dll
Event: 3.024 Loaded shared library C:\Xilinx\Vivado\2023.2\lib\win64.o\librdi_synth.dll
Event: 6.189 Loaded shared library C:\Xilinx\Vivado\2023.2\tps\win64\jre17.0.7_7\bin\verify.dll
Event: 6.918 Loaded shared library C:\Xilinx\Vivado\2023.2\tps\win64\jre17.0.7_7\bin\javajpeg.dll
Event: 6.945 Loaded shared library C:\Xilinx\Vivado\2023.2\tps\win64\jre17.0.7_7\bin\lcms.dll
Event: 8.237 Loaded shared library C:\Xilinx\Vivado\2023.2\tps\win64\jre17.0.7_7\bin\freetype.dll
Event: 8.239 Loaded shared library C:\Xilinx\Vivado\2023.2\tps\win64\jre17.0.7_7\bin\fontmanager.dll
Event: 22.545 Loaded shared library C:\Xilinx\Vivado\2023.2\lib\win64.o\librdi_xhub.dll
Event: 32.814 Loaded shared library C:\Xilinx\Vivado\2023.2\tps\win64\jre17.0.7_7\bin\management.dll
Event: 32.819 Loaded shared library C:\Xilinx\Vivado\2023.2\tps\win64\jre17.0.7_7\bin\management_ext.dll

Deoptimization events (20 events):
Event: 181.184 Thread 0x000001d73fea1210 DEOPT PACKING pc=0x000001d749a83a8c sp=0x000000ca630fdf50
Event: 181.184 Thread 0x000001d73fea1210 DEOPT UNPACKING pc=0x000001d74f45ace3 sp=0x000000ca630fd448 mode 0
Event: 182.384 Thread 0x000001d73fea1210 DEOPT PACKING pc=0x000001d749d777eb sp=0x000000ca630fe5d0
Event: 182.384 Thread 0x000001d73fea1210 DEOPT UNPACKING pc=0x000001d74f45ace3 sp=0x000000ca630fdc20 mode 0
Event: 185.406 Thread 0x000001d76aa230b0 Uncommon trap: trap_request=0xffffff45 fr.pc=0x000001d7502f1ca8 relative=0x0000000000005d08
Event: 185.406 Thread 0x000001d76aa230b0 Uncommon trap: reason=unstable_if action=reinterpret pc=0x000001d7502f1ca8 method=sun.awt.PostEventQueue.flush()V @ 23 c2
Event: 185.406 Thread 0x000001d76aa230b0 DEOPT PACKING pc=0x000001d7502f1ca8 sp=0x000000ca6d1feb20
Event: 185.406 Thread 0x000001d76aa230b0 DEOPT UNPACKING pc=0x000001d74f45a1a3 sp=0x000000ca6d1fe958 mode 2
Event: 188.434 Thread 0x000001d73fea1210 Uncommon trap: trap_request=0xffffff6e fr.pc=0x000001d7506faad8 relative=0x0000000000001a98
Event: 188.434 Thread 0x000001d73fea1210 Uncommon trap: reason=loop_limit_check action=maybe_recompile pc=0x000001d7506faad8 method=javax.swing.LayoutComparator.compare(Ljava/awt/Component;Ljava/awt/Component;)I @ 145 c2
Event: 188.434 Thread 0x000001d73fea1210 DEOPT PACKING pc=0x000001d7506faad8 sp=0x000000ca630fcce0
Event: 188.434 Thread 0x000001d73fea1210 DEOPT UNPACKING pc=0x000001d74f45a1a3 sp=0x000000ca630fcce8 mode 2
Event: 188.860 Thread 0x000001d73fea1210 Uncommon trap: trap_request=0xffffff45 fr.pc=0x000001d750080d18 relative=0x0000000000000d98
Event: 188.860 Thread 0x000001d73fea1210 Uncommon trap: reason=unstable_if action=reinterpret pc=0x000001d750080d18 method=java.awt.Container.findComponentAtImpl(IIZ)Ljava/awt/Component; @ 6 c2
Event: 188.860 Thread 0x000001d73fea1210 DEOPT PACKING pc=0x000001d750080d18 sp=0x000000ca630fd850
Event: 188.860 Thread 0x000001d73fea1210 DEOPT UNPACKING pc=0x000001d74f45a1a3 sp=0x000000ca630fd800 mode 2
Event: 188.860 Thread 0x000001d73fea1210 Uncommon trap: trap_request=0xffffff45 fr.pc=0x000001d7508b948c relative=0x00000000000006cc
Event: 188.860 Thread 0x000001d73fea1210 Uncommon trap: reason=unstable_if action=reinterpret pc=0x000001d7508b948c method=sun.awt.GlobalCursorManager._updateCursor(Z)V @ 135 c2
Event: 188.860 Thread 0x000001d73fea1210 DEOPT PACKING pc=0x000001d7508b948c sp=0x000000ca630fd8e0
Event: 188.860 Thread 0x000001d73fea1210 DEOPT UNPACKING pc=0x000001d74f45a1a3 sp=0x000000ca630fd890 mode 2

Classes unloaded (0 events):
No events

Classes redefined (0 events):
No events

Internal exceptions (20 events):
Event: 124.776 Thread 0x000001d73fea1210 Exception <a 'java/io/FileNotFoundException'{0x0000000720d5cb30}> (0x0000000720d5cb30) 
thrown [s\src\hotspot\share\prims\jni.cpp, line 516]
Event: 129.776 Thread 0x000001d73fea1210 Exception <a 'java/io/FileNotFoundException'{0x0000000720dd6ef8}> (0x0000000720dd6ef8) 
thrown [s\src\hotspot\share\prims\jni.cpp, line 516]
Event: 134.776 Thread 0x000001d73fea1210 Exception <a 'java/io/FileNotFoundException'{0x00000007206119c8}> (0x00000007206119c8) 
thrown [s\src\hotspot\share\prims\jni.cpp, line 516]
Event: 139.778 Thread 0x000001d73fea1210 Exception <a 'java/io/FileNotFoundException'{0x0000000720633d48}> (0x0000000720633d48) 
thrown [s\src\hotspot\share\prims\jni.cpp, line 516]
Event: 144.780 Thread 0x000001d73fea1210 Exception <a 'java/io/FileNotFoundException'{0x000000072065e220}> (0x000000072065e220) 
thrown [s\src\hotspot\share\prims\jni.cpp, line 516]
Event: 149.781 Thread 0x000001d73fea1210 Exception <a 'java/io/FileNotFoundException'{0x00000007206877b0}> (0x00000007206877b0) 
thrown [s\src\hotspot\share\prims\jni.cpp, line 516]
Event: 152.308 Thread 0x000001d73fea1210 Exception <a 'java/lang/NoSuchMethodError'{0x00000007206e93a0}: 'java.lang.Object java.lang.invoke.DirectMethodHandle$Holder.invokeSpecial(java.lang.Object, java.lang.Object, long, java.lang.Object, java.lang.Object, java.lang.Object, java.lang.Object, java.lang.Object, java.lang.Object, java.lang.Object)'> (0x00000007206e93a0) 
thrown [s\src\hotspot\share\interpreter\linkResolver.cpp, line 759]
Event: 152.308 Thread 0x000001d73fea1210 Exception <a 'java/lang/NoSuchMethodError'{0x00000007206ee158}: 'java.lang.Object java.lang.invoke.DelegatingMethodHandle$Holder.reinvoke_L(java.lang.Object, long, java.lang.Object, java.lang.Object, java.lang.Object, java.lang.Object, java.lang.Object, java.lang.Object, java.lang.Object)'> (0x00000007206ee158) 
thrown [s\src\hotspot\share\interpreter\linkResolver.cpp, line 759]
Event: 152.311 Thread 0x000001d73fea1210 Exception <a 'java/lang/NoSuchMethodError'{0x0000000720706108}: 'java.lang.Object java.lang.invoke.DirectMethodHandle$Holder.invokeSpecial(java.lang.Object, java.lang.Object, java.lang.Object, java.lang.Object, java.lang.Object, java.lang.Object, java.lang.Object, java.lang.Object, java.lang.Object)'> (0x0000000720706108) 
thrown [s\src\hotspot\share\interpreter\linkResolver.cpp, line 759]
Event: 152.311 Thread 0x000001d73fea1210 Exception <a 'java/lang/NoSuchMethodError'{0x000000072070b038}: 'java.lang.Object java.lang.invoke.Invokers$Holder.linkToTargetMethod(java.lang.Object, java.lang.Object, java.lang.Object, java.lang.Object, java.lang.Object, java.lang.Object, java.lang.Object, java.lang.Object)'> (0x000000072070b038) 
thrown [s\src\hotspot\share\interpreter\linkResolver.cpp, line 759]
Event: 154.843 Thread 0x000001d73fea1210 Exception <a 'java/io/FileNotFoundException'{0x000000071f289750}> (0x000000071f289750) 
thrown [s\src\hotspot\share\prims\jni.cpp, line 516]
Event: 159.792 Thread 0x000001d73fea1210 Exception <a 'java/io/FileNotFoundException'{0x0000000729a19350}> (0x0000000729a19350) 
thrown [s\src\hotspot\share\prims\jni.cpp, line 516]
Event: 164.783 Thread 0x000001d73fea1210 Exception <a 'java/io/FileNotFoundException'{0x000000071fc46b68}> (0x000000071fc46b68) 
thrown [s\src\hotspot\share\prims\jni.cpp, line 516]
Event: 169.784 Thread 0x000001d73fea1210 Exception <a 'java/io/FileNotFoundException'{0x000000071d7bfbf0}> (0x000000071d7bfbf0) 
thrown [s\src\hotspot\share\prims\jni.cpp, line 516]
Event: 170.149 Thread 0x000001d76aa28c20 Exception <a 'java/lang/InterruptedException'{0x000000071d464b30}: sleep interrupted> (0x000000071d464b30) 
thrown [s\src\hotspot\share\prims\jvm.cpp, line 3070]
Event: 171.661 Thread 0x000001d76aa27db0 Exception <a 'java/lang/InterruptedException'{0x000000071cf2def8}: sleep interrupted> (0x000000071cf2def8) 
thrown [s\src\hotspot\share\prims\jvm.cpp, line 3070]
Event: 174.785 Thread 0x000001d73fea1210 Exception <a 'java/io/FileNotFoundException'{0x000000071c9fd8a0}> (0x000000071c9fd8a0) 
thrown [s\src\hotspot\share\prims\jni.cpp, line 516]
Event: 179.785 Thread 0x000001d73fea1210 Exception <a 'java/io/FileNotFoundException'{0x0000000720cd9808}> (0x0000000720cd9808) 
thrown [s\src\hotspot\share\prims\jni.cpp, line 516]
Event: 184.786 Thread 0x000001d73fea1210 Exception <a 'java/io/FileNotFoundException'{0x000000071d49e720}> (0x000000071d49e720) 
thrown [s\src\hotspot\share\prims\jni.cpp, line 516]
Event: 188.860 Thread 0x000001d73fea1210 Implicit null exception at 0x000001d7508b91b3 to 0x000001d7508b945c

VM Operations (20 events):
Event: 176.261 Executing VM operation: G1CollectForAllocation
Event: 176.265 Executing VM operation: G1CollectForAllocation done
Event: 178.265 Executing VM operation: Cleanup
Event: 178.265 Executing VM operation: Cleanup done
Event: 179.266 Executing VM operation: Cleanup
Event: 179.266 Executing VM operation: Cleanup done
Event: 180.266 Executing VM operation: Cleanup
Event: 180.267 Executing VM operation: Cleanup done
Event: 181.267 Executing VM operation: Cleanup
Event: 181.268 Executing VM operation: Cleanup done
Event: 183.269 Executing VM operation: Cleanup
Event: 183.269 Executing VM operation: Cleanup done
Event: 184.269 Executing VM operation: Cleanup
Event: 184.270 Executing VM operation: Cleanup done
Event: 185.087 Executing VM operation: HandshakeAllThreads
Event: 185.087 Executing VM operation: HandshakeAllThreads done
Event: 186.087 Executing VM operation: Cleanup
Event: 186.087 Executing VM operation: Cleanup done
Event: 187.737 Executing VM operation: G1CollectForAllocation
Event: 187.741 Executing VM operation: G1CollectForAllocation done

Events (20 events):
Event: 185.228 Thread 0x000001d76aa2a430 Thread exited: 0x000001d76aa2a430
Event: 186.222 Thread 0x000001d76aa27db0 Thread added: 0x000001d76aa27db0
Event: 186.227 Thread 0x000001d76aa27db0 Thread exited: 0x000001d76aa27db0
Event: 187.188 Thread 0x000001d70b8ff750 Thread added: 0x000001d70b8ff750
Event: 187.224 Thread 0x000001d70b8fbfa0 Thread added: 0x000001d70b8fbfa0
Event: 187.249 Thread 0x000001d76aa27db0 Thread added: 0x000001d76aa27db0
Event: 187.256 Thread 0x000001d76aa27db0 Thread exited: 0x000001d76aa27db0
Event: 187.304 Thread 0x000001d76aa28c20 Thread added: 0x000001d76aa28c20
Event: 187.304 Thread 0x000001d76aa2a430 Thread added: 0x000001d76aa2a430
Event: 187.305 Thread 0x000001d76aa27db0 Thread added: 0x000001d76aa27db0
Event: 187.305 Thread 0x000001d76aa2cab0 Thread added: 0x000001d76aa2cab0
Event: 187.499 Thread 0x000001d70b8fbfa0 Thread exited: 0x000001d70b8fbfa0
Event: 187.499 Thread 0x000001d70b8ff750 Thread exited: 0x000001d70b8ff750
Event: 187.721 Thread 0x000001d76aa27410 Thread exited: 0x000001d76aa27410
Event: 187.832 Thread 0x000001d76aa27410 Thread added: 0x000001d76aa27410
Event: 187.947 Thread 0x000001d76aa2c5e0 Thread added: 0x000001d76aa2c5e0
Event: 188.042 Thread 0x000001d76aa2c5e0 Thread exited: 0x000001d76aa2c5e0
Event: 188.225 Thread 0x000001d76aa2cf80 Thread added: 0x000001d76aa2cf80
Event: 188.232 Thread 0x000001d76aa2cf80 Thread exited: 0x000001d76aa2cf80
Event: 188.289 Thread 0x000001d76aa2d920 Thread added: 0x000001d76aa2d920


Dynamic libraries:
0x00007ff6d9ad0000 - 0x00007ff6d9b01000 	C:\Xilinx\Vivado\2023.2\bin\unwrapped\win64.o\vivado.exe
0x00007ffe0d6a0000 - 0x00007ffe0d907000 	C:\WINDOWS\SYSTEM32\ntdll.dll
0x00007ffe0cc50000 - 0x00007ffe0cd19000 	C:\WINDOWS\System32\KERNEL32.DLL
0x00007ffe0a4b0000 - 0x00007ffe0a8a1000 	C:\WINDOWS\System32\KERNELBASE.dll
0x00007ffe0a360000 - 0x00007ffe0a4ab000 	C:\WINDOWS\System32\ucrtbase.dll
0x00007ffdf79a0000 - 0x00007ffdf79be000 	C:\WINDOWS\SYSTEM32\VCRUNTIME140.dll
0x00007ffdf5be0000 - 0x00007ffdf5c68000 	C:\WINDOWS\SYSTEM32\MSVCP140.dll
0x00007ffde5670000 - 0x00007ffde568c000 	C:\Xilinx\Vivado\2023.2\lib\win64.o\librdi_commonmain.dll
0x00007ffdf79c0000 - 0x00007ffdf79cb000 	C:\WINDOWS\SYSTEM32\VCRUNTIME140_1.dll
0x00007ffcdd1c0000 - 0x00007ffcde86a000 	C:\Xilinx\Vivado\2023.2\lib\win64.o\librdi_common.dll
0x00007ffe0cd20000 - 0x00007ffe0cee5000 	C:\WINDOWS\System32\USER32.dll
0x00007ffdbed00000 - 0x00007ffdbed21000 	C:\Xilinx\Vivado\2023.2\lib\win64.o\libboost_filesystem.dll
0x00007ffe0a0f0000 - 0x00007ffe0a117000 	C:\WINDOWS\System32\win32u.dll
0x00007ffd63690000 - 0x00007ffd63ac0000 	C:\Xilinx\Vivado\2023.2\lib\win64.o\python38.dll
0x00007ffe0d0a0000 - 0x00007ffe0d15b000 	C:\WINDOWS\System32\ADVAPI32.dll
0x00007ffe0c2a0000 - 0x00007ffe0c2cb000 	C:\WINDOWS\System32\GDI32.dll
0x00007ffe0c5f0000 - 0x00007ffe0c699000 	C:\WINDOWS\System32\msvcrt.dll
0x00007ffe00eb0000 - 0x00007ffe00eb9000 	C:\Xilinx\Vivado\2023.2\lib\win64.o\librdi_commonversion.dll
0x00007ffe0b8f0000 - 0x00007ffe0b997000 	C:\WINDOWS\System32\sechost.dll
0x00007ffe0b260000 - 0x00007ffe0b38b000 	C:\WINDOWS\System32\gdi32full.dll
0x00007ffe0c230000 - 0x00007ffe0c297000 	C:\WINDOWS\System32\SHLWAPI.dll
0x00007ffd6bf90000 - 0x00007ffd6c146000 	C:\Xilinx\Vivado\2023.2\lib\win64.o\librdi_commonxillic.dll
0x00007ffe0b390000 - 0x00007ffe0b433000 	C:\WINDOWS\System32\msvcp_win.dll
0x00007ffe0c110000 - 0x00007ffe0c228000 	C:\WINDOWS\System32\RPCRT4.dll
0x00007ffe0a9f0000 - 0x00007ffe0b254000 	C:\WINDOWS\System32\Windows.Storage.dll
0x00007ffe0b870000 - 0x00007ffe0b8e4000 	C:\WINDOWS\System32\WS2_32.dll
0x00007ffe0b9a0000 - 0x00007ffe0c0ff000 	C:\WINDOWS\System32\SHELL32.dll
0x00007ffe0d2d0000 - 0x00007ffe0d652000 	C:\WINDOWS\System32\combase.dll
0x00007ffe09f80000 - 0x00007ffe0a0ea000 	C:\WINDOWS\System32\wintypes.dll
0x00007ffe0a960000 - 0x00007ffe0a9e1000 	C:\WINDOWS\System32\WINTRUST.dll
0x0000000053880000 - 0x00000000539ac000 	C:\Xilinx\Vivado\2023.2\lib\win64.o\tcl85t.dll
0x00007ffd63320000 - 0x00007ffd6368e000 	C:\Xilinx\Vivado\2023.2\lib\win64.o\libCOIN-all.dll
0x00007ffdcc950000 - 0x00007ffdcc961000 	C:\Xilinx\Vivado\2023.2\lib\win64.o\libboost_date_time.dll
0x00007ffd6d1d0000 - 0x00007ffd6d2e4000 	C:\Xilinx\Vivado\2023.2\lib\win64.o\libboost_regex.dll
0x00007ffdb4af0000 - 0x00007ffdb4b69000 	C:\Xilinx\Vivado\2023.2\lib\win64.o\libboost_program_options.dll
0x00007ffe00e40000 - 0x00007ffe00e4c000 	C:\Xilinx\Vivado\2023.2\lib\win64.o\libboost_xilinx.dll
0x00007ffdcac80000 - 0x00007ffdcac9c000 	C:\Xilinx\Vivado\2023.2\lib\win64.o\libboost_thread.dll
0x00007ffd8f590000 - 0x00007ffd8f612000 	C:\Xilinx\Vivado\2023.2\lib\win64.o\libhdlpsolve.dll
0x00007ffd70950000 - 0x00007ffd709f5000 	C:\Xilinx\Vivado\2023.2\lib\win64.o\libhdxml.dll
0x00007ffdbeb60000 - 0x00007ffdbeb8a000 	C:\Xilinx\Vivado\2023.2\lib\win64.o\libisl_sysinfo.dll
0x00007ffd70420000 - 0x00007ffd70485000 	C:\Xilinx\Vivado\2023.2\lib\win64.o\liblmx6.0.dll
0x00007ffcdc190000 - 0x00007ffcdd1b4600 	C:\Xilinx\Vivado\2023.2\lib\win64.o\libisl_iostreams.dll
0x00007ffdc56b0000 - 0x00007ffdc56ca000 	C:\Xilinx\Vivado\2023.2\lib\win64.o\pthreadVC2.dll
0x00007ffdc5680000 - 0x00007ffdc569c000 	C:\Xilinx\Vivado\2023.2\lib\win64.o\librdiconfig.dll
0x00007ffdbeb30000 - 0x00007ffdbeb51000 	C:\Xilinx\Vivado\2023.2\lib\win64.o\librdizlib.dll
0x00007ffd32910000 - 0x00007ffd32bd1000 	C:\Xilinx\Vivado\2023.2\lib\win64.o\xerces-c_3_2.dll
0x00007ffdfc310000 - 0x00007ffdfc31b000 	C:\WINDOWS\SYSTEM32\VERSION.dll
0x00007ffd2d640000 - 0x00007ffd2d96d000 	C:\Xilinx\Vivado\2023.2\lib\win64.o\libXil_lmgr11.dll
0x00007ffdfe030000 - 0x00007ffdfe04a000 	C:\WINDOWS\SYSTEM32\NETAPI32.dll
0x00007ffdffe00000 - 0x00007ffdfff27000 	C:\WINDOWS\SYSTEM32\WINHTTP.dll
0x00007ffdf3ea0000 - 0x00007ffdf4128000 	C:\WINDOWS\SYSTEM32\WININET.dll
0x00007ffe0b440000 - 0x00007ffe0b52e000 	C:\WINDOWS\System32\COMDLG32.dll
0x00007ffdfbe20000 - 0x00007ffdfbffd000 	C:\WINDOWS\SYSTEM32\urlmon.dll
0x00007ffe09e70000 - 0x00007ffe09e9a000 	C:\WINDOWS\SYSTEM32\bcrypt.dll
0x00007ffe0b540000 - 0x00007ffe0b637000 	C:\WINDOWS\System32\shcore.dll
0x00007ffde5440000 - 0x00007ffde544a000 	C:\WINDOWS\SYSTEM32\WSOCK32.dll
0x00007ffd8f550000 - 0x00007ffd8f586000 	C:\WINDOWS\SYSTEM32\VCOMP140.DLL
0x00007ffcda270000 - 0x00007ffcdc187000 	C:\Xilinx\Vivado\2023.2\lib\win64.o\gurobi90.dll
0x00007ffe0cb70000 - 0x00007ffe0cc47000 	C:\WINDOWS\System32\OLEAUT32.dll
0x00007ffe0a1e0000 - 0x00007ffe0a357000 	C:\WINDOWS\System32\CRYPT32.dll
0x00007ffe0c2d0000 - 0x00007ffe0c465000 	C:\WINDOWS\System32\ole32.dll
0x00007ffdc4e30000 - 0x00007ffdc4e48000 	C:\Xilinx\Vivado\2023.2\lib\win64.o\libboost_iostreams.dll
0x00007ffe0d010000 - 0x00007ffe0d082000 	C:\WINDOWS\System32\WLDAP32.dll
0x00007ffda9a70000 - 0x00007ffda9a94000 	C:\Xilinx\Vivado\2023.2\lib\win64.o\libisl_iosutils.dll
0x00007ffe0cb60000 - 0x00007ffe0cb68000 	C:\WINDOWS\System32\Normaliz.dll
0x00007ffdfbb50000 - 0x00007ffdfbe14000 	C:\WINDOWS\SYSTEM32\iertutil.dll
0x00007ffdf9a20000 - 0x00007ffdf9ad4000 	C:\WINDOWS\WinSxS\amd64_microsoft.windows.common-controls_6595b64144ccf1df_5.82.26100.8037_none_87ebc5097a2f9e52\COMCTL32.dll
0x00007ffe004c0000 - 0x00007ffe004e3000 	C:\WINDOWS\SYSTEM32\dhcpcsvc.DLL
0x00007ffe092d0000 - 0x00007ffe09302000 	C:\WINDOWS\SYSTEM32\USERENV.dll
0x00007ffe08690000 - 0x00007ffe0869d000 	C:\WINDOWS\SYSTEM32\netutils.dll
0x00007ffdfd900000 - 0x00007ffdfd929000 	C:\WINDOWS\SYSTEM32\srvcli.dll
0x00007ffe09220000 - 0x00007ffe0928b000 	C:\WINDOWS\SYSTEM32\MSWSOCK.DLL
0x00007ffe0c5b0000 - 0x00007ffe0c5e1000 	C:\WINDOWS\System32\IMM32.DLL
0x00007ffe09600000 - 0x00007ffe09613000 	C:\WINDOWS\SYSTEM32\MSASN1.dll
0x00007ffe08cd0000 - 0x00007ffe08ceb000 	C:\WINDOWS\SYSTEM32\kernel.appcore.dll
0x00007ffe095a0000 - 0x00007ffe095bb000 	C:\WINDOWS\SYSTEM32\CRYPTSP.dll
0x00007ffe08c30000 - 0x00007ffe08c69000 	C:\WINDOWS\system32\rsaenh.dll
0x00007ffe09480000 - 0x00007ffe0948c000 	C:\WINDOWS\SYSTEM32\CRYPTBASE.dll
0x00007ffe0a8b0000 - 0x00007ffe0a955000 	C:\WINDOWS\System32\bcryptPrimitives.dll
0x00007ffe0cf50000 - 0x00007ffe0cf70000 	C:\WINDOWS\System32\imagehlp.dll
0x00007ffd2c820000 - 0x00007ffd2cd6d000 	C:\Xilinx\Vivado\2023.2\lib\win64.o\librdi_commontasks.dll
0x00007ffd2c4f0000 - 0x00007ffd2c81b800 	C:\Xilinx\Vivado\2023.2\lib\win64.o\librdi_sio.dll
0x00007ffd29900000 - 0x00007ffd2a548000 	C:\Xilinx\Vivado\2023.2\tps\win64\jre17.0.7_7\bin\server\jvm.dll
0x00007ffe086c0000 - 0x00007ffe086f3000 	C:\WINDOWS\SYSTEM32\IPHLPAPI.DLL
0x00007ffe00180000 - 0x00007ffe001b5000 	C:\WINDOWS\SYSTEM32\WINMM.dll
0x00007ffe09290000 - 0x00007ffe092c0000 	C:\WINDOWS\SYSTEM32\gpapi.dll
0x00007ffdfebb0000 - 0x00007ffdfebeb000 	C:\Windows\System32\cryptnet.dll
0x00007ffe09ea0000 - 0x00007ffe09ec9000 	C:\WINDOWS\SYSTEM32\profapi.dll
0x00007ffe02c40000 - 0x00007ffe02c4e000 	C:\WINDOWS\SYSTEM32\WINNSI.DLL
0x00007ffe0c6c0000 - 0x00007ffe0c6ca000 	C:\WINDOWS\System32\NSI.dll
0x00007ffe08f70000 - 0x00007ffe08fb9000 	C:\WINDOWS\SYSTEM32\SspiCli.dll
0x00007ffdb62c0000 - 0x00007ffdb62d8000 	C:\WINDOWS\system32\napinsp.dll
0x00007ffe08750000 - 0x00007ffe0887a000 	C:\WINDOWS\SYSTEM32\DNSAPI.dll
0x00007ffdb62e0000 - 0x00007ffdb62f2000 	C:\WINDOWS\System32\winrnr.dll
0x00007ffdb6300000 - 0x00007ffdb6322000 	C:\WINDOWS\system32\nlansp_c.dll
0x00007ffdfee50000 - 0x00007ffdfee66000 	C:\WINDOWS\system32\wshbth.dll
0x00007ffcd74a0000 - 0x00007ffcda266000 	C:\Xilinx\Vivado\2023.2\lib\win64.o\librdi_tcltasks.dll
0x00007ffd6b5c0000 - 0x00007ffd6b7c0000 	C:\Xilinx\Vivado\2023.2\lib\win64.o\librdi_board.dll
0x00007ffd2bd30000 - 0x00007ffd2c211000 	C:\Xilinx\Vivado\2023.2\lib\win64.o\librdi_bitstream.dll
0x00007ffd6d7f0000 - 0x00007ffd6d873000 	C:\Xilinx\Vivado\2023.2\lib\win64.o\librdi_boarddep.dll
0x00007ffd6b1a0000 - 0x00007ffd6b2ca000 	C:\Xilinx\Vivado\2023.2\lib\win64.o\librdi_chipscope.dll
0x00007ffd63110000 - 0x00007ffd63317000 	C:\Xilinx\Vivado\2023.2\lib\win64.o\librdi_chipscopeimpl.dll
0x00007ffcd4da0000 - 0x00007ffcd7495000 	C:\Xilinx\Vivado\2023.2\lib\win64.o\librdi_constraints.dll
0x00007ffd6a9d0000 - 0x00007ffd6ab3e000 	C:\Xilinx\Vivado\2023.2\lib\win64.o\librdi_containers.dll
0x00007ffcd2660000 - 0x00007ffcd4d96000 	C:\Xilinx\Vivado\2023.2\lib\win64.o\librdi_coregen.dll
0x00007ffca8370000 - 0x00007ffcaa177000 	C:\Xilinx\Vivado\2023.2\lib\win64.o\librdi_designutils.dll
0x00007ffca6d60000 - 0x00007ffca8363000 	C:\Xilinx\Vivado\2023.2\lib\win64.o\librdi_device.dll
0x00007ffd263e0000 - 0x00007ffd2677f000 	C:\Xilinx\Vivado\2023.2\lib\win64.o\librdi_dlyest.dll
0x00007ffd6b0e0000 - 0x00007ffd6b194000 	C:\Xilinx\Vivado\2023.2\lib\win64.o\librdi_dsp.dll
0x00007ffd25ca0000 - 0x00007ffd263d6000 	C:\Xilinx\Vivado\2023.2\lib\win64.o\librdi_drc.dll
0x00007ffce04e0000 - 0x00007ffce0c9f000 	C:\Xilinx\Vivado\2023.2\lib\win64.o\librdi_filemgmt.dll
0x00007ffd6bd80000 - 0x00007ffd6bdeb000 	C:\Xilinx\Vivado\2023.2\lib\win64.o\librdi_hdf.dll
0x00007ffd67a60000 - 0x00007ffd67ba8000 	C:\Xilinx\Vivado\2023.2\lib\win64.o\librdi_hip_perf_analysis.dll
0x00007ffd259b0000 - 0x00007ffd25c94000 	C:\Xilinx\Vivado\2023.2\lib\win64.o\librdi_hip_devdesign.dll
0x00007ffca5c10000 - 0x00007ffca6d53000 	C:\Xilinx\Vivado\2023.2\lib\win64.o\librdi_implflow.dll
0x00007ffcdf560000 - 0x00007ffcdfdfa000 	C:\Xilinx\Vivado\2023.2\lib\win64.o\librdi_lopt.dll
0x00007ffcd2000000 - 0x00007ffcd2656000 	C:\Xilinx\Vivado\2023.2\lib\win64.o\librdi_memdata.dll
0x00007ffca4d60000 - 0x00007ffca5c10000 	C:\Xilinx\Vivado\2023.2\lib\win64.o\librdi_ippcw.dll
0x00007ffd6bc50000 - 0x00007ffd6bccd000 	C:\Xilinx\Vivado\2023.2\lib\win64.o\librdi_memoryarray.dll
0x00007ffca2310000 - 0x00007ffca4d51000 	C:\Xilinx\Vivado\2023.2\lib\win64.o\librdi_mig.dll
0x00007ffcbc170000 - 0x00007ffcbc974000 	C:\Xilinx\Vivado\2023.2\lib\win64.o\librdi_netlist.dll
0x00007ffd6b380000 - 0x00007ffd6b3f2000 	C:\Xilinx\Vivado\2023.2\lib\win64.o\librdi_noc_frameworks.dll
0x00007ffd6b080000 - 0x00007ffd6b0dc000 	C:\Xilinx\Vivado\2023.2\lib\win64.o\librdi_pfi.dll
0x00007ffc9f450000 - 0x00007ffca230c000 	C:\Xilinx\Vivado\2023.2\lib\win64.o\librdi_place.dll
0x00007ffce0060000 - 0x00007ffce04de000 	C:\Xilinx\Vivado\2023.2\lib\win64.o\librdi_platform.dll
0x00007ffc9eb50000 - 0x00007ffc9f442000 	C:\Xilinx\Vivado\2023.2\lib\win64.o\librdi_power.dll
0x00007ffc9e2c0000 - 0x00007ffc9eb4b000 	C:\Xilinx\Vivado\2023.2\lib\win64.o\librdi_project.dll
0x00007ffc9db40000 - 0x00007ffc9e2b7000 	C:\Xilinx\Vivado\2023.2\lib\win64.o\librdi_psta.dll

dbghelp: loaded successfully - version: 4.0.5 - missing functions: none
symbol engine: initialized successfully - sym options: 0x614 - pdb path: .;C:\Xilinx\Vivado\2023.2\bin\unwrapped\win64.o;C:\WINDOWS\SYSTEM32;C:\Xilinx\Vivado\2023.2\lib\win64.o;C:\WINDOWS\WinSxS\amd64_microsoft.windows.common-controls_6595b64144ccf1df_5.82.26100.8037_none_87ebc5097a2f9e52;C:\Xilinx\Vivado\2023.2\tps\win64\jre17.0.7_7\bin\server;C:\Xilinx\Vivado\2023.2\tps\win64\jre17.0.7_7\bin;C:\WINDOWS\WinSxS\amd64_microsoft.windows.common-controls_6595b64144ccf1df_6.0.26100.8037_none_3e092faae333b53b

VM Arguments:
jvm_args: -Dsun.java2d.pmoffscreen=false -Dhttps.protocols=TLSv1,TLSv1.1,TLSv1.2 -Dsun.java2d.xrender=false -Dsun.java2d.d3d=false -Dsun.awt.nopixfmt=true -Dsun.java2d.dpiaware=true -Dsun.java2d.uiScale.enabled=false -Dswing.aatext=true -XX:-UsePerfData -Djdk.map.althashing.threshold=512 -XX:StringTableSize=4072 -XX:+UseStringDeduplication -XX:MaxGCPauseMillis=200 -XX:+ParallelRefProcEnabled --add-opens=java.desktop/javax.swing.plaf.synth=ALL-UNNAMED --add-opens=java.base/java.nio=ALL-UNNAMED --add-opens=java.desktop/sun.swing=ALL-UNNAMED --add-opens=java.desktop/javax.swing=ALL-UNNAMED --add-opens=java.desktop/javax.swing.tree=ALL-UNNAMED --add-opens=java.desktop/javax.swing.plaf.basic=ALL-UNNAMED --add-opens=java.desktop/javax.swing.plaf.synth=ALL-UNNAMED --add-opens=java.desktop/javax.swing.plaf.basic=ALL-UNNAMED --add-opens=java.desktop/javax.swing=ALL-UNNAMED --add-opens=java.desktop/javax.swing.tree=ALL-UNNAMED --add-opens=java.desktop/java.awt.event=ALL-UNNAMED --add-exports=java.desktop/javax.swing.plaf.synth=ALL-UNNAMED --add-exports=java.base/java.nio=ALL-UNNAMED --add-exports=java.desktop/sun.swing=ALL-UNNAMED --add-exports=java.desktop/javax.swing=ALL-UNNAMED --add-exports=java.desktop/javax.swing.tree=ALL-UNNAMED --add-exports=java.desktop/javax.swing.plaf.basic=ALL-UNNAMED --add-exports=java.desktop/sun.swing=ALL-UNNAMED --add-exports=java.desktop/sun.swing.table=ALL-UNNAMED --add-exports=java.desktop/sun.swing.plaf.synth=ALL-UNNAMED --add-exports=java.desktop/sun.awt.shell=ALL-UNNAMED --add-exports=java.base/sun.security.action=ALL-UNNAMED --add-exports=java.desktop/sun.font=ALL-UNNAMED -XX:NewSize=80m -XX:MaxNewSize=80m -Xms512m -Xmx4072m -Xss10m 
java_command: <unknown>
java_class_path (initial): C:/Xilinx/Vivado/2023.2\lib\classes\alloy.jar;C:/Xilinx/Vivado/2023.2\lib\classes\asm-9.3.jar;C:/Xilinx/Vivado/2023.2\lib\classes\asm-analysis-9.3.jar;C:/Xilinx/Vivado/2023.2\lib\classes\asm-commons-9.3.jar;C:/Xilinx/Vivado/2023.2\lib\classes\asm-tree-9.3.jar;C:/Xilinx/Vivado/2023.2\lib\classes\autoesl-models.jar;C:/Xilinx/Vivado/2023.2\lib\classes\batik-anim.jar;C:/Xilinx/Vivado/2023.2\lib\classes\batik-awt-util.jar;C:/Xilinx/Vivado/2023.2\lib\classes\batik-bridge.jar;C:/Xilinx/Vivado/2023.2\lib\classes\batik-codec.jar;C:/Xilinx/Vivado/2023.2\lib\classes\batik-constants.jar;C:/Xilinx/Vivado/2023.2\lib\classes\batik-css.jar;C:/Xilinx/Vivado/2023.2\lib\classes\batik-dom.jar;C:/Xilinx/Vivado/2023.2\lib\classes\batik-ext.jar;C:/Xilinx/Vivado/2023.2\lib\classes\batik-gui-util.jar;C:/Xilinx/Vivado/2023.2\lib\classes\batik-gvt.jar;C:/Xilinx/Vivado/2023.2\lib\classes\batik-i18n.jar;C:/Xilinx/Vivado/2023.2\lib\classes\batik-parser.jar;C:/Xilinx/Vivado/2023.2\lib\classes\batik-script.jar;C:/Xilinx/Vivado/2023.2\lib\classes\batik-svg-dom.jar;C:/Xilinx/Vivado/2023.2\lib\classes\batik-svggen.jar;C:/Xilinx/Vivado/2023.2\lib\classes\batik-swing.jar;C:/Xilinx/Vivado/2023.2\lib\classes\batik-transcoder.jar;C:/Xilinx/Vivado/2023.2\lib\classes\batik-util.jar;C:/Xilinx/Vivado/2023.2\lib\classes\batik-xml.jar;C:/Xilinx/Vivado/2023.2\lib\classes\com.fasterxml.jackson.core.jackson-annotations_2.12.1.v20210128-1726.jar;C:/Xilinx/Vivado/2023.2\lib\classes\com.fasterxml.jackson.core.jackson-core_2.12.1.v20210128-1726.jar;C:/Xilinx/Vivado/2023.2\lib\classes\com.fasterxml.jackson.core.jackson-databind_2.12.1.v20210128-1726.jar;C:/Xilinx/Vivado/2023.2\lib\classes\com.google.gson_2.8.9.v20220111-1409.jar;C:/Xilinx/Vivado/2023.2\lib\classes\com.google.guava_30.1.0.v20210127-2300.jar;C:/Xilinx/Vivado/2023.2\lib\classes\com.sigasi.hdt.connection_4.17.2.202304211001.jar;C:/Xilinx/Vivado/2023.2\lib\classes\com.sigasi.hdt.epl_4.17.2.202304211001.jar;C:/Xilinx/Vivado/2023.
Launcher Type: generic

[Global flags]
     intx CICompilerCount                          = 12                                        {product} {ergonomic}
     uint ConcGCThreads                            = 3                                         {product} {ergonomic}
     uint G1ConcRefinementThreads                  = 13                                        {product} {ergonomic}
   size_t G1HeapRegionSize                         = 2097152                                   {product} {ergonomic}
    uintx GCDrainStackTargetSize                   = 64                                        {product} {ergonomic}
   size_t InitialHeapSize                          = 536870912                                 {product} {command line}
   size_t MarkStackSize                            = 4194304                                   {product} {ergonomic}
    uintx MaxGCPauseMillis                         = 200                                       {product} {command line}
   size_t MaxHeapSize                              = 4269801472                                {product} {command line}
   size_t MaxNewSize                               = 83886080                                  {product} {command line}
   size_t MinHeapDeltaBytes                        = 2097152                                   {product} {ergonomic}
   size_t MinHeapSize                              = 536870912                                 {product} {command line}
   size_t NewSize                                  = 83886080                                  {product} {command line}
    uintx NonNMethodCodeHeapSize                   = 7602480                                {pd product} {ergonomic}
    uintx NonProfiledCodeHeapSize                  = 122027880                              {pd product} {ergonomic}
     bool ParallelRefProcEnabled                   = true                                      {product} {command line}
    uintx ProfiledCodeHeapSize                     = 122027880                              {pd product} {ergonomic}
    uintx ReservedCodeCacheSize                    = 251658240                              {pd product} {ergonomic}
     bool SegmentedCodeCache                       = true                                      {product} {ergonomic}
   size_t SoftMaxHeapSize                          = 4269801472                             {manageable} {ergonomic}
    uintx StringTableSize                          = 4072                                      {product} {command line}
     intx ThreadStackSize                          = 10240                                  {pd product} {command line}
     bool UseCompressedClassPointers               = true                           {product lp64_product} {ergonomic}
     bool UseCompressedOops                        = true                           {product lp64_product} {ergonomic}
     bool UseG1GC                                  = true                                      {product} {ergonomic}
     bool UseLargePagesIndividualAllocation        = false                                  {pd product} {ergonomic}
     bool UsePerfData                              = false                                     {product} {command line}
     bool UseStringDeduplication                   = true                                      {product} {command line}

Logging:
Log output configuration:
 #0: stdout all=warning uptime,level,tags
 #1: stderr all=off uptime,level,tags

Environment Variables:
PATH=C:/Xilinx/Vivado/2023.2/bin;C:/Xilinx/Vivado/2023.2/tps/win64/java-cef-95.0.4638.69/bin/lib/win64;C:/Xilinx/Vivado/2023.2/tps/win64/javafx-sdk-17.0.1/lib;C:/Xilinx/Vivado/2023.2/tps/win64/javafx-sdk-17.0.1/bin;C:/Xilinx/Vivado/2023.2/lib/win64.o;C:/Xilinx/Vivado/2023.2/tps/win64/jre17.0.7_7/bin/server;C:/Xilinx/Vivado/2023.2/tps/win64/jre17.0.7_7/bin;C:/Xilinx/Vivado/2023.2/ids_lite/ISE/bin/nt64;C:/Xilinx/Vivado/2023.2/ids_lite/ISE/lib/nt64;C:/Xilinx/Vitis_HLS/2023.2/bin;C:\Program Files (x86)\NVIDIA Corporation\PhysX\Common;C:\windows\system32;C:\windows;C:\windows\System32\Wbem;C:\windows\System32\WindowsPowerShell\v1.0\;C:\windows\System32\OpenSSH\;C:\Program Files\NVIDIA Corporation\NVIDIA NvDLISR;C:\Program Files (x86)\dotnet\;C:\Program Files\Microsoft SQL Server\Client SDK\ODBC\170\Tools\Binn\;C:\Program Files (x86)\Microsoft SQL Server\150\Tools\Binn\;C:\Program Files\Microsoft SQL Server\150\Tools\Binn\;C:\Program Files\Microsoft SQL Server\150\DTS\Binn\;C:\Program Files (x86)\Windows Kits\8.1\Windows Performance Toolkit\;C:\Program Files\PuTTY\;C:\Program Files\Git\cmd;C:\Program Files\CMake\bin;C:\Program Files\Tailscale\;C:\Users\Musta\AppData\Local\Microsoft\WindowsApps;C:\Users\Musta\AppData\Local\Programs\Microsoft VS Code\bin;C:\Users\Musta\AppData\Local\GitHubDesktop\bin;C:\Users\Musta\AppData\Local\Programs\Python\Python310\Scripts;C:\MinGW\bin;C:\Users\Musta\Infineon\LauncherService;C:\Users\Musta\AppData\Local\Microsoft\WindowsApps\PythonSoftwareFoundation.Python.3.10_qbz5n2kfra8p0;;C:/Xilinx/Vivado/2023.2\tps\mingw\6.2.0\win64.o\nt\bin;C:/Xilinx/Vivado/2023.2\tps\mingw\6.2.0\win64.o\nt\libexec\gcc\x86_64-w64-mingw32\6.2.0;C:/Xilinx/Vivado/2023.2\tps\win64\python-3.8.3;C:/Xilinx/Vivado/2023.2\tps\win64\python-3.8.3\bin;C:/Xilinx/Vivado/2023.2\tps\win64\python-3.8.3\lib;C:/Xilinx/Vivado/2023.2\tps\win64\python-3.8.3\lib\site-packages
USERNAME=Musta
OS=Windows_NT
PROCESSOR_IDENTIFIER=Intel64 Family 6 Model 141 Stepping 1, GenuineIntel
TMP=C:\Users\Musta\AppData\Local\Temp
TEMP=C:\Users\Musta\AppData\Local\Temp



---------------  S Y S T E M  ---------------

OS:
 Windows 11 , 64 bit Build 26100 (10.0.26100.7920)
OS uptime: 4 days 19:45 hours
Hyper-V role detected

CPU: total 16 (initial active 16) (8 cores per cpu, 2 threads per core) family 6 model 141 stepping 1 microcode 0x40, cx8, cmov, fxsr, ht, mmx, 3dnowpref, sse, sse2, sse3, ssse3, sse4.1, sse4.2, popcnt, lzcnt, tsc, tscinvbit, avx, avx2, aes, erms, clmul, bmi1, bmi2, adx, avx512f, avx512dq, avx512cd, avx512bw, avx512vl, sha, fma, vzeroupper, avx512_vpopcntdq, avx512_vpclmulqdq, avx512_vaes, avx512_vnni, clflush, clflushopt, clwb, avx512_vbmi2, avx512_vbmi, hv

Memory: 4k page, system-wide physical 32405M (10408M free)
TotalPageFile size 46794M (AvailPageFile size 7838M)
current process WorkingSet (physical memory assigned to process): 1221M, peak: 1277M
current process commit charge ("private bytes"): 1567M, peak: 1754M

vm_info: OpenJDK 64-Bit Server VM (17.0.7+7) for windows-amd64 JRE (17.0.7+7), built on Apr 18 2023 22:10:42 by "temurin" with MS VC++ 16.7 (VS2019)

END.
