#-----------------------------------------------------------
# Vivado v2023.2 (64-bit)
# SW Build 4029153 on Fri Oct 13 20:14:34 MDT 2023
# IP Build 4028589 on Sat Oct 14 00:45:43 MDT 2023
# SharedData Build 4025554 on Tue Oct 10 17:18:54 MDT 2023
# Start of session at: Sat Feb  7 11:12:26 2026
# Process ID: 29868
# Current directory: C:/Base
# Command line: vivado.exe -gui_launcher_event rodinguilauncherevent3968 C:\Base\Base.xpr
# Log file: C:/Base/vivado.log
# Journal file: C:/Base\vivado.jou
# Running On: Joshua, OS: Windows, CPU Frequency: 2995 MHz, CPU Physical cores: 4, Host memory: 34194 MB
#-----------------------------------------------------------
start_gui
open_project C:/Base/Base.xpr
WARNING: [Board 49-26] cannot add Board Part xilinx.com:kc705:part0:1.6 available at C:/Xilinx/Vivado/2023.2/data/xhub/boards/XilinxBoardStore/boards/Xilinx/kc705/1.6/board.xml as part xc7k325tffg900-2 specified in board_part file is either invalid or not available
WARNING: [Board 49-26] cannot add Board Part xilinx.com:kcu105:part0:1.6 available at C:/Xilinx/Vivado/2023.2/data/xhub/boards/XilinxBoardStore/boards/Xilinx/kcu105/1.6/board.xml as part xcku040-ffva1156-2-e specified in board_part file is either invalid or not available
WARNING: [Board 49-26] cannot add Board Part xilinx.com:kcu105:part0:1.7 available at C:/Xilinx/Vivado/2023.2/data/xhub/boards/XilinxBoardStore/boards/Xilinx/kcu105/1.7/board.xml as part xcku040-ffva1156-2-e specified in board_part file is either invalid or not available
WARNING: [Board 49-26] cannot add Board Part xilinx.com:kcu1500:part0:1.2 available at C:/Xilinx/Vivado/2023.2/data/xhub/boards/XilinxBoardStore/boards/Xilinx/kcu1500/1.2/board.xml as part xcku115-flvb2104-2-e specified in board_part file is either invalid or not available
WARNING: [Board 49-26] cannot add Board Part xilinx.com:vc707:part0:1.4 available at C:/Xilinx/Vivado/2023.2/data/xhub/boards/XilinxBoardStore/boards/Xilinx/vc707/1.4/board.xml as part xc7vx485tffg1761-2 specified in board_part file is either invalid or not available
WARNING: [Board 49-26] cannot add Board Part xilinx.com:vc709:part0:1.8 available at C:/Xilinx/Vivado/2023.2/data/xhub/boards/XilinxBoardStore/boards/Xilinx/vc709/1.8/board.xml as part xc7vx690tffg1761-2 specified in board_part file is either invalid or not available
WARNING: [Board 49-26] cannot add Board Part xilinx.com:vck190:part0:2.2 available at C:/Xilinx/Vivado/2023.2/data/xhub/boards/XilinxBoardStore/boards/Xilinx/vck190/production/2.2/board.xml as part xcvc1902-vsva2197-2mp-e-s specified in board_part file is either invalid or not available
WARNING: [Board 49-26] cannot add Board Part xilinx.com:vck190:part0:3.0 available at C:/Xilinx/Vivado/2023.2/data/xhub/boards/XilinxBoardStore/boards/Xilinx/vck190/production/3.0/board.xml as part xcvc1902-vsva2197-2mp-e-s specified in board_part file is either invalid or not available
WARNING: [Board 49-26] cannot add Board Part xilinx.com:vck190:part0:3.1 available at C:/Xilinx/Vivado/2023.2/data/xhub/boards/XilinxBoardStore/boards/Xilinx/vck190/production/3.1/board.xml as part xcvc1902-vsva2197-2mp-e-s specified in board_part file is either invalid or not available
WARNING: [Board 49-26] cannot add Board Part xilinx.com:vck190:part0:3.2 available at C:/Xilinx/Vivado/2023.2/data/xhub/boards/XilinxBoardStore/boards/Xilinx/vck190/production/3.2/board.xml as part xcvc1902-vsva2197-2mp-e-s specified in board_part file is either invalid or not available
WARNING: [Board 49-26] cannot add Board Part xilinx.com:vck190_newl:part0:1.0 available at C:/Xilinx/Vivado/2023.2/data/xhub/boards/XilinxBoardStore/boards/Xilinx/vck190_newl/production/1.0/board.xml as part xcvc1902-vsva2197-2mp-e-s specified in board_part file is either invalid or not available
WARNING: [Board 49-26] cannot add Board Part xilinx.com:vck190_newl:part0:1.1 available at C:/Xilinx/Vivado/2023.2/data/xhub/boards/XilinxBoardStore/boards/Xilinx/vck190_newl/production/1.1/board.xml as part xcvc1902-vsva2197-2mp-e-s specified in board_part file is either invalid or not available
WARNING: [Board 49-26] cannot add Board Part xilinx.com:vcu108:part0:1.6 available at C:/Xilinx/Vivado/2023.2/data/xhub/boards/XilinxBoardStore/boards/Xilinx/vcu108/1.6/board.xml as part xcvu095-ffva2104-2-e specified in board_part file is either invalid or not available
WARNING: [Board 49-26] cannot add Board Part xilinx.com:vcu108:part0:1.7 available at C:/Xilinx/Vivado/2023.2/data/xhub/boards/XilinxBoardStore/boards/Xilinx/vcu108/1.7/board.xml as part xcvu095-ffva2104-2-e specified in board_part file is either invalid or not available
WARNING: [Board 49-26] cannot add Board Part xilinx.com:vcu110:part0:1.4 available at C:/Xilinx/Vivado/2023.2/data/xhub/boards/XilinxBoardStore/boards/Xilinx/vcu110/1.4/board.xml as part xcvu190-flgc2104-2-e specified in board_part file is either invalid or not available
WARNING: [Board 49-26] cannot add Board Part xilinx.com:vcu118:part0:2.0 available at C:/Xilinx/Vivado/2023.2/data/xhub/boards/XilinxBoardStore/boards/Xilinx/vcu118/2.0/board.xml as part xcvu9p-flga2104-2l-e specified in board_part file is either invalid or not available
WARNING: [Board 49-26] cannot add Board Part xilinx.com:vcu118:part0:2.3 available at C:/Xilinx/Vivado/2023.2/data/xhub/boards/XilinxBoardStore/boards/Xilinx/vcu118/2.3/board.xml as part xcvu9p-flga2104-2l-e specified in board_part file is either invalid or not available
WARNING: [Board 49-26] cannot add Board Part xilinx.com:vcu118:part0:2.4 available at C:/Xilinx/Vivado/2023.2/data/xhub/boards/XilinxBoardStore/boards/Xilinx/vcu118/2.4/board.xml as part xcvu9p-flga2104-2l-e specified in board_part file is either invalid or not available
WARNING: [Board 49-26] cannot add Board Part xilinx.com:vcu129:part0:1.0 available at C:/Xilinx/Vivado/2023.2/data/xhub/boards/XilinxBoardStore/boards/Xilinx/vcu129/production/1.0/board.xml as part xcvu29p-fsga2577-2l-e specified in board_part file is either invalid or not available
WARNING: [Board 49-26] cannot add Board Part xilinx.com:vcu1525:part0:1.3 available at C:/Xilinx/Vivado/2023.2/data/xhub/boards/XilinxBoardStore/boards/Xilinx/vcu1525/1.3/board.xml as part xcvu9p-fsgd2104-2l-e specified in board_part file is either invalid or not available
WARNING: [Board 49-26] cannot add Board Part xilinx.com:vek280:part0:1.0 available at C:/Xilinx/Vivado/2023.2/data/xhub/boards/XilinxBoardStore/boards/Xilinx/vek280/production/1.0/board.xml as part xcve2802-vsvh1760-2mp-e-s specified in board_part file is either invalid or not available
WARNING: [Board 49-26] cannot add Board Part xilinx.com:vek280_es:part0:1.0 available at C:/Xilinx/Vivado/2023.2/data/xhub/boards/XilinxBoardStore/boards/Xilinx/vek280/es/rev_a/1.0/board.xml as part xcve2802-vsvh1760-2lp-e-s-es1 specified in board_part file is either invalid or not available
WARNING: [Board 49-26] cannot add Board Part xilinx.com:vek280_es:part0:1.1 available at C:/Xilinx/Vivado/2023.2/data/xhub/boards/XilinxBoardStore/boards/Xilinx/vek280/es/rev_a/1.1/board.xml as part xcve2802-vsvh1760-2lp-e-s-es1 specified in board_part file is either invalid or not available
WARNING: [Board 49-26] cannot add Board Part xilinx.com:vek280_es_revb:part0:1.0 available at C:/Xilinx/Vivado/2023.2/data/xhub/boards/XilinxBoardStore/boards/Xilinx/vek280/es/rev_b/1.0/board.xml as part xcve2802-vsvh1760-2mp-e-s-es1 specified in board_part file is either invalid or not available
WARNING: [Board 49-26] cannot add Board Part xilinx.com:vek280_es_revb:part0:1.1 available at C:/Xilinx/Vivado/2023.2/data/xhub/boards/XilinxBoardStore/boards/Xilinx/vek280/es/rev_b/1.1/board.xml as part xcve2802-vsvh1760-2mp-e-s-es1 specified in board_part file is either invalid or not available
WARNING: [Board 49-26] cannot add Board Part xilinx.com:vermeo_t1_mpsoc:part0:1.0 available at C:/Xilinx/Vivado/2023.2/data/xhub/boards/XilinxBoardStore/boards/Xilinx/vermeo_t1_mpsoc/1.0/board.xml as part xczu19eg-ffvd1760-2l-e specified in board_part file is either invalid or not available
WARNING: [Board 49-26] cannot add Board Part xilinx.com:vermeo_t1_rfsoc:part0:1.0 available at C:/Xilinx/Vivado/2023.2/data/xhub/boards/XilinxBoardStore/boards/Xilinx/vermeo_t1_rfsoc/1.0/board.xml as part xczu21dr-ffvd1156-2l-e specified in board_part file is either invalid or not available
WARNING: [Board 49-26] cannot add Board Part xilinx.com:vhk158:part0:1.0 available at C:/Xilinx/Vivado/2023.2/data/xhub/boards/XilinxBoardStore/boards/Xilinx/vhk158/production/1.0/board.xml as part xcvh1582-vsva3697-2mp-e-s specified in board_part file is either invalid or not available
WARNING: [Board 49-26] cannot add Board Part xilinx.com:vhk158:part0:1.1 available at C:/Xilinx/Vivado/2023.2/data/xhub/boards/XilinxBoardStore/boards/Xilinx/vhk158/production/1.1/board.xml as part xcvh1582-vsva3697-2mp-e-s specified in board_part file is either invalid or not available
WARNING: [Board 49-26] cannot add Board Part xilinx.com:vhk158_es:part0:1.0 available at C:/Xilinx/Vivado/2023.2/data/xhub/boards/XilinxBoardStore/boards/Xilinx/vhk158/es/1.0/board.xml as part xcvh1582-vsva3697-2mp-e-s-es1 specified in board_part file is either invalid or not available
WARNING: [Board 49-26] cannot add Board Part xilinx.com:vhk158_es:part0:1.1 available at C:/Xilinx/Vivado/2023.2/data/xhub/boards/XilinxBoardStore/boards/Xilinx/vhk158/es/1.1/board.xml as part xcvh1582-vsva3697-2mp-e-s-es1 specified in board_part file is either invalid or not available
WARNING: [Board 49-26] cannot add Board Part xilinx.com:vmk180:part0:2.2 available at C:/Xilinx/Vivado/2023.2/data/xhub/boards/XilinxBoardStore/boards/Xilinx/vmk180/production/2.2/board.xml as part xcvm1802-vsva2197-2mp-e-s specified in board_part file is either invalid or not available
WARNING: [Board 49-26] cannot add Board Part xilinx.com:vmk180:part0:3.0 available at C:/Xilinx/Vivado/2023.2/data/xhub/boards/XilinxBoardStore/boards/Xilinx/vmk180/production/3.0/board.xml as part xcvm1802-vsva2197-2mp-e-s specified in board_part file is either invalid or not available
WARNING: [Board 49-26] cannot add Board Part xilinx.com:vmk180:part0:3.1 available at C:/Xilinx/Vivado/2023.2/data/xhub/boards/XilinxBoardStore/boards/Xilinx/vmk180/production/3.1/board.xml as part xcvm1802-vsva2197-2mp-e-s specified in board_part file is either invalid or not available
WARNING: [Board 49-26] cannot add Board Part xilinx.com:vmk180:part0:3.2 available at C:/Xilinx/Vivado/2023.2/data/xhub/boards/XilinxBoardStore/boards/Xilinx/vmk180/production/3.2/board.xml as part xcvm1802-vsva2197-2mp-e-s specified in board_part file is either invalid or not available
WARNING: [Board 49-26] cannot add Board Part xilinx.com:vmk180_newl:part0:1.0 available at C:/Xilinx/Vivado/2023.2/data/xhub/boards/XilinxBoardStore/boards/Xilinx/vmk180_newl/production/1.0/board.xml as part xcvm1802-vsva2197-2mp-e-s specified in board_part file is either invalid or not available
WARNING: [Board 49-26] cannot add Board Part xilinx.com:vmk180_newl:part0:1.1 available at C:/Xilinx/Vivado/2023.2/data/xhub/boards/XilinxBoardStore/boards/Xilinx/vmk180_newl/production/1.1/board.xml as part xcvm1802-vsva2197-2mp-e-s specified in board_part file is either invalid or not available
WARNING: [Board 49-26] cannot add Board Part xilinx.com:vpk120:part0:1.0 available at C:/Xilinx/Vivado/2023.2/data/xhub/boards/XilinxBoardStore/boards/Xilinx/vpk120/production/1.0/board.xml as part xcvp1202-vsva2785-2mp-e-s specified in board_part file is either invalid or not available
WARNING: [Board 49-26] cannot add Board Part xilinx.com:vpk120:part0:1.1 available at C:/Xilinx/Vivado/2023.2/data/xhub/boards/XilinxBoardStore/boards/Xilinx/vpk120/production/1.1/board.xml as part xcvp1202-vsva2785-2mp-e-s specified in board_part file is either invalid or not available
WARNING: [Board 49-26] cannot add Board Part xilinx.com:vpk120:part0:1.2 available at C:/Xilinx/Vivado/2023.2/data/xhub/boards/XilinxBoardStore/boards/Xilinx/vpk120/production/1.2/board.xml as part xcvp1202-vsva2785-2mp-e-s specified in board_part file is either invalid or not available
WARNING: [Board 49-26] cannot add Board Part xilinx.com:vpk180:part0:1.0 available at C:/Xilinx/Vivado/2023.2/data/xhub/boards/XilinxBoardStore/boards/Xilinx/vpk180/production/1.0/board.xml as part xcvp1802-lsvc4072-2mp-e-s specified in board_part file is either invalid or not available
WARNING: [Board 49-26] cannot add Board Part xilinx.com:vpk180:part0:1.1 available at C:/Xilinx/Vivado/2023.2/data/xhub/boards/XilinxBoardStore/boards/Xilinx/vpk180/production/1.1/board.xml as part xcvp1802-lsvc4072-2mp-e-s specified in board_part file is either invalid or not available
WARNING: [Board 49-26] cannot add Board Part xilinx.com:zc706:part0:1.4 available at C:/Xilinx/Vivado/2023.2/data/xhub/boards/XilinxBoardStore/boards/Xilinx/zc706/1.4/board.xml as part xc7z045ffg900-2 specified in board_part file is either invalid or not available
WARNING: [Board 49-26] cannot add Board Part xilinx.com:zcu102:part0:3.3 available at C:/Xilinx/Vivado/2023.2/data/xhub/boards/XilinxBoardStore/boards/Xilinx/zcu102/3.3/board.xml as part xczu9eg-ffvb1156-2-e specified in board_part file is either invalid or not available
WARNING: [Board 49-26] cannot add Board Part xilinx.com:zcu102:part0:3.4 available at C:/Xilinx/Vivado/2023.2/data/xhub/boards/XilinxBoardStore/boards/Xilinx/zcu102/3.4/board.xml as part xczu9eg-ffvb1156-2-e specified in board_part file is either invalid or not available
WARNING: [Board 49-26] cannot add Board Part xilinx.com:zcu111:part0:1.2 available at C:/Xilinx/Vivado/2023.2/data/xhub/boards/XilinxBoardStore/boards/Xilinx/zcu111/1.2/board.xml as part xczu28dr-ffvg1517-2-e specified in board_part file is either invalid or not available
WARNING: [Board 49-26] cannot add Board Part xilinx.com:zcu111:part0:1.3 available at C:/Xilinx/Vivado/2023.2/data/xhub/boards/XilinxBoardStore/boards/Xilinx/zcu111/1.3/board.xml as part xczu28dr-ffvg1517-2-e specified in board_part file is either invalid or not available
WARNING: [Board 49-26] cannot add Board Part xilinx.com:zcu111:part0:1.4 available at C:/Xilinx/Vivado/2023.2/data/xhub/boards/XilinxBoardStore/boards/Xilinx/zcu111/1.4/board.xml as part xczu28dr-ffvg1517-2-e specified in board_part file is either invalid or not available
WARNING: [Board 49-26] cannot add Board Part xilinx.com:zcu1275:part0:1.0 available at C:/Xilinx/Vivado/2023.2/data/xhub/boards/XilinxBoardStore/boards/Xilinx/zcu1275/1.0/board.xml as part xczu29dr-ffvf1760-2-e specified in board_part file is either invalid or not available
WARNING: [Board 49-26] cannot add Board Part xilinx.com:zcu1285:part0:1.0 available at C:/Xilinx/Vivado/2023.2/data/xhub/boards/XilinxBoardStore/boards/Xilinx/zcu1285/1.0/board.xml as part xczu39dr-ffvf1760-2-i specified in board_part file is either invalid or not available
WARNING: [Board 49-26] cannot add Board Part xilinx.com:zcu208:part0:2.0 available at C:/Xilinx/Vivado/2023.2/data/xhub/boards/XilinxBoardStore/boards/Xilinx/zcu208/production/2.0/board.xml as part xczu48dr-fsvg1517-2-e specified in board_part file is either invalid or not available
WARNING: [Board 49-26] cannot add Board Part xilinx.com:zcu208ld:part0:2.0 available at C:/Xilinx/Vivado/2023.2/data/xhub/boards/XilinxBoardStore/boards/Xilinx/zcu208ld/production/2.0/board.xml as part xczu58dr-fsvg1517-2-i specified in board_part file is either invalid or not available
WARNING: [Board 49-26] cannot add Board Part xilinx.com:zcu216:part0:2.0 available at C:/Xilinx/Vivado/2023.2/data/xhub/boards/XilinxBoardStore/boards/Xilinx/zcu216/production/2.0/board.xml as part xczu49dr-ffvf1760-2-e specified in board_part file is either invalid or not available
WARNING: [Board 49-26] cannot add Board Part xilinx.com:zcu216ld:part0:2.0 available at C:/Xilinx/Vivado/2023.2/data/xhub/boards/XilinxBoardStore/boards/Xilinx/zcu216ld/production/2.0/board.xml as part xczu59dr-ffvf1760-2-i specified in board_part file is either invalid or not available
WARNING: [Board 49-26] cannot add Board Part xilinx.com:zcu670:part0:2.0 available at C:/Xilinx/Vivado/2023.2/data/xhub/boards/XilinxBoardStore/boards/Xilinx/zcu670/2.0/board.xml as part xczu67dr-fsve1156-2-i specified in board_part file is either invalid or not available
WARNING: [Board 49-26] cannot add Board Part xilinx.com:zcu670ld:part0:1.0 available at C:/Xilinx/Vivado/2023.2/data/xhub/boards/XilinxBoardStore/boards/Xilinx/zcu670ld/1.0/board.xml as part xczu57dr-fsve1156-2-i specified in board_part file is either invalid or not available
INFO: [filemgmt 56-3] Default IP Output Path : Could not find the directory 'C:/Base/Base.gen/sources_1'.
Scanning sources...
Finished scanning sources
INFO: [IP_Flow 19-234] Refreshing IP repositories
INFO: [IP_Flow 19-1704] No user IP repositories specified
INFO: [IP_Flow 19-2313] Loaded Vivado IP repository 'C:/Xilinx/Vivado/2023.2/data/ip'.
open_project: Time (s): cpu = 00:00:22 ; elapsed = 00:00:10 . Memory (MB): peak = 1459.906 ; gain = 289.598
launch_simulation
Command: launch_simulation 
INFO: [Vivado 12-12493] Simulation top is 'processor_tb'
WARNING: [Vivado 12-13340] Unable to auto find GCC executables from simulator install path! (path not set)
INFO: [Vivado 12-5682] Launching behavioral simulation in 'C:/Base/Base.sim/sim_1/behav/xsim'
INFO: [SIM-utils-51] Simulation object is 'sim_1'
INFO: [SIM-utils-72] Using boost library from 'C:/Xilinx/Vivado/2023.2/tps/boost_1_72_0'
INFO: [SIM-utils-54] Inspecting design source files for 'processor_tb' in fileset 'sim_1'...
INFO: [SIM-utils-43] Exported 'C:/Base/Base.sim/sim_1/behav/xsim/program.mem'
INFO: [SIM-utils-43] Exported 'C:/Base/Base.sim/sim_1/behav/xsim/program.mem'
INFO: [USF-XSim-97] Finding global include files...
INFO: [USF-XSim-100] Fetching design files from 'sources_1'...(this may take a while)...
INFO: [USF-XSim-101] Fetching design files from 'sim_1'...
INFO: [USF-XSim-2] XSim::Compile design
INFO: [USF-XSim-61] Executing 'COMPILE and ANALYZE' step in 'C:/Base/Base.sim/sim_1/behav/xsim'
"xvlog --incr --relax -prj processor_tb_vlog.prj"
ECHO is off.
ECHO is off.
INFO: [VRFC 10-2263] Analyzing Verilog file "C:/Base/Base.srcs/sources_1/new/ALU.v" into library xil_defaultlib
INFO: [VRFC 10-311] analyzing module ALU
INFO: [VRFC 10-2263] Analyzing Verilog file "C:/Base/Base.srcs/sources_1/new/adder.v" into library xil_defaultlib
INFO: [VRFC 10-311] analyzing module adder
INFO: [VRFC 10-2263] Analyzing Verilog file "C:/Base/Base.srcs/sources_1/new/arithmeticrightshifter.v" into library xil_defaultlib
INFO: [VRFC 10-311] analyzing module arithmeticrightshifter
INFO: [VRFC 10-2263] Analyzing Verilog file "C:/Base/Base.srcs/sources_1/new/branchcomparator.v" into library xil_defaultlib
INFO: [VRFC 10-311] analyzing module branchcomparator
INFO: [VRFC 10-2263] Analyzing Verilog file "C:/Base/Base.srcs/sources_1/new/comparatorblock.v" into library xil_defaultlib
INFO: [VRFC 10-311] analyzing module comparatorblock
INFO: [VRFC 10-2263] Analyzing Verilog file "C:/Base/Base.srcs/sources_1/new/controlstore.v" into library xil_defaultlib
INFO: [VRFC 10-311] analyzing module controlstore
INFO: [VRFC 10-2263] Analyzing Verilog file "C:/Base/Base.srcs/sources_1/new/datacache.v" into library xil_defaultlib
INFO: [VRFC 10-311] analyzing module datacache
INFO: [VRFC 10-2263] Analyzing Verilog file "C:/Base/Base.srcs/sources_1/new/dff.v" into library xil_defaultlib
INFO: [VRFC 10-311] analyzing module dff
INFO: [VRFC 10-2263] Analyzing Verilog file "C:/Base/Base.srcs/sources_1/new/dff_en.v" into library xil_defaultlib
INFO: [VRFC 10-311] analyzing module dff_en
INFO: [VRFC 10-2263] Analyzing Verilog file "C:/Base/Base.srcs/sources_1/new/divider.v" into library xil_defaultlib
INFO: [VRFC 10-311] analyzing module divider
INFO: [VRFC 10-2263] Analyzing Verilog file "C:/Base/Base.srcs/sources_1/new/dlatch.v" into library xil_defaultlib
INFO: [VRFC 10-311] analyzing module dlatch
INFO: [VRFC 10-2263] Analyzing Verilog file "C:/Base/Base.srcs/sources_1/new/eightbitadder.v" into library xil_defaultlib
INFO: [VRFC 10-311] analyzing module eightbitadder
INFO: [VRFC 10-2263] Analyzing Verilog file "C:/Base/Base.srcs/sources_1/new/fivebitcomparator.v" into library xil_defaultlib
INFO: [VRFC 10-311] analyzing module fivebitcomparator
INFO: [VRFC 10-2263] Analyzing Verilog file "C:/Base/Base.srcs/sources_1/new/immediatevaluebuilder.v" into library xil_defaultlib
INFO: [VRFC 10-311] analyzing module immediatevaluebuilder
INFO: [VRFC 10-2263] Analyzing Verilog file "C:/Base/Base.srcs/sources_1/new/instructioncache.v" into library xil_defaultlib
INFO: [VRFC 10-311] analyzing module instructioncache
INFO: [VRFC 10-2263] Analyzing Verilog file "C:/Base/Base.srcs/sources_1/new/logicalleftshifter.v" into library xil_defaultlib
INFO: [VRFC 10-311] analyzing module logicalleftshifter
INFO: [VRFC 10-2263] Analyzing Verilog file "C:/Base/Base.srcs/sources_1/new/logicalrightshifter.v" into library xil_defaultlib
INFO: [VRFC 10-311] analyzing module logicalrightshifter
INFO: [VRFC 10-2263] Analyzing Verilog file "C:/Base/Base.srcs/sources_1/new/logicunit.v" into library xil_defaultlib
INFO: [VRFC 10-311] analyzing module logicunit
INFO: [VRFC 10-2263] Analyzing Verilog file "C:/Base/Base.srcs/sources_1/new/memory.v" into library xil_defaultlib
INFO: [VRFC 10-311] analyzing module memory
INFO: [VRFC 10-2263] Analyzing Verilog file "C:/Base/Base.srcs/sources_1/new/multiplier.v" into library xil_defaultlib
INFO: [VRFC 10-311] analyzing module multiplier
INFO: [VRFC 10-2263] Analyzing Verilog file "C:/Base/Base.srcs/sources_1/new/mux16_32bit.v" into library xil_defaultlib
INFO: [VRFC 10-311] analyzing module mux16_32bit
INFO: [VRFC 10-2263] Analyzing Verilog file "C:/Base/Base.srcs/sources_1/new/mux2.v" into library xil_defaultlib
INFO: [VRFC 10-311] analyzing module mux2
INFO: [VRFC 10-2263] Analyzing Verilog file "C:/Base/Base.srcs/sources_1/new/mux2_32bit.v" into library xil_defaultlib
INFO: [VRFC 10-311] analyzing module mux2_32bit
INFO: [VRFC 10-2263] Analyzing Verilog file "C:/Base/Base.srcs/sources_1/new/mux32_32bit.v" into library xil_defaultlib
INFO: [VRFC 10-311] analyzing module mux32_32bit
INFO: [VRFC 10-2263] Analyzing Verilog file "C:/Base/Base.srcs/sources_1/new/mux4.v" into library xil_defaultlib
INFO: [VRFC 10-311] analyzing module mux4
INFO: [VRFC 10-2263] Analyzing Verilog file "C:/Base/Base.srcs/sources_1/new/mux4_32bit.v" into library xil_defaultlib
INFO: [VRFC 10-311] analyzing module mux4_32bit
INFO: [VRFC 10-2263] Analyzing Verilog file "C:/Base/Base.srcs/sources_1/new/mux8_32bit.v" into library xil_defaultlib
INFO: [VRFC 10-311] analyzing module mux8_32bit
INFO: [VRFC 10-2263] Analyzing Verilog file "C:/Base/Base.srcs/sources_1/new/reg32_en.v" into library xil_defaultlib
INFO: [VRFC 10-311] analyzing module reg32_en
INFO: [VRFC 10-2263] Analyzing Verilog file "C:/Base/Base.srcs/sources_1/new/shifter.v" into library xil_defaultlib
INFO: [VRFC 10-311] analyzing module shifter
INFO: [VRFC 10-2263] Analyzing Verilog file "C:/Base/Base.srcs/sources_1/new/signedcomparator_32bit.v" into library xil_defaultlib
INFO: [VRFC 10-311] analyzing module signedcomparator_32bit
INFO: [VRFC 10-2263] Analyzing Verilog file "C:/Base/Base.srcs/sources_1/new/unsignedcomparator_32bit.v" into library xil_defaultlib
INFO: [VRFC 10-311] analyzing module unsignedcomparator_32bit
INFO: [VRFC 10-2263] Analyzing Verilog file "C:/Base/Base.srcs/sources_1/new/processor.v" into library xil_defaultlib
INFO: [VRFC 10-311] analyzing module processor
INFO: [VRFC 10-2263] Analyzing Verilog file "C:/Base/Base.srcs/sources_1/new/registerfile.v" into library xil_defaultlib
INFO: [VRFC 10-311] analyzing module registerfile
INFO: [VRFC 10-2263] Analyzing Verilog file "C:/Base/Base.srcs/sim_1/new/processor_tb.v" into library xil_defaultlib
INFO: [VRFC 10-311] analyzing module processor_tb
INFO: [USF-XSim-69] 'compile' step finished in '4' seconds
INFO: [USF-XSim-3] XSim::Elaborate design
INFO: [USF-XSim-61] Executing 'ELABORATE' step in 'C:/Base/Base.sim/sim_1/behav/xsim'
"xelab --incr --debug typical --relax --mt 2 -L xil_defaultlib -L unisims_ver -L unimacro_ver -L secureip --snapshot processor_tb_behav xil_defaultlib.processor_tb xil_defaultlib.glbl -log elaborate.log"
ECHO is off.
ECHO is off.
Vivado Simulator v2023.2
Copyright 1986-2022 Xilinx, Inc. All Rights Reserved.
Copyright 2022-2023 Advanced Micro Devices, Inc. All Rights Reserved.
Running: C:/Xilinx/Vivado/2023.2/bin/unwrapped/win64.o/xelab.exe --incr --debug typical --relax --mt 2 -L xil_defaultlib -L unisims_ver -L unimacro_ver -L secureip --snapshot processor_tb_behav xil_defaultlib.processor_tb xil_defaultlib.glbl -log elaborate.log 
Using 2 slave threads.
Starting static elaboration
Pass Through NonSizing Optimizer
ERROR: [VRFC 10-2538] module instantiation should have an instance name [C:/Base/Base.srcs/sources_1/new/logicalrightshifter.v:13]
ERROR: [VRFC 10-2538] module instantiation should have an instance name [C:/Base/Base.srcs/sources_1/new/logicalrightshifter.v:14]
ERROR: [VRFC 10-2538] module instantiation should have an instance name [C:/Base/Base.srcs/sources_1/new/logicalrightshifter.v:15]
ERROR: [VRFC 10-2538] module instantiation should have an instance name [C:/Base/Base.srcs/sources_1/new/logicalrightshifter.v:16]
ERROR: [VRFC 10-2538] module instantiation should have an instance name [C:/Base/Base.srcs/sources_1/new/logicalrightshifter.v:17]
ERROR: [VRFC 10-2538] module instantiation should have an instance name [C:/Base/Base.srcs/sources_1/new/logicalrightshifter.v:18]
ERROR: [VRFC 10-2538] module instantiation should have an instance name [C:/Base/Base.srcs/sources_1/new/logicalrightshifter.v:19]
ERROR: [VRFC 10-2538] module instantiation should have an instance name [C:/Base/Base.srcs/sources_1/new/logicalrightshifter.v:20]
ERROR: [VRFC 10-2538] module instantiation should have an instance name [C:/Base/Base.srcs/sources_1/new/logicalrightshifter.v:21]
ERROR: [VRFC 10-2538] module instantiation should have an instance name [C:/Base/Base.srcs/sources_1/new/logicalrightshifter.v:22]
ERROR: [VRFC 10-2538] module instantiation should have an instance name [C:/Base/Base.srcs/sources_1/new/logicalrightshifter.v:23]
ERROR: [VRFC 10-2538] module instantiation should have an instance name [C:/Base/Base.srcs/sources_1/new/logicalrightshifter.v:24]
ERROR: [VRFC 10-2538] module instantiation should have an instance name [C:/Base/Base.srcs/sources_1/new/logicalrightshifter.v:25]
ERROR: [VRFC 10-2538] module instantiation should have an instance name [C:/Base/Base.srcs/sources_1/new/logicalrightshifter.v:26]
ERROR: [VRFC 10-2538] module instantiation should have an instance name [C:/Base/Base.srcs/sources_1/new/logicalrightshifter.v:27]
ERROR: [VRFC 10-2538] module instantiation should have an instance name [C:/Base/Base.srcs/sources_1/new/logicalrightshifter.v:28]
ERROR: [VRFC 10-2538] module instantiation should have an instance name [C:/Base/Base.srcs/sources_1/new/logicalrightshifter.v:29]
ERROR: [VRFC 10-2538] module instantiation should have an instance name [C:/Base/Base.srcs/sources_1/new/logicalrightshifter.v:30]
ERROR: [VRFC 10-2538] module instantiation should have an instance name [C:/Base/Base.srcs/sources_1/new/logicalrightshifter.v:31]
INFO: [#UNDEF] Sorry, too many errors..
ERROR: [XSIM 43-3322] Static elaboration of top level Verilog design unit(s) in library work failed.
INFO: [USF-XSim-69] 'elaborate' step finished in '1' seconds
INFO: [USF-XSim-99] Step results log file:'C:/Base/Base.sim/sim_1/behav/xsim/elaborate.log'
ERROR: [USF-XSim-62] 'elaborate' step failed with error(s). Please check the Tcl console output or 'C:/Base/Base.sim/sim_1/behav/xsim/elaborate.log' file for more information.
ERROR: [Vivado 12-4473] Detected error while running simulation. Please correct the issue and retry this operation.
launch_simulation: Time (s): cpu = 00:00:01 ; elapsed = 00:00:05 . Memory (MB): peak = 1478.984 ; gain = 4.230
ERROR: [Common 17-39] 'launch_simulation' failed due to earlier errors.
launch_simulation
Command: launch_simulation 
INFO: [Vivado 12-12493] Simulation top is 'processor_tb'
WARNING: [Vivado 12-13340] Unable to auto find GCC executables from simulator install path! (path not set)
INFO: [Vivado 12-5682] Launching behavioral simulation in 'C:/Base/Base.sim/sim_1/behav/xsim'
INFO: [SIM-utils-51] Simulation object is 'sim_1'
INFO: [SIM-utils-72] Using boost library from 'C:/Xilinx/Vivado/2023.2/tps/boost_1_72_0'
INFO: [SIM-utils-54] Inspecting design source files for 'processor_tb' in fileset 'sim_1'...
INFO: [SIM-utils-43] Exported 'C:/Base/Base.sim/sim_1/behav/xsim/program.mem'
INFO: [SIM-utils-43] Exported 'C:/Base/Base.sim/sim_1/behav/xsim/program.mem'
INFO: [USF-XSim-97] Finding global include files...
INFO: [USF-XSim-100] Fetching design files from 'sources_1'...(this may take a while)...
INFO: [USF-XSim-101] Fetching design files from 'sim_1'...
INFO: [USF-XSim-2] XSim::Compile design
INFO: [USF-XSim-61] Executing 'COMPILE and ANALYZE' step in 'C:/Base/Base.sim/sim_1/behav/xsim'
"xvlog --incr --relax -prj processor_tb_vlog.prj"
ECHO is off.
ECHO is off.
INFO: [VRFC 10-2263] Analyzing Verilog file "C:/Base/Base.srcs/sources_1/new/ALU.v" into library xil_defaultlib
INFO: [VRFC 10-311] analyzing module ALU
INFO: [VRFC 10-2263] Analyzing Verilog file "C:/Base/Base.srcs/sources_1/new/adder.v" into library xil_defaultlib
INFO: [VRFC 10-311] analyzing module adder
INFO: [VRFC 10-2263] Analyzing Verilog file "C:/Base/Base.srcs/sources_1/new/arithmeticrightshifter.v" into library xil_defaultlib
INFO: [VRFC 10-311] analyzing module arithmeticrightshifter
INFO: [VRFC 10-2263] Analyzing Verilog file "C:/Base/Base.srcs/sources_1/new/branchcomparator.v" into library xil_defaultlib
INFO: [VRFC 10-311] analyzing module branchcomparator
INFO: [VRFC 10-2263] Analyzing Verilog file "C:/Base/Base.srcs/sources_1/new/comparatorblock.v" into library xil_defaultlib
INFO: [VRFC 10-311] analyzing module comparatorblock
INFO: [VRFC 10-2263] Analyzing Verilog file "C:/Base/Base.srcs/sources_1/new/controlstore.v" into library xil_defaultlib
INFO: [VRFC 10-311] analyzing module controlstore
INFO: [VRFC 10-2263] Analyzing Verilog file "C:/Base/Base.srcs/sources_1/new/datacache.v" into library xil_defaultlib
INFO: [VRFC 10-311] analyzing module datacache
INFO: [VRFC 10-2263] Analyzing Verilog file "C:/Base/Base.srcs/sources_1/new/dff.v" into library xil_defaultlib
INFO: [VRFC 10-311] analyzing module dff
INFO: [VRFC 10-2263] Analyzing Verilog file "C:/Base/Base.srcs/sources_1/new/dff_en.v" into library xil_defaultlib
INFO: [VRFC 10-311] analyzing module dff_en
INFO: [VRFC 10-2263] Analyzing Verilog file "C:/Base/Base.srcs/sources_1/new/divider.v" into library xil_defaultlib
INFO: [VRFC 10-311] analyzing module divider
INFO: [VRFC 10-2263] Analyzing Verilog file "C:/Base/Base.srcs/sources_1/new/dlatch.v" into library xil_defaultlib
INFO: [VRFC 10-311] analyzing module dlatch
INFO: [VRFC 10-2263] Analyzing Verilog file "C:/Base/Base.srcs/sources_1/new/eightbitadder.v" into library xil_defaultlib
INFO: [VRFC 10-311] analyzing module eightbitadder
INFO: [VRFC 10-2263] Analyzing Verilog file "C:/Base/Base.srcs/sources_1/new/fivebitcomparator.v" into library xil_defaultlib
INFO: [VRFC 10-311] analyzing module fivebitcomparator
INFO: [VRFC 10-2263] Analyzing Verilog file "C:/Base/Base.srcs/sources_1/new/immediatevaluebuilder.v" into library xil_defaultlib
INFO: [VRFC 10-311] analyzing module immediatevaluebuilder
INFO: [VRFC 10-2263] Analyzing Verilog file "C:/Base/Base.srcs/sources_1/new/instructioncache.v" into library xil_defaultlib
INFO: [VRFC 10-311] analyzing module instructioncache
INFO: [VRFC 10-2263] Analyzing Verilog file "C:/Base/Base.srcs/sources_1/new/logicalleftshifter.v" into library xil_defaultlib
INFO: [VRFC 10-311] analyzing module logicalleftshifter
INFO: [VRFC 10-2263] Analyzing Verilog file "C:/Base/Base.srcs/sources_1/new/logicalrightshifter.v" into library xil_defaultlib
INFO: [VRFC 10-311] analyzing module logicalrightshifter
INFO: [VRFC 10-2263] Analyzing Verilog file "C:/Base/Base.srcs/sources_1/new/logicunit.v" into library xil_defaultlib
INFO: [VRFC 10-311] analyzing module logicunit
INFO: [VRFC 10-2263] Analyzing Verilog file "C:/Base/Base.srcs/sources_1/new/memory.v" into library xil_defaultlib
INFO: [VRFC 10-311] analyzing module memory
INFO: [VRFC 10-2263] Analyzing Verilog file "C:/Base/Base.srcs/sources_1/new/multiplier.v" into library xil_defaultlib
INFO: [VRFC 10-311] analyzing module multiplier
INFO: [VRFC 10-2263] Analyzing Verilog file "C:/Base/Base.srcs/sources_1/new/mux16_32bit.v" into library xil_defaultlib
INFO: [VRFC 10-311] analyzing module mux16_32bit
INFO: [VRFC 10-2263] Analyzing Verilog file "C:/Base/Base.srcs/sources_1/new/mux2.v" into library xil_defaultlib
INFO: [VRFC 10-311] analyzing module mux2
INFO: [VRFC 10-2263] Analyzing Verilog file "C:/Base/Base.srcs/sources_1/new/mux2_32bit.v" into library xil_defaultlib
INFO: [VRFC 10-311] analyzing module mux2_32bit
INFO: [VRFC 10-2263] Analyzing Verilog file "C:/Base/Base.srcs/sources_1/new/mux32_32bit.v" into library xil_defaultlib
INFO: [VRFC 10-311] analyzing module mux32_32bit
INFO: [VRFC 10-2263] Analyzing Verilog file "C:/Base/Base.srcs/sources_1/new/mux4.v" into library xil_defaultlib
INFO: [VRFC 10-311] analyzing module mux4
INFO: [VRFC 10-2263] Analyzing Verilog file "C:/Base/Base.srcs/sources_1/new/mux4_32bit.v" into library xil_defaultlib
INFO: [VRFC 10-311] analyzing module mux4_32bit
INFO: [VRFC 10-2263] Analyzing Verilog file "C:/Base/Base.srcs/sources_1/new/mux8_32bit.v" into library xil_defaultlib
INFO: [VRFC 10-311] analyzing module mux8_32bit
INFO: [VRFC 10-2263] Analyzing Verilog file "C:/Base/Base.srcs/sources_1/new/reg32_en.v" into library xil_defaultlib
INFO: [VRFC 10-311] analyzing module reg32_en
INFO: [VRFC 10-2263] Analyzing Verilog file "C:/Base/Base.srcs/sources_1/new/shifter.v" into library xil_defaultlib
INFO: [VRFC 10-311] analyzing module shifter
INFO: [VRFC 10-2263] Analyzing Verilog file "C:/Base/Base.srcs/sources_1/new/signedcomparator_32bit.v" into library xil_defaultlib
INFO: [VRFC 10-311] analyzing module signedcomparator_32bit
INFO: [VRFC 10-2263] Analyzing Verilog file "C:/Base/Base.srcs/sources_1/new/unsignedcomparator_32bit.v" into library xil_defaultlib
INFO: [VRFC 10-311] analyzing module unsignedcomparator_32bit
INFO: [VRFC 10-2263] Analyzing Verilog file "C:/Base/Base.srcs/sources_1/new/processor.v" into library xil_defaultlib
INFO: [VRFC 10-311] analyzing module processor
INFO: [VRFC 10-2263] Analyzing Verilog file "C:/Base/Base.srcs/sources_1/new/registerfile.v" into library xil_defaultlib
INFO: [VRFC 10-311] analyzing module registerfile
INFO: [VRFC 10-2263] Analyzing Verilog file "C:/Base/Base.srcs/sim_1/new/processor_tb.v" into library xil_defaultlib
INFO: [VRFC 10-311] analyzing module processor_tb
INFO: [USF-XSim-69] 'compile' step finished in '3' seconds
INFO: [USF-XSim-3] XSim::Elaborate design
INFO: [USF-XSim-61] Executing 'ELABORATE' step in 'C:/Base/Base.sim/sim_1/behav/xsim'
"xelab --incr --debug typical --relax --mt 2 -L xil_defaultlib -L unisims_ver -L unimacro_ver -L secureip --snapshot processor_tb_behav xil_defaultlib.processor_tb xil_defaultlib.glbl -log elaborate.log"
ECHO is off.
ECHO is off.
Vivado Simulator v2023.2
Copyright 1986-2022 Xilinx, Inc. All Rights Reserved.
Copyright 2022-2023 Advanced Micro Devices, Inc. All Rights Reserved.
Running: C:/Xilinx/Vivado/2023.2/bin/unwrapped/win64.o/xelab.exe --incr --debug typical --relax --mt 2 -L xil_defaultlib -L unisims_ver -L unimacro_ver -L secureip --snapshot processor_tb_behav xil_defaultlib.processor_tb xil_defaultlib.glbl -log elaborate.log 
Using 2 slave threads.
Starting static elaboration
Pass Through NonSizing Optimizer
ERROR: [VRFC 10-2991] 'memory' is not declared under prefix 'uut' [C:/Base/Base.srcs/sim_1/new/processor_tb.v:29]
ERROR: [VRFC 10-2991] 'q' is not declared under prefix 'PC' [C:/Base/Base.srcs/sim_1/new/processor_tb.v:35]
ERROR: [VRFC 10-2991] 'q' is not declared under prefix 'ID_VALID' [C:/Base/Base.srcs/sim_1/new/processor_tb.v:40]
ERROR: [VRFC 10-2991] 'q' is not declared under prefix 'EX_VALID' [C:/Base/Base.srcs/sim_1/new/processor_tb.v:41]
ERROR: [VRFC 10-2991] 'q' is not declared under prefix 'MEM_VALID' [C:/Base/Base.srcs/sim_1/new/processor_tb.v:42]
ERROR: [VRFC 10-2991] 'q' is not declared under prefix 'WB_VALID' [C:/Base/Base.srcs/sim_1/new/processor_tb.v:43]
ERROR: [XSIM 43-3322] Static elaboration of top level Verilog design unit(s) in library work failed.
INFO: [USF-XSim-69] 'elaborate' step finished in '1' seconds
INFO: [USF-XSim-99] Step results log file:'C:/Base/Base.sim/sim_1/behav/xsim/elaborate.log'
ERROR: [USF-XSim-62] 'elaborate' step failed with error(s). Please check the Tcl console output or 'C:/Base/Base.sim/sim_1/behav/xsim/elaborate.log' file for more information.
ERROR: [Vivado 12-4473] Detected error while running simulation. Please correct the issue and retry this operation.
ERROR: [Common 17-39] 'launch_simulation' failed due to earlier errors.
close [ open C:/Base/Base.srcs/sources_1/new/reg32_en_reset.v w ]
add_files C:/Base/Base.srcs/sources_1/new/reg32_en_reset.v
close [ open C:/Base/Base.srcs/sources_1/new/dff_en_reset.v w ]
add_files C:/Base/Base.srcs/sources_1/new/dff_en_reset.v
close [ open C:/Base/Base.srcs/sources_1/new/dff_reset.v w ]
add_files C:/Base/Base.srcs/sources_1/new/dff_reset.v
launch_simulation
Command: launch_simulation 
INFO: [Vivado 12-12493] Simulation top is 'processor_tb'
WARNING: [Vivado 12-13340] Unable to auto find GCC executables from simulator install path! (path not set)
INFO: [Vivado 12-5682] Launching behavioral simulation in 'C:/Base/Base.sim/sim_1/behav/xsim'
INFO: [SIM-utils-51] Simulation object is 'sim_1'
INFO: [SIM-utils-72] Using boost library from 'C:/Xilinx/Vivado/2023.2/tps/boost_1_72_0'
INFO: [SIM-utils-54] Inspecting design source files for 'processor_tb' in fileset 'sim_1'...
INFO: [SIM-utils-43] Exported 'C:/Base/Base.sim/sim_1/behav/xsim/program.mem'
INFO: [SIM-utils-43] Exported 'C:/Base/Base.sim/sim_1/behav/xsim/program.mem'
INFO: [USF-XSim-97] Finding global include files...
INFO: [USF-XSim-100] Fetching design files from 'sources_1'...(this may take a while)...
INFO: [USF-XSim-101] Fetching design files from 'sim_1'...
INFO: [USF-XSim-2] XSim::Compile design
INFO: [USF-XSim-61] Executing 'COMPILE and ANALYZE' step in 'C:/Base/Base.sim/sim_1/behav/xsim'
"xvlog --incr --relax -prj processor_tb_vlog.prj"
ECHO is off.
ECHO is off.
INFO: [VRFC 10-2263] Analyzing Verilog file "C:/Base/Base.srcs/sources_1/new/ALU.v" into library xil_defaultlib
INFO: [VRFC 10-311] analyzing module ALU
INFO: [VRFC 10-2263] Analyzing Verilog file "C:/Base/Base.srcs/sources_1/new/adder.v" into library xil_defaultlib
INFO: [VRFC 10-311] analyzing module adder
INFO: [VRFC 10-2263] Analyzing Verilog file "C:/Base/Base.srcs/sources_1/new/arithmeticrightshifter.v" into library xil_defaultlib
INFO: [VRFC 10-311] analyzing module arithmeticrightshifter
INFO: [VRFC 10-2263] Analyzing Verilog file "C:/Base/Base.srcs/sources_1/new/branchcomparator.v" into library xil_defaultlib
INFO: [VRFC 10-311] analyzing module branchcomparator
INFO: [VRFC 10-2263] Analyzing Verilog file "C:/Base/Base.srcs/sources_1/new/comparatorblock.v" into library xil_defaultlib
INFO: [VRFC 10-311] analyzing module comparatorblock
INFO: [VRFC 10-2263] Analyzing Verilog file "C:/Base/Base.srcs/sources_1/new/controlstore.v" into library xil_defaultlib
INFO: [VRFC 10-311] analyzing module controlstore
INFO: [VRFC 10-2263] Analyzing Verilog file "C:/Base/Base.srcs/sources_1/new/datacache.v" into library xil_defaultlib
INFO: [VRFC 10-311] analyzing module datacache
INFO: [VRFC 10-2263] Analyzing Verilog file "C:/Base/Base.srcs/sources_1/new/dff.v" into library xil_defaultlib
INFO: [VRFC 10-311] analyzing module dff
INFO: [VRFC 10-2263] Analyzing Verilog file "C:/Base/Base.srcs/sources_1/new/dff_en.v" into library xil_defaultlib
INFO: [VRFC 10-311] analyzing module dff_en
INFO: [VRFC 10-2263] Analyzing Verilog file "C:/Base/Base.srcs/sources_1/new/divider.v" into library xil_defaultlib
INFO: [VRFC 10-311] analyzing module divider
INFO: [VRFC 10-2263] Analyzing Verilog file "C:/Base/Base.srcs/sources_1/new/dlatch.v" into library xil_defaultlib
INFO: [VRFC 10-311] analyzing module dlatch
INFO: [VRFC 10-2263] Analyzing Verilog file "C:/Base/Base.srcs/sources_1/new/eightbitadder.v" into library xil_defaultlib
INFO: [VRFC 10-311] analyzing module eightbitadder
INFO: [VRFC 10-2263] Analyzing Verilog file "C:/Base/Base.srcs/sources_1/new/fivebitcomparator.v" into library xil_defaultlib
INFO: [VRFC 10-311] analyzing module fivebitcomparator
INFO: [VRFC 10-2263] Analyzing Verilog file "C:/Base/Base.srcs/sources_1/new/immediatevaluebuilder.v" into library xil_defaultlib
INFO: [VRFC 10-311] analyzing module immediatevaluebuilder
INFO: [VRFC 10-2263] Analyzing Verilog file "C:/Base/Base.srcs/sources_1/new/instructioncache.v" into library xil_defaultlib
INFO: [VRFC 10-311] analyzing module instructioncache
INFO: [VRFC 10-2263] Analyzing Verilog file "C:/Base/Base.srcs/sources_1/new/logicalleftshifter.v" into library xil_defaultlib
INFO: [VRFC 10-311] analyzing module logicalleftshifter
INFO: [VRFC 10-2263] Analyzing Verilog file "C:/Base/Base.srcs/sources_1/new/logicalrightshifter.v" into library xil_defaultlib
INFO: [VRFC 10-311] analyzing module logicalrightshifter
INFO: [VRFC 10-2263] Analyzing Verilog file "C:/Base/Base.srcs/sources_1/new/logicunit.v" into library xil_defaultlib
INFO: [VRFC 10-311] analyzing module logicunit
INFO: [VRFC 10-2263] Analyzing Verilog file "C:/Base/Base.srcs/sources_1/new/memory.v" into library xil_defaultlib
INFO: [VRFC 10-311] analyzing module memory
INFO: [VRFC 10-2263] Analyzing Verilog file "C:/Base/Base.srcs/sources_1/new/multiplier.v" into library xil_defaultlib
INFO: [VRFC 10-311] analyzing module multiplier
INFO: [VRFC 10-2263] Analyzing Verilog file "C:/Base/Base.srcs/sources_1/new/mux16_32bit.v" into library xil_defaultlib
INFO: [VRFC 10-311] analyzing module mux16_32bit
INFO: [VRFC 10-2263] Analyzing Verilog file "C:/Base/Base.srcs/sources_1/new/mux2.v" into library xil_defaultlib
INFO: [VRFC 10-311] analyzing module mux2
INFO: [VRFC 10-2263] Analyzing Verilog file "C:/Base/Base.srcs/sources_1/new/mux2_32bit.v" into library xil_defaultlib
INFO: [VRFC 10-311] analyzing module mux2_32bit
INFO: [VRFC 10-2263] Analyzing Verilog file "C:/Base/Base.srcs/sources_1/new/mux32_32bit.v" into library xil_defaultlib
INFO: [VRFC 10-311] analyzing module mux32_32bit
INFO: [VRFC 10-2263] Analyzing Verilog file "C:/Base/Base.srcs/sources_1/new/mux4.v" into library xil_defaultlib
INFO: [VRFC 10-311] analyzing module mux4
INFO: [VRFC 10-2263] Analyzing Verilog file "C:/Base/Base.srcs/sources_1/new/mux4_32bit.v" into library xil_defaultlib
INFO: [VRFC 10-311] analyzing module mux4_32bit
INFO: [VRFC 10-2263] Analyzing Verilog file "C:/Base/Base.srcs/sources_1/new/mux8_32bit.v" into library xil_defaultlib
INFO: [VRFC 10-311] analyzing module mux8_32bit
INFO: [VRFC 10-2263] Analyzing Verilog file "C:/Base/Base.srcs/sources_1/new/reg32_en.v" into library xil_defaultlib
INFO: [VRFC 10-311] analyzing module reg32_en
INFO: [VRFC 10-2263] Analyzing Verilog file "C:/Base/Base.srcs/sources_1/new/shifter.v" into library xil_defaultlib
INFO: [VRFC 10-311] analyzing module shifter
INFO: [VRFC 10-2263] Analyzing Verilog file "C:/Base/Base.srcs/sources_1/new/signedcomparator_32bit.v" into library xil_defaultlib
INFO: [VRFC 10-311] analyzing module signedcomparator_32bit
INFO: [VRFC 10-2263] Analyzing Verilog file "C:/Base/Base.srcs/sources_1/new/unsignedcomparator_32bit.v" into library xil_defaultlib
INFO: [VRFC 10-311] analyzing module unsignedcomparator_32bit
INFO: [VRFC 10-2263] Analyzing Verilog file "C:/Base/Base.srcs/sources_1/new/processor.v" into library xil_defaultlib
INFO: [VRFC 10-311] analyzing module processor
INFO: [VRFC 10-2263] Analyzing Verilog file "C:/Base/Base.srcs/sources_1/new/registerfile.v" into library xil_defaultlib
INFO: [VRFC 10-311] analyzing module registerfile
INFO: [VRFC 10-2263] Analyzing Verilog file "C:/Base/Base.srcs/sources_1/new/reg32_en_reset.v" into library xil_defaultlib
INFO: [VRFC 10-311] analyzing module reg32_en_reset
INFO: [VRFC 10-2263] Analyzing Verilog file "C:/Base/Base.srcs/sources_1/new/dff_en_reset.v" into library xil_defaultlib
INFO: [VRFC 10-311] analyzing module dff_en_reset
INFO: [VRFC 10-2263] Analyzing Verilog file "C:/Base/Base.srcs/sources_1/new/dff_reset.v" into library xil_defaultlib
INFO: [VRFC 10-311] analyzing module dff_reset
INFO: [VRFC 10-2263] Analyzing Verilog file "C:/Base/Base.srcs/sim_1/new/processor_tb.v" into library xil_defaultlib
INFO: [VRFC 10-311] analyzing module processor_tb
INFO: [USF-XSim-69] 'compile' step finished in '3' seconds
INFO: [USF-XSim-3] XSim::Elaborate design
INFO: [USF-XSim-61] Executing 'ELABORATE' step in 'C:/Base/Base.sim/sim_1/behav/xsim'
"xelab --incr --debug typical --relax --mt 2 -L xil_defaultlib -L unisims_ver -L unimacro_ver -L secureip --snapshot processor_tb_behav xil_defaultlib.processor_tb xil_defaultlib.glbl -log elaborate.log"
ECHO is off.
ECHO is off.
Vivado Simulator v2023.2
Copyright 1986-2022 Xilinx, Inc. All Rights Reserved.
Copyright 2022-2023 Advanced Micro Devices, Inc. All Rights Reserved.
Running: C:/Xilinx/Vivado/2023.2/bin/unwrapped/win64.o/xelab.exe --incr --debug typical --relax --mt 2 -L xil_defaultlib -L unisims_ver -L unimacro_ver -L secureip --snapshot processor_tb_behav xil_defaultlib.processor_tb xil_defaultlib.glbl -log elaborate.log 
Using 2 slave threads.
Starting static elaboration
Pass Through NonSizing Optimizer
Completed static elaboration
Starting simulation data flow analysis
Completed simulation data flow analysis
Time Resolution for simulation is 1ps
Compiling module xil_defaultlib.memory
Compiling module xil_defaultlib.mux2
Compiling module xil_defaultlib.dlatch
Compiling module xil_defaultlib.dff_reset
Compiling module xil_defaultlib.dff_en_reset
Compiling module xil_defaultlib.reg32_en_reset_default
Compiling module xil_defaultlib.eightbitadder
Compiling module xil_defaultlib.adder
Compiling module xil_defaultlib.mux2_32bit_default
Compiling module xil_defaultlib.dff
Compiling module xil_defaultlib.dff_en
Compiling module xil_defaultlib.reg32_en_default
Compiling module xil_defaultlib.mux4
Compiling module xil_defaultlib.mux4_32bit_default
Compiling module xil_defaultlib.immediatevaluebuilder
Compiling module xil_defaultlib.mux32_32bit
Compiling module xil_defaultlib.fivebitcomparator
Compiling module xil_defaultlib.registerfile
Compiling module xil_defaultlib.mux8_32bit
Compiling module xil_defaultlib.mux16_32bit
Compiling module xil_defaultlib.controlstore
Compiling module xil_defaultlib.logicalrightshifter
Compiling module xil_defaultlib.arithmeticrightshifter
Compiling module xil_defaultlib.logicalleftshifter
Compiling module xil_defaultlib.shifter
Compiling module xil_defaultlib.comparatorblock
Compiling module xil_defaultlib.signedcomparator_32bit_default
Compiling module xil_defaultlib.unsignedcomparator_32bit_default
Compiling module xil_defaultlib.logicunit
Compiling module xil_defaultlib.multiplier
Compiling module xil_defaultlib.divider
Compiling module xil_defaultlib.ALU
Compiling module xil_defaultlib.branchcomparator
Compiling module xil_defaultlib.processor
Compiling module xil_defaultlib.processor_tb
Compiling module xil_defaultlib.glbl
Built simulation snapshot processor_tb_behav
run_program: Time (s): cpu = 00:00:00 ; elapsed = 00:00:05 . Memory (MB): peak = 1518.879 ; gain = 0.000
INFO: [USF-XSim-69] 'elaborate' step finished in '5' seconds
INFO: [USF-XSim-4] XSim::Simulate design
INFO: [USF-XSim-61] Executing 'SIMULATE' step in 'C:/Base/Base.sim/sim_1/behav/xsim'
INFO: [USF-XSim-98] *** Running xsim
   with args "processor_tb_behav -key {Behavioral:sim_1:Functional:processor_tb} -tclbatch {processor_tb.tcl} -log {simulate.log}"
INFO: [USF-XSim-8] Loading simulator feature
Time resolution is 1 ps
source processor_tb.tcl
# set curr_wave [current_wave_config]
# if { [string length $curr_wave] == 0 } {
#   if { [llength [get_objects]] > 0} {
#     add_wave /
#     set_property needs_save false [current_wave_config]
#   } else {
#      send_msg_id Add_Wave-1 WARNING "No top level signals found. Simulator will start without a wave window. If you want to open a wave window go to 'File->New Waveform Configuration' or type 'create_wave_config' in the TCL console."
#   }
# }
# run 1000ns
Time=0 | Reset=1 | ID_VALID=x | EX_VALID=x | MEM_VALID=x | WB_VALID=x | PC=xxxxxxxx
Time=10000 | Reset=0 | ID_VALID=x | EX_VALID=x | MEM_VALID=x | WB_VALID=x | PC=xxxxxxxx
INFO: [USF-XSim-96] XSim completed. Design snapshot 'processor_tb_behav' loaded.
INFO: [USF-XSim-97] XSim simulation ran for 1000ns
launch_simulation: Time (s): cpu = 00:00:05 ; elapsed = 00:00:12 . Memory (MB): peak = 1612.555 ; gain = 93.676
close_sim
INFO: [Simtcl 6-16] Simulation closed
launch_simulation
Command: launch_simulation 
INFO: [Vivado 12-12493] Simulation top is 'processor_tb'
WARNING: [Vivado 12-13340] Unable to auto find GCC executables from simulator install path! (path not set)
INFO: [Vivado 12-5682] Launching behavioral simulation in 'C:/Base/Base.sim/sim_1/behav/xsim'
INFO: [SIM-utils-51] Simulation object is 'sim_1'
INFO: [SIM-utils-72] Using boost library from 'C:/Xilinx/Vivado/2023.2/tps/boost_1_72_0'
INFO: [SIM-utils-54] Inspecting design source files for 'processor_tb' in fileset 'sim_1'...
INFO: [SIM-utils-43] Exported 'C:/Base/Base.sim/sim_1/behav/xsim/program.mem'
INFO: [SIM-utils-43] Exported 'C:/Base/Base.sim/sim_1/behav/xsim/program.mem'
INFO: [USF-XSim-97] Finding global include files...
INFO: [USF-XSim-100] Fetching design files from 'sources_1'...(this may take a while)...
INFO: [USF-XSim-101] Fetching design files from 'sim_1'...
INFO: [USF-XSim-2] XSim::Compile design
INFO: [USF-XSim-61] Executing 'COMPILE and ANALYZE' step in 'C:/Base/Base.sim/sim_1/behav/xsim'
"xvlog --incr --relax -prj processor_tb_vlog.prj"
ECHO is off.
ECHO is off.
INFO: [VRFC 10-2263] Analyzing Verilog file "C:/Base/Base.srcs/sources_1/new/ALU.v" into library xil_defaultlib
INFO: [VRFC 10-311] analyzing module ALU
INFO: [VRFC 10-2263] Analyzing Verilog file "C:/Base/Base.srcs/sources_1/new/adder.v" into library xil_defaultlib
INFO: [VRFC 10-311] analyzing module adder
INFO: [VRFC 10-2263] Analyzing Verilog file "C:/Base/Base.srcs/sources_1/new/arithmeticrightshifter.v" into library xil_defaultlib
INFO: [VRFC 10-311] analyzing module arithmeticrightshifter
INFO: [VRFC 10-2263] Analyzing Verilog file "C:/Base/Base.srcs/sources_1/new/branchcomparator.v" into library xil_defaultlib
INFO: [VRFC 10-311] analyzing module branchcomparator
INFO: [VRFC 10-2263] Analyzing Verilog file "C:/Base/Base.srcs/sources_1/new/comparatorblock.v" into library xil_defaultlib
INFO: [VRFC 10-311] analyzing module comparatorblock
INFO: [VRFC 10-2263] Analyzing Verilog file "C:/Base/Base.srcs/sources_1/new/controlstore.v" into library xil_defaultlib
INFO: [VRFC 10-311] analyzing module controlstore
INFO: [VRFC 10-2263] Analyzing Verilog file "C:/Base/Base.srcs/sources_1/new/datacache.v" into library xil_defaultlib
INFO: [VRFC 10-311] analyzing module datacache
INFO: [VRFC 10-2263] Analyzing Verilog file "C:/Base/Base.srcs/sources_1/new/dff.v" into library xil_defaultlib
INFO: [VRFC 10-311] analyzing module dff
INFO: [VRFC 10-2263] Analyzing Verilog file "C:/Base/Base.srcs/sources_1/new/dff_en.v" into library xil_defaultlib
INFO: [VRFC 10-311] analyzing module dff_en
INFO: [VRFC 10-2263] Analyzing Verilog file "C:/Base/Base.srcs/sources_1/new/divider.v" into library xil_defaultlib
INFO: [VRFC 10-311] analyzing module divider
INFO: [VRFC 10-2263] Analyzing Verilog file "C:/Base/Base.srcs/sources_1/new/dlatch.v" into library xil_defaultlib
INFO: [VRFC 10-311] analyzing module dlatch
INFO: [VRFC 10-2263] Analyzing Verilog file "C:/Base/Base.srcs/sources_1/new/eightbitadder.v" into library xil_defaultlib
INFO: [VRFC 10-311] analyzing module eightbitadder
INFO: [VRFC 10-2263] Analyzing Verilog file "C:/Base/Base.srcs/sources_1/new/fivebitcomparator.v" into library xil_defaultlib
INFO: [VRFC 10-311] analyzing module fivebitcomparator
INFO: [VRFC 10-2263] Analyzing Verilog file "C:/Base/Base.srcs/sources_1/new/immediatevaluebuilder.v" into library xil_defaultlib
INFO: [VRFC 10-311] analyzing module immediatevaluebuilder
INFO: [VRFC 10-2263] Analyzing Verilog file "C:/Base/Base.srcs/sources_1/new/instructioncache.v" into library xil_defaultlib
INFO: [VRFC 10-311] analyzing module instructioncache
INFO: [VRFC 10-2263] Analyzing Verilog file "C:/Base/Base.srcs/sources_1/new/logicalleftshifter.v" into library xil_defaultlib
INFO: [VRFC 10-311] analyzing module logicalleftshifter
INFO: [VRFC 10-2263] Analyzing Verilog file "C:/Base/Base.srcs/sources_1/new/logicalrightshifter.v" into library xil_defaultlib
INFO: [VRFC 10-311] analyzing module logicalrightshifter
INFO: [VRFC 10-2263] Analyzing Verilog file "C:/Base/Base.srcs/sources_1/new/logicunit.v" into library xil_defaultlib
INFO: [VRFC 10-311] analyzing module logicunit
INFO: [VRFC 10-2263] Analyzing Verilog file "C:/Base/Base.srcs/sources_1/new/memory.v" into library xil_defaultlib
INFO: [VRFC 10-311] analyzing module memory
INFO: [VRFC 10-2263] Analyzing Verilog file "C:/Base/Base.srcs/sources_1/new/multiplier.v" into library xil_defaultlib
INFO: [VRFC 10-311] analyzing module multiplier
INFO: [VRFC 10-2263] Analyzing Verilog file "C:/Base/Base.srcs/sources_1/new/mux16_32bit.v" into library xil_defaultlib
INFO: [VRFC 10-311] analyzing module mux16_32bit
INFO: [VRFC 10-2263] Analyzing Verilog file "C:/Base/Base.srcs/sources_1/new/mux2.v" into library xil_defaultlib
INFO: [VRFC 10-311] analyzing module mux2
INFO: [VRFC 10-2263] Analyzing Verilog file "C:/Base/Base.srcs/sources_1/new/mux2_32bit.v" into library xil_defaultlib
INFO: [VRFC 10-311] analyzing module mux2_32bit
INFO: [VRFC 10-2263] Analyzing Verilog file "C:/Base/Base.srcs/sources_1/new/mux32_32bit.v" into library xil_defaultlib
INFO: [VRFC 10-311] analyzing module mux32_32bit
INFO: [VRFC 10-2263] Analyzing Verilog file "C:/Base/Base.srcs/sources_1/new/mux4.v" into library xil_defaultlib
INFO: [VRFC 10-311] analyzing module mux4
INFO: [VRFC 10-2263] Analyzing Verilog file "C:/Base/Base.srcs/sources_1/new/mux4_32bit.v" into library xil_defaultlib
INFO: [VRFC 10-311] analyzing module mux4_32bit
INFO: [VRFC 10-2263] Analyzing Verilog file "C:/Base/Base.srcs/sources_1/new/mux8_32bit.v" into library xil_defaultlib
INFO: [VRFC 10-311] analyzing module mux8_32bit
INFO: [VRFC 10-2263] Analyzing Verilog file "C:/Base/Base.srcs/sources_1/new/reg32_en.v" into library xil_defaultlib
INFO: [VRFC 10-311] analyzing module reg32_en
INFO: [VRFC 10-2263] Analyzing Verilog file "C:/Base/Base.srcs/sources_1/new/shifter.v" into library xil_defaultlib
INFO: [VRFC 10-311] analyzing module shifter
INFO: [VRFC 10-2263] Analyzing Verilog file "C:/Base/Base.srcs/sources_1/new/signedcomparator_32bit.v" into library xil_defaultlib
INFO: [VRFC 10-311] analyzing module signedcomparator_32bit
INFO: [VRFC 10-2263] Analyzing Verilog file "C:/Base/Base.srcs/sources_1/new/unsignedcomparator_32bit.v" into library xil_defaultlib
INFO: [VRFC 10-311] analyzing module unsignedcomparator_32bit
INFO: [VRFC 10-2263] Analyzing Verilog file "C:/Base/Base.srcs/sources_1/new/processor.v" into library xil_defaultlib
INFO: [VRFC 10-311] analyzing module processor
INFO: [VRFC 10-2263] Analyzing Verilog file "C:/Base/Base.srcs/sources_1/new/registerfile.v" into library xil_defaultlib
INFO: [VRFC 10-311] analyzing module registerfile
INFO: [VRFC 10-2263] Analyzing Verilog file "C:/Base/Base.srcs/sources_1/new/reg32_en_reset.v" into library xil_defaultlib
INFO: [VRFC 10-311] analyzing module reg32_en_reset
INFO: [VRFC 10-2263] Analyzing Verilog file "C:/Base/Base.srcs/sources_1/new/dff_en_reset.v" into library xil_defaultlib
INFO: [VRFC 10-311] analyzing module dff_en_reset
INFO: [VRFC 10-2263] Analyzing Verilog file "C:/Base/Base.srcs/sources_1/new/dff_reset.v" into library xil_defaultlib
INFO: [VRFC 10-311] analyzing module dff_reset
INFO: [VRFC 10-2263] Analyzing Verilog file "C:/Base/Base.srcs/sim_1/new/processor_tb.v" into library xil_defaultlib
INFO: [VRFC 10-311] analyzing module processor_tb
INFO: [USF-XSim-69] 'compile' step finished in '3' seconds
INFO: [USF-XSim-3] XSim::Elaborate design
INFO: [USF-XSim-61] Executing 'ELABORATE' step in 'C:/Base/Base.sim/sim_1/behav/xsim'
"xelab --incr --debug typical --relax --mt 2 -L xil_defaultlib -L unisims_ver -L unimacro_ver -L secureip --snapshot processor_tb_behav xil_defaultlib.processor_tb xil_defaultlib.glbl -log elaborate.log"
ECHO is off.
ECHO is off.
Vivado Simulator v2023.2
Copyright 1986-2022 Xilinx, Inc. All Rights Reserved.
Copyright 2022-2023 Advanced Micro Devices, Inc. All Rights Reserved.
Running: C:/Xilinx/Vivado/2023.2/bin/unwrapped/win64.o/xelab.exe --incr --debug typical --relax --mt 2 -L xil_defaultlib -L unisims_ver -L unimacro_ver -L secureip --snapshot processor_tb_behav xil_defaultlib.processor_tb xil_defaultlib.glbl -log elaborate.log 
Using 2 slave threads.
Starting static elaboration
Pass Through NonSizing Optimizer
Completed static elaboration
Starting simulation data flow analysis
Completed simulation data flow analysis
Time Resolution for simulation is 1ps
Compiling module xil_defaultlib.memory
Compiling module xil_defaultlib.mux2
Compiling module xil_defaultlib.dlatch
Compiling module xil_defaultlib.dff_reset
Compiling module xil_defaultlib.dff_en_reset
Compiling module xil_defaultlib.reg32_en_reset_default
Compiling module xil_defaultlib.eightbitadder
Compiling module xil_defaultlib.adder
Compiling module xil_defaultlib.mux2_32bit_default
Compiling module xil_defaultlib.dff
Compiling module xil_defaultlib.dff_en
Compiling module xil_defaultlib.reg32_en_default
Compiling module xil_defaultlib.mux4
Compiling module xil_defaultlib.mux4_32bit_default
Compiling module xil_defaultlib.immediatevaluebuilder
Compiling module xil_defaultlib.mux32_32bit
Compiling module xil_defaultlib.fivebitcomparator
Compiling module xil_defaultlib.registerfile
Compiling module xil_defaultlib.mux8_32bit
Compiling module xil_defaultlib.mux16_32bit
Compiling module xil_defaultlib.controlstore
Compiling module xil_defaultlib.logicalrightshifter
Compiling module xil_defaultlib.arithmeticrightshifter
Compiling module xil_defaultlib.logicalleftshifter
Compiling module xil_defaultlib.shifter
Compiling module xil_defaultlib.comparatorblock
Compiling module xil_defaultlib.signedcomparator_32bit_default
Compiling module xil_defaultlib.unsignedcomparator_32bit_default
Compiling module xil_defaultlib.logicunit
Compiling module xil_defaultlib.multiplier
Compiling module xil_defaultlib.divider
Compiling module xil_defaultlib.ALU
Compiling module xil_defaultlib.branchcomparator
Compiling module xil_defaultlib.processor
Compiling module xil_defaultlib.processor_tb
Compiling module xil_defaultlib.glbl
Built simulation snapshot processor_tb_behav
INFO: [USF-XSim-69] 'elaborate' step finished in '5' seconds
INFO: [USF-XSim-4] XSim::Simulate design
INFO: [USF-XSim-61] Executing 'SIMULATE' step in 'C:/Base/Base.sim/sim_1/behav/xsim'
INFO: [USF-XSim-98] *** Running xsim
   with args "processor_tb_behav -key {Behavioral:sim_1:Functional:processor_tb} -tclbatch {processor_tb.tcl} -log {simulate.log}"
INFO: [USF-XSim-8] Loading simulator feature
Time resolution is 1 ps
source processor_tb.tcl
# set curr_wave [current_wave_config]
# if { [string length $curr_wave] == 0 } {
#   if { [llength [get_objects]] > 0} {
#     add_wave /
#     set_property needs_save false [current_wave_config]
#   } else {
#      send_msg_id Add_Wave-1 WARNING "No top level signals found. Simulator will start without a wave window. If you want to open a wave window go to 'File->New Waveform Configuration' or type 'create_wave_config' in the TCL console."
#   }
# }
# run 1000ns
Time=0 | Reset=1 | ID_VALID=x | EX_VALID=x | MEM_VALID=x | WB_VALID=x | PC=xxxxxxxx
Time=10000 | Reset=0 | ID_VALID=x | EX_VALID=x | MEM_VALID=x | WB_VALID=x | PC=xxxxxxxx
$finish called at time : 110 ns : File "C:/Base/Base.srcs/sim_1/new/processor_tb.v" Line 45
INFO: [USF-XSim-96] XSim completed. Design snapshot 'processor_tb_behav' loaded.
INFO: [USF-XSim-97] XSim simulation ran for 1000ns
launch_simulation: Time (s): cpu = 00:00:02 ; elapsed = 00:00:10 . Memory (MB): peak = 1612.555 ; gain = 0.000
current_wave_config {Untitled 2}
Untitled 2
add_wave {{/processor_tb/uut/PC/dataoutput}} 
close_sim
INFO: [Simtcl 6-16] Simulation closed
launch_simulation
Command: launch_simulation 
INFO: [Vivado 12-12493] Simulation top is 'processor_tb'
WARNING: [Vivado 12-13340] Unable to auto find GCC executables from simulator install path! (path not set)
INFO: [Vivado 12-5682] Launching behavioral simulation in 'C:/Base/Base.sim/sim_1/behav/xsim'
INFO: [SIM-utils-51] Simulation object is 'sim_1'
INFO: [SIM-utils-72] Using boost library from 'C:/Xilinx/Vivado/2023.2/tps/boost_1_72_0'
INFO: [SIM-utils-54] Inspecting design source files for 'processor_tb' in fileset 'sim_1'...
INFO: [SIM-utils-43] Exported 'C:/Base/Base.sim/sim_1/behav/xsim/program.mem'
INFO: [SIM-utils-43] Exported 'C:/Base/Base.sim/sim_1/behav/xsim/program.mem'
INFO: [USF-XSim-97] Finding global include files...
INFO: [USF-XSim-100] Fetching design files from 'sources_1'...(this may take a while)...
INFO: [USF-XSim-101] Fetching design files from 'sim_1'...
INFO: [USF-XSim-2] XSim::Compile design
INFO: [USF-XSim-61] Executing 'COMPILE and ANALYZE' step in 'C:/Base/Base.sim/sim_1/behav/xsim'
"xvlog --incr --relax -prj processor_tb_vlog.prj"
ECHO is off.
ECHO is off.
INFO: [VRFC 10-2263] Analyzing Verilog file "C:/Base/Base.srcs/sources_1/new/ALU.v" into library xil_defaultlib
INFO: [VRFC 10-311] analyzing module ALU
INFO: [VRFC 10-2263] Analyzing Verilog file "C:/Base/Base.srcs/sources_1/new/adder.v" into library xil_defaultlib
INFO: [VRFC 10-311] analyzing module adder
INFO: [VRFC 10-2263] Analyzing Verilog file "C:/Base/Base.srcs/sources_1/new/arithmeticrightshifter.v" into library xil_defaultlib
INFO: [VRFC 10-311] analyzing module arithmeticrightshifter
INFO: [VRFC 10-2263] Analyzing Verilog file "C:/Base/Base.srcs/sources_1/new/branchcomparator.v" into library xil_defaultlib
INFO: [VRFC 10-311] analyzing module branchcomparator
INFO: [VRFC 10-2263] Analyzing Verilog file "C:/Base/Base.srcs/sources_1/new/comparatorblock.v" into library xil_defaultlib
INFO: [VRFC 10-311] analyzing module comparatorblock
INFO: [VRFC 10-2263] Analyzing Verilog file "C:/Base/Base.srcs/sources_1/new/controlstore.v" into library xil_defaultlib
INFO: [VRFC 10-311] analyzing module controlstore
INFO: [VRFC 10-2263] Analyzing Verilog file "C:/Base/Base.srcs/sources_1/new/datacache.v" into library xil_defaultlib
INFO: [VRFC 10-311] analyzing module datacache
INFO: [VRFC 10-2263] Analyzing Verilog file "C:/Base/Base.srcs/sources_1/new/dff.v" into library xil_defaultlib
INFO: [VRFC 10-311] analyzing module dff
INFO: [VRFC 10-2263] Analyzing Verilog file "C:/Base/Base.srcs/sources_1/new/dff_en.v" into library xil_defaultlib
INFO: [VRFC 10-311] analyzing module dff_en
INFO: [VRFC 10-2263] Analyzing Verilog file "C:/Base/Base.srcs/sources_1/new/divider.v" into library xil_defaultlib
INFO: [VRFC 10-311] analyzing module divider
INFO: [VRFC 10-2263] Analyzing Verilog file "C:/Base/Base.srcs/sources_1/new/dlatch.v" into library xil_defaultlib
INFO: [VRFC 10-311] analyzing module dlatch
INFO: [VRFC 10-2263] Analyzing Verilog file "C:/Base/Base.srcs/sources_1/new/eightbitadder.v" into library xil_defaultlib
INFO: [VRFC 10-311] analyzing module eightbitadder
INFO: [VRFC 10-2263] Analyzing Verilog file "C:/Base/Base.srcs/sources_1/new/fivebitcomparator.v" into library xil_defaultlib
INFO: [VRFC 10-311] analyzing module fivebitcomparator
INFO: [VRFC 10-2263] Analyzing Verilog file "C:/Base/Base.srcs/sources_1/new/immediatevaluebuilder.v" into library xil_defaultlib
INFO: [VRFC 10-311] analyzing module immediatevaluebuilder
INFO: [VRFC 10-2263] Analyzing Verilog file "C:/Base/Base.srcs/sources_1/new/instructioncache.v" into library xil_defaultlib
INFO: [VRFC 10-311] analyzing module instructioncache
INFO: [VRFC 10-2263] Analyzing Verilog file "C:/Base/Base.srcs/sources_1/new/logicalleftshifter.v" into library xil_defaultlib
INFO: [VRFC 10-311] analyzing module logicalleftshifter
INFO: [VRFC 10-2263] Analyzing Verilog file "C:/Base/Base.srcs/sources_1/new/logicalrightshifter.v" into library xil_defaultlib
INFO: [VRFC 10-311] analyzing module logicalrightshifter
INFO: [VRFC 10-2263] Analyzing Verilog file "C:/Base/Base.srcs/sources_1/new/logicunit.v" into library xil_defaultlib
INFO: [VRFC 10-311] analyzing module logicunit
INFO: [VRFC 10-2263] Analyzing Verilog file "C:/Base/Base.srcs/sources_1/new/memory.v" into library xil_defaultlib
INFO: [VRFC 10-311] analyzing module memory
INFO: [VRFC 10-2263] Analyzing Verilog file "C:/Base/Base.srcs/sources_1/new/multiplier.v" into library xil_defaultlib
INFO: [VRFC 10-311] analyzing module multiplier
INFO: [VRFC 10-2263] Analyzing Verilog file "C:/Base/Base.srcs/sources_1/new/mux16_32bit.v" into library xil_defaultlib
INFO: [VRFC 10-311] analyzing module mux16_32bit
INFO: [VRFC 10-2263] Analyzing Verilog file "C:/Base/Base.srcs/sources_1/new/mux2.v" into library xil_defaultlib
INFO: [VRFC 10-311] analyzing module mux2
INFO: [VRFC 10-2263] Analyzing Verilog file "C:/Base/Base.srcs/sources_1/new/mux2_32bit.v" into library xil_defaultlib
INFO: [VRFC 10-311] analyzing module mux2_32bit
INFO: [VRFC 10-2263] Analyzing Verilog file "C:/Base/Base.srcs/sources_1/new/mux32_32bit.v" into library xil_defaultlib
INFO: [VRFC 10-311] analyzing module mux32_32bit
INFO: [VRFC 10-2263] Analyzing Verilog file "C:/Base/Base.srcs/sources_1/new/mux4.v" into library xil_defaultlib
INFO: [VRFC 10-311] analyzing module mux4
INFO: [VRFC 10-2263] Analyzing Verilog file "C:/Base/Base.srcs/sources_1/new/mux4_32bit.v" into library xil_defaultlib
INFO: [VRFC 10-311] analyzing module mux4_32bit
INFO: [VRFC 10-2263] Analyzing Verilog file "C:/Base/Base.srcs/sources_1/new/mux8_32bit.v" into library xil_defaultlib
INFO: [VRFC 10-311] analyzing module mux8_32bit
INFO: [VRFC 10-2263] Analyzing Verilog file "C:/Base/Base.srcs/sources_1/new/reg32_en.v" into library xil_defaultlib
INFO: [VRFC 10-311] analyzing module reg32_en
INFO: [VRFC 10-2263] Analyzing Verilog file "C:/Base/Base.srcs/sources_1/new/shifter.v" into library xil_defaultlib
INFO: [VRFC 10-311] analyzing module shifter
INFO: [VRFC 10-2263] Analyzing Verilog file "C:/Base/Base.srcs/sources_1/new/signedcomparator_32bit.v" into library xil_defaultlib
INFO: [VRFC 10-311] analyzing module signedcomparator_32bit
INFO: [VRFC 10-2263] Analyzing Verilog file "C:/Base/Base.srcs/sources_1/new/unsignedcomparator_32bit.v" into library xil_defaultlib
INFO: [VRFC 10-311] analyzing module unsignedcomparator_32bit
INFO: [VRFC 10-2263] Analyzing Verilog file "C:/Base/Base.srcs/sources_1/new/processor.v" into library xil_defaultlib
INFO: [VRFC 10-311] analyzing module processor
INFO: [VRFC 10-2263] Analyzing Verilog file "C:/Base/Base.srcs/sources_1/new/registerfile.v" into library xil_defaultlib
INFO: [VRFC 10-311] analyzing module registerfile
INFO: [VRFC 10-2263] Analyzing Verilog file "C:/Base/Base.srcs/sources_1/new/reg32_en_reset.v" into library xil_defaultlib
INFO: [VRFC 10-311] analyzing module reg32_en_reset
INFO: [VRFC 10-2263] Analyzing Verilog file "C:/Base/Base.srcs/sources_1/new/dff_en_reset.v" into library xil_defaultlib
INFO: [VRFC 10-311] analyzing module dff_en_reset
INFO: [VRFC 10-2263] Analyzing Verilog file "C:/Base/Base.srcs/sources_1/new/dff_reset.v" into library xil_defaultlib
INFO: [VRFC 10-311] analyzing module dff_reset
INFO: [VRFC 10-2263] Analyzing Verilog file "C:/Base/Base.srcs/sim_1/new/processor_tb.v" into library xil_defaultlib
INFO: [VRFC 10-311] analyzing module processor_tb
INFO: [USF-XSim-69] 'compile' step finished in '4' seconds
INFO: [USF-XSim-3] XSim::Elaborate design
INFO: [USF-XSim-61] Executing 'ELABORATE' step in 'C:/Base/Base.sim/sim_1/behav/xsim'
"xelab --incr --debug typical --relax --mt 2 -L xil_defaultlib -L unisims_ver -L unimacro_ver -L secureip --snapshot processor_tb_behav xil_defaultlib.processor_tb xil_defaultlib.glbl -log elaborate.log"
ECHO is off.
ECHO is off.
Vivado Simulator v2023.2
Copyright 1986-2022 Xilinx, Inc. All Rights Reserved.
Copyright 2022-2023 Advanced Micro Devices, Inc. All Rights Reserved.
Running: C:/Xilinx/Vivado/2023.2/bin/unwrapped/win64.o/xelab.exe --incr --debug typical --relax --mt 2 -L xil_defaultlib -L unisims_ver -L unimacro_ver -L secureip --snapshot processor_tb_behav xil_defaultlib.processor_tb xil_defaultlib.glbl -log elaborate.log 
Using 2 slave threads.
Starting static elaboration
Pass Through NonSizing Optimizer
Completed static elaboration
Starting simulation data flow analysis
Completed simulation data flow analysis
Time Resolution for simulation is 1ps
Compiling module xil_defaultlib.memory
Compiling module xil_defaultlib.mux2
Compiling module xil_defaultlib.dlatch
Compiling module xil_defaultlib.dff_reset
Compiling module xil_defaultlib.dff_en_reset
Compiling module xil_defaultlib.reg32_en_reset_default
Compiling module xil_defaultlib.eightbitadder
Compiling module xil_defaultlib.adder
Compiling module xil_defaultlib.mux2_32bit_default
Compiling module xil_defaultlib.dff
Compiling module xil_defaultlib.dff_en
Compiling module xil_defaultlib.reg32_en_default
Compiling module xil_defaultlib.mux4
Compiling module xil_defaultlib.mux4_32bit_default
Compiling module xil_defaultlib.immediatevaluebuilder
Compiling module xil_defaultlib.mux32_32bit
Compiling module xil_defaultlib.fivebitcomparator
Compiling module xil_defaultlib.registerfile
Compiling module xil_defaultlib.mux8_32bit
Compiling module xil_defaultlib.mux16_32bit
Compiling module xil_defaultlib.controlstore
Compiling module xil_defaultlib.logicalrightshifter
Compiling module xil_defaultlib.arithmeticrightshifter
Compiling module xil_defaultlib.logicalleftshifter
Compiling module xil_defaultlib.shifter
Compiling module xil_defaultlib.comparatorblock
Compiling module xil_defaultlib.signedcomparator_32bit_default
Compiling module xil_defaultlib.unsignedcomparator_32bit_default
Compiling module xil_defaultlib.logicunit
Compiling module xil_defaultlib.multiplier
Compiling module xil_defaultlib.divider
Compiling module xil_defaultlib.ALU
Compiling module xil_defaultlib.branchcomparator
Compiling module xil_defaultlib.processor
Compiling module xil_defaultlib.processor_tb
Compiling module xil_defaultlib.glbl
Built simulation snapshot processor_tb_behav
INFO: [USF-XSim-69] 'elaborate' step finished in '4' seconds
INFO: [USF-XSim-4] XSim::Simulate design
INFO: [USF-XSim-61] Executing 'SIMULATE' step in 'C:/Base/Base.sim/sim_1/behav/xsim'
INFO: [USF-XSim-98] *** Running xsim
   with args "processor_tb_behav -key {Behavioral:sim_1:Functional:processor_tb} -tclbatch {processor_tb.tcl} -log {simulate.log}"
INFO: [USF-XSim-8] Loading simulator feature
Time resolution is 1 ps
source processor_tb.tcl
# set curr_wave [current_wave_config]
# if { [string length $curr_wave] == 0 } {
#   if { [llength [get_objects]] > 0} {
#     add_wave /
#     set_property needs_save false [current_wave_config]
#   } else {
#      send_msg_id Add_Wave-1 WARNING "No top level signals found. Simulator will start without a wave window. If you want to open a wave window go to 'File->New Waveform Configuration' or type 'create_wave_config' in the TCL console."
#   }
# }
# run 1000ns
Time=0 | Reset=1 | ID_VALID=x | EX_VALID=x | MEM_VALID=x | WB_VALID=x | PC=xxxxxxxx
Time=10000 | Reset=0 | ID_VALID=x | EX_VALID=x | MEM_VALID=x | WB_VALID=x | PC=xxxxxxxx
$finish called at time : 110 ns : File "C:/Base/Base.srcs/sim_1/new/processor_tb.v" Line 45
INFO: [USF-XSim-96] XSim completed. Design snapshot 'processor_tb_behav' loaded.
INFO: [USF-XSim-97] XSim simulation ran for 1000ns
launch_simulation: Time (s): cpu = 00:00:02 ; elapsed = 00:00:10 . Memory (MB): peak = 1618.961 ; gain = 6.406
current_wave_config {Untitled 3}
Untitled 3
add_wave {{/processor_tb/uut/PC/dataoutput}} 
close_sim
INFO: [Simtcl 6-16] Simulation closed
launch_simulation
Command: launch_simulation 
INFO: [Vivado 12-12493] Simulation top is 'processor_tb'
WARNING: [Vivado 12-13340] Unable to auto find GCC executables from simulator install path! (path not set)
INFO: [Vivado 12-5682] Launching behavioral simulation in 'C:/Base/Base.sim/sim_1/behav/xsim'
INFO: [SIM-utils-51] Simulation object is 'sim_1'
INFO: [SIM-utils-72] Using boost library from 'C:/Xilinx/Vivado/2023.2/tps/boost_1_72_0'
INFO: [SIM-utils-54] Inspecting design source files for 'processor_tb' in fileset 'sim_1'...
INFO: [SIM-utils-43] Exported 'C:/Base/Base.sim/sim_1/behav/xsim/program.mem'
INFO: [SIM-utils-43] Exported 'C:/Base/Base.sim/sim_1/behav/xsim/program.mem'
INFO: [USF-XSim-97] Finding global include files...
INFO: [USF-XSim-100] Fetching design files from 'sources_1'...(this may take a while)...
INFO: [USF-XSim-101] Fetching design files from 'sim_1'...
INFO: [USF-XSim-2] XSim::Compile design
INFO: [USF-XSim-61] Executing 'COMPILE and ANALYZE' step in 'C:/Base/Base.sim/sim_1/behav/xsim'
"xvlog --incr --relax -prj processor_tb_vlog.prj"
ECHO is off.
ECHO is off.
INFO: [VRFC 10-2263] Analyzing Verilog file "C:/Base/Base.srcs/sources_1/new/ALU.v" into library xil_defaultlib
INFO: [VRFC 10-311] analyzing module ALU
INFO: [VRFC 10-2263] Analyzing Verilog file "C:/Base/Base.srcs/sources_1/new/adder.v" into library xil_defaultlib
INFO: [VRFC 10-311] analyzing module adder
INFO: [VRFC 10-2263] Analyzing Verilog file "C:/Base/Base.srcs/sources_1/new/arithmeticrightshifter.v" into library xil_defaultlib
INFO: [VRFC 10-311] analyzing module arithmeticrightshifter
INFO: [VRFC 10-2263] Analyzing Verilog file "C:/Base/Base.srcs/sources_1/new/branchcomparator.v" into library xil_defaultlib
INFO: [VRFC 10-311] analyzing module branchcomparator
INFO: [VRFC 10-2263] Analyzing Verilog file "C:/Base/Base.srcs/sources_1/new/comparatorblock.v" into library xil_defaultlib
INFO: [VRFC 10-311] analyzing module comparatorblock
INFO: [VRFC 10-2263] Analyzing Verilog file "C:/Base/Base.srcs/sources_1/new/controlstore.v" into library xil_defaultlib
INFO: [VRFC 10-311] analyzing module controlstore
INFO: [VRFC 10-2263] Analyzing Verilog file "C:/Base/Base.srcs/sources_1/new/datacache.v" into library xil_defaultlib
INFO: [VRFC 10-311] analyzing module datacache
INFO: [VRFC 10-2263] Analyzing Verilog file "C:/Base/Base.srcs/sources_1/new/dff.v" into library xil_defaultlib
INFO: [VRFC 10-311] analyzing module dff
INFO: [VRFC 10-2263] Analyzing Verilog file "C:/Base/Base.srcs/sources_1/new/dff_en.v" into library xil_defaultlib
INFO: [VRFC 10-311] analyzing module dff_en
INFO: [VRFC 10-2263] Analyzing Verilog file "C:/Base/Base.srcs/sources_1/new/divider.v" into library xil_defaultlib
INFO: [VRFC 10-311] analyzing module divider
INFO: [VRFC 10-2263] Analyzing Verilog file "C:/Base/Base.srcs/sources_1/new/dlatch.v" into library xil_defaultlib
INFO: [VRFC 10-311] analyzing module dlatch
INFO: [VRFC 10-2263] Analyzing Verilog file "C:/Base/Base.srcs/sources_1/new/eightbitadder.v" into library xil_defaultlib
INFO: [VRFC 10-311] analyzing module eightbitadder
INFO: [VRFC 10-2263] Analyzing Verilog file "C:/Base/Base.srcs/sources_1/new/fivebitcomparator.v" into library xil_defaultlib
INFO: [VRFC 10-311] analyzing module fivebitcomparator
INFO: [VRFC 10-2263] Analyzing Verilog file "C:/Base/Base.srcs/sources_1/new/immediatevaluebuilder.v" into library xil_defaultlib
INFO: [VRFC 10-311] analyzing module immediatevaluebuilder
INFO: [VRFC 10-2263] Analyzing Verilog file "C:/Base/Base.srcs/sources_1/new/instructioncache.v" into library xil_defaultlib
INFO: [VRFC 10-311] analyzing module instructioncache
INFO: [VRFC 10-2263] Analyzing Verilog file "C:/Base/Base.srcs/sources_1/new/logicalleftshifter.v" into library xil_defaultlib
INFO: [VRFC 10-311] analyzing module logicalleftshifter
INFO: [VRFC 10-2263] Analyzing Verilog file "C:/Base/Base.srcs/sources_1/new/logicalrightshifter.v" into library xil_defaultlib
INFO: [VRFC 10-311] analyzing module logicalrightshifter
INFO: [VRFC 10-2263] Analyzing Verilog file "C:/Base/Base.srcs/sources_1/new/logicunit.v" into library xil_defaultlib
INFO: [VRFC 10-311] analyzing module logicunit
INFO: [VRFC 10-2263] Analyzing Verilog file "C:/Base/Base.srcs/sources_1/new/memory.v" into library xil_defaultlib
INFO: [VRFC 10-311] analyzing module memory
INFO: [VRFC 10-2263] Analyzing Verilog file "C:/Base/Base.srcs/sources_1/new/multiplier.v" into library xil_defaultlib
INFO: [VRFC 10-311] analyzing module multiplier
INFO: [VRFC 10-2263] Analyzing Verilog file "C:/Base/Base.srcs/sources_1/new/mux16_32bit.v" into library xil_defaultlib
INFO: [VRFC 10-311] analyzing module mux16_32bit
INFO: [VRFC 10-2263] Analyzing Verilog file "C:/Base/Base.srcs/sources_1/new/mux2.v" into library xil_defaultlib
INFO: [VRFC 10-311] analyzing module mux2
INFO: [VRFC 10-2263] Analyzing Verilog file "C:/Base/Base.srcs/sources_1/new/mux2_32bit.v" into library xil_defaultlib
INFO: [VRFC 10-311] analyzing module mux2_32bit
INFO: [VRFC 10-2263] Analyzing Verilog file "C:/Base/Base.srcs/sources_1/new/mux32_32bit.v" into library xil_defaultlib
INFO: [VRFC 10-311] analyzing module mux32_32bit
INFO: [VRFC 10-2263] Analyzing Verilog file "C:/Base/Base.srcs/sources_1/new/mux4.v" into library xil_defaultlib
INFO: [VRFC 10-311] analyzing module mux4
INFO: [VRFC 10-2263] Analyzing Verilog file "C:/Base/Base.srcs/sources_1/new/mux4_32bit.v" into library xil_defaultlib
INFO: [VRFC 10-311] analyzing module mux4_32bit
INFO: [VRFC 10-2263] Analyzing Verilog file "C:/Base/Base.srcs/sources_1/new/mux8_32bit.v" into library xil_defaultlib
INFO: [VRFC 10-311] analyzing module mux8_32bit
INFO: [VRFC 10-2263] Analyzing Verilog file "C:/Base/Base.srcs/sources_1/new/reg32_en.v" into library xil_defaultlib
INFO: [VRFC 10-311] analyzing module reg32_en
INFO: [VRFC 10-2263] Analyzing Verilog file "C:/Base/Base.srcs/sources_1/new/shifter.v" into library xil_defaultlib
INFO: [VRFC 10-311] analyzing module shifter
INFO: [VRFC 10-2263] Analyzing Verilog file "C:/Base/Base.srcs/sources_1/new/signedcomparator_32bit.v" into library xil_defaultlib
INFO: [VRFC 10-311] analyzing module signedcomparator_32bit
INFO: [VRFC 10-2263] Analyzing Verilog file "C:/Base/Base.srcs/sources_1/new/unsignedcomparator_32bit.v" into library xil_defaultlib
INFO: [VRFC 10-311] analyzing module unsignedcomparator_32bit
INFO: [VRFC 10-2263] Analyzing Verilog file "C:/Base/Base.srcs/sources_1/new/processor.v" into library xil_defaultlib
INFO: [VRFC 10-311] analyzing module processor
INFO: [VRFC 10-2263] Analyzing Verilog file "C:/Base/Base.srcs/sources_1/new/registerfile.v" into library xil_defaultlib
INFO: [VRFC 10-311] analyzing module registerfile
INFO: [VRFC 10-2263] Analyzing Verilog file "C:/Base/Base.srcs/sources_1/new/reg32_en_reset.v" into library xil_defaultlib
INFO: [VRFC 10-311] analyzing module reg32_en_reset
INFO: [VRFC 10-2263] Analyzing Verilog file "C:/Base/Base.srcs/sources_1/new/dff_en_reset.v" into library xil_defaultlib
INFO: [VRFC 10-311] analyzing module dff_en_reset
INFO: [VRFC 10-2263] Analyzing Verilog file "C:/Base/Base.srcs/sources_1/new/dff_reset.v" into library xil_defaultlib
INFO: [VRFC 10-311] analyzing module dff_reset
INFO: [VRFC 10-2263] Analyzing Verilog file "C:/Base/Base.srcs/sim_1/new/processor_tb.v" into library xil_defaultlib
INFO: [VRFC 10-311] analyzing module processor_tb
INFO: [USF-XSim-69] 'compile' step finished in '3' seconds
INFO: [USF-XSim-3] XSim::Elaborate design
INFO: [USF-XSim-61] Executing 'ELABORATE' step in 'C:/Base/Base.sim/sim_1/behav/xsim'
"xelab --incr --debug typical --relax --mt 2 -L xil_defaultlib -L unisims_ver -L unimacro_ver -L secureip --snapshot processor_tb_behav xil_defaultlib.processor_tb xil_defaultlib.glbl -log elaborate.log"
ECHO is off.
ECHO is off.
Vivado Simulator v2023.2
Copyright 1986-2022 Xilinx, Inc. All Rights Reserved.
Copyright 2022-2023 Advanced Micro Devices, Inc. All Rights Reserved.
Running: C:/Xilinx/Vivado/2023.2/bin/unwrapped/win64.o/xelab.exe --incr --debug typical --relax --mt 2 -L xil_defaultlib -L unisims_ver -L unimacro_ver -L secureip --snapshot processor_tb_behav xil_defaultlib.processor_tb xil_defaultlib.glbl -log elaborate.log 
Using 2 slave threads.
Starting static elaboration
Pass Through NonSizing Optimizer
Completed static elaboration
Starting simulation data flow analysis
Completed simulation data flow analysis
Time Resolution for simulation is 1ps
Compiling module xil_defaultlib.memory
Compiling module xil_defaultlib.mux2
Compiling module xil_defaultlib.dlatch
Compiling module xil_defaultlib.dff_reset
Compiling module xil_defaultlib.dff_en_reset
Compiling module xil_defaultlib.reg32_en_reset_default
Compiling module xil_defaultlib.eightbitadder
Compiling module xil_defaultlib.adder
Compiling module xil_defaultlib.mux2_32bit_default
Compiling module xil_defaultlib.dff
Compiling module xil_defaultlib.dff_en
Compiling module xil_defaultlib.reg32_en_default
Compiling module xil_defaultlib.mux4
Compiling module xil_defaultlib.mux4_32bit_default
Compiling module xil_defaultlib.immediatevaluebuilder
Compiling module xil_defaultlib.mux32_32bit
Compiling module xil_defaultlib.fivebitcomparator
Compiling module xil_defaultlib.registerfile
Compiling module xil_defaultlib.mux8_32bit
Compiling module xil_defaultlib.mux16_32bit
Compiling module xil_defaultlib.controlstore
Compiling module xil_defaultlib.logicalrightshifter
Compiling module xil_defaultlib.arithmeticrightshifter
Compiling module xil_defaultlib.logicalleftshifter
Compiling module xil_defaultlib.shifter
Compiling module xil_defaultlib.comparatorblock
Compiling module xil_defaultlib.signedcomparator_32bit_default
Compiling module xil_defaultlib.unsignedcomparator_32bit_default
Compiling module xil_defaultlib.logicunit
Compiling module xil_defaultlib.multiplier
Compiling module xil_defaultlib.divider
Compiling module xil_defaultlib.ALU
Compiling module xil_defaultlib.branchcomparator
Compiling module xil_defaultlib.processor
Compiling module xil_defaultlib.processor_tb
Compiling module xil_defaultlib.glbl
Built simulation snapshot processor_tb_behav
run_program: Time (s): cpu = 00:00:00 ; elapsed = 00:00:06 . Memory (MB): peak = 1618.961 ; gain = 0.000
INFO: [USF-XSim-69] 'elaborate' step finished in '6' seconds
INFO: [USF-XSim-4] XSim::Simulate design
INFO: [USF-XSim-61] Executing 'SIMULATE' step in 'C:/Base/Base.sim/sim_1/behav/xsim'
INFO: [USF-XSim-98] *** Running xsim
   with args "processor_tb_behav -key {Behavioral:sim_1:Functional:processor_tb} -tclbatch {processor_tb.tcl} -log {simulate.log}"
INFO: [USF-XSim-8] Loading simulator feature
Time resolution is 1 ps
source processor_tb.tcl
# set curr_wave [current_wave_config]
# if { [string length $curr_wave] == 0 } {
#   if { [llength [get_objects]] > 0} {
#     add_wave /
#     set_property needs_save false [current_wave_config]
#   } else {
#      send_msg_id Add_Wave-1 WARNING "No top level signals found. Simulator will start without a wave window. If you want to open a wave window go to 'File->New Waveform Configuration' or type 'create_wave_config' in the TCL console."
#   }
# }
# run 1000ns
Time=0 | Reset=1 | ID_VALID=x | EX_VALID=x | MEM_VALID=x | WB_VALID=x | PC=xxxxxxxx
Time=10000 | Reset=0 | ID_VALID=x | EX_VALID=x | MEM_VALID=x | WB_VALID=x | PC=xxxxxxxx
$finish called at time : 110 ns : File "C:/Base/Base.srcs/sim_1/new/processor_tb.v" Line 45
INFO: [USF-XSim-96] XSim completed. Design snapshot 'processor_tb_behav' loaded.
INFO: [USF-XSim-97] XSim simulation ran for 1000ns
launch_simulation: Time (s): cpu = 00:00:03 ; elapsed = 00:00:12 . Memory (MB): peak = 1618.961 ; gain = 0.000
current_wave_config {Untitled 4}
Untitled 4
add_wave {{/processor_tb/uut/PC/dataoutput}} 
save_wave_config {C:/Base/processor_tb_behav.wcfg}
add_files -fileset sim_1 -norecurse C:/Base/processor_tb_behav.wcfg
set_property xsim.view C:/Base/processor_tb_behav.wcfg [get_filesets sim_1]
close_sim
WARNING: [filemgmt 56-199] Attempt to get parsing info during refresh. "On-the-fly" syntax checking information may be incorrect. [C:\Base\Base.srcs\sources_1\new\processor.v:]
WARNING: [filemgmt 56-199] Attempt to get parsing info during refresh. "On-the-fly" syntax checking information may be incorrect. [C:\Base\Base.srcs\sim_1\new\processor_tb.v:]
INFO: [Simtcl 6-16] Simulation closed
launch_simulation
Command: launch_simulation 
INFO: [Vivado 12-12493] Simulation top is 'processor_tb'
WARNING: [Vivado 12-13340] Unable to auto find GCC executables from simulator install path! (path not set)
INFO: [Vivado 12-5682] Launching behavioral simulation in 'C:/Base/Base.sim/sim_1/behav/xsim'
INFO: [SIM-utils-51] Simulation object is 'sim_1'
INFO: [SIM-utils-72] Using boost library from 'C:/Xilinx/Vivado/2023.2/tps/boost_1_72_0'
INFO: [SIM-utils-54] Inspecting design source files for 'processor_tb' in fileset 'sim_1'...
INFO: [SIM-utils-43] Exported 'C:/Base/Base.sim/sim_1/behav/xsim/program.mem'
INFO: [SIM-utils-43] Exported 'C:/Base/Base.sim/sim_1/behav/xsim/program.mem'
INFO: [USF-XSim-97] Finding global include files...
INFO: [USF-XSim-100] Fetching design files from 'sources_1'...(this may take a while)...
INFO: [USF-XSim-101] Fetching design files from 'sim_1'...
INFO: [USF-XSim-2] XSim::Compile design
INFO: [USF-XSim-61] Executing 'COMPILE and ANALYZE' step in 'C:/Base/Base.sim/sim_1/behav/xsim'
ERROR: [Common 17-180] Spawn failed: No error
"xvlog --incr --relax -prj processor_tb_vlog.prj"
ECHO is off.
ECHO is off.
INFO: [VRFC 10-2263] Analyzing Verilog file "C:/Base/Base.srcs/sources_1/new/ALU.v" into library xil_defaultlib
INFO: [VRFC 10-311] analyzing module ALU
INFO: [VRFC 10-2263] Analyzing Verilog file "C:/Base/Base.srcs/sources_1/new/adder.v" into library xil_defaultlib
INFO: [VRFC 10-311] analyzing module adder
INFO: [VRFC 10-2263] Analyzing Verilog file "C:/Base/Base.srcs/sources_1/new/arithmeticrightshifter.v" into library xil_defaultlib
INFO: [VRFC 10-311] analyzing module arithmeticrightshifter
INFO: [VRFC 10-2263] Analyzing Verilog file "C:/Base/Base.srcs/sources_1/new/branchcomparator.v" into library xil_defaultlib
INFO: [VRFC 10-311] analyzing module branchcomparator
INFO: [VRFC 10-2263] Analyzing Verilog file "C:/Base/Base.srcs/sources_1/new/comparatorblock.v" into library xil_defaultlib
INFO: [VRFC 10-311] analyzing module comparatorblock
INFO: [VRFC 10-2263] Analyzing Verilog file "C:/Base/Base.srcs/sources_1/new/controlstore.v" into library xil_defaultlib
INFO: [VRFC 10-311] analyzing module controlstore
INFO: [VRFC 10-2263] Analyzing Verilog file "C:/Base/Base.srcs/sources_1/new/datacache.v" into library xil_defaultlib
INFO: [VRFC 10-311] analyzing module datacache
INFO: [VRFC 10-2263] Analyzing Verilog file "C:/Base/Base.srcs/sources_1/new/dff.v" into library xil_defaultlib
INFO: [VRFC 10-311] analyzing module dff
INFO: [VRFC 10-2263] Analyzing Verilog file "C:/Base/Base.srcs/sources_1/new/dff_en.v" into library xil_defaultlib
INFO: [VRFC 10-311] analyzing module dff_en
INFO: [VRFC 10-2263] Analyzing Verilog file "C:/Base/Base.srcs/sources_1/new/divider.v" into library xil_defaultlib
INFO: [VRFC 10-311] analyzing module divider
INFO: [VRFC 10-2263] Analyzing Verilog file "C:/Base/Base.srcs/sources_1/new/dlatch.v" into library xil_defaultlib
INFO: [VRFC 10-311] analyzing module dlatch
INFO: [VRFC 10-2263] Analyzing Verilog file "C:/Base/Base.srcs/sources_1/new/eightbitadder.v" into library xil_defaultlib
INFO: [VRFC 10-311] analyzing module eightbitadder
INFO: [VRFC 10-2263] Analyzing Verilog file "C:/Base/Base.srcs/sources_1/new/fivebitcomparator.v" into library xil_defaultlib
INFO: [VRFC 10-311] analyzing module fivebitcomparator
INFO: [VRFC 10-2263] Analyzing Verilog file "C:/Base/Base.srcs/sources_1/new/immediatevaluebuilder.v" into library xil_defaultlib
INFO: [VRFC 10-311] analyzing module immediatevaluebuilder
INFO: [VRFC 10-2263] Analyzing Verilog file "C:/Base/Base.srcs/sources_1/new/instructioncache.v" into library xil_defaultlib
INFO: [VRFC 10-311] analyzing module instructioncache
INFO: [VRFC 10-2263] Analyzing Verilog file "C:/Base/Base.srcs/sources_1/new/logicalleftshifter.v" into library xil_defaultlib
INFO: [VRFC 10-311] analyzing module logicalleftshifter
INFO: [VRFC 10-2263] Analyzing Verilog file "C:/Base/Base.srcs/sources_1/new/logicalrightshifter.v" into library xil_defaultlib
INFO: [VRFC 10-311] analyzing module logicalrightshifter
INFO: [VRFC 10-2263] Analyzing Verilog file "C:/Base/Base.srcs/sources_1/new/logicunit.v" into library xil_defaultlib
INFO: [VRFC 10-311] analyzing module logicunit
INFO: [VRFC 10-2263] Analyzing Verilog file "C:/Base/Base.srcs/sources_1/new/memory.v" into library xil_defaultlib
INFO: [VRFC 10-311] analyzing module memory
INFO: [VRFC 10-2263] Analyzing Verilog file "C:/Base/Base.srcs/sources_1/new/multiplier.v" into library xil_defaultlib
INFO: [VRFC 10-311] analyzing module multiplier
INFO: [VRFC 10-2263] Analyzing Verilog file "C:/Base/Base.srcs/sources_1/new/mux16_32bit.v" into library xil_defaultlib
INFO: [VRFC 10-311] analyzing module mux16_32bit
INFO: [VRFC 10-2263] Analyzing Verilog file "C:/Base/Base.srcs/sources_1/new/mux2.v" into library xil_defaultlib
INFO: [VRFC 10-311] analyzing module mux2
INFO: [VRFC 10-2263] Analyzing Verilog file "C:/Base/Base.srcs/sources_1/new/mux2_32bit.v" into library xil_defaultlib
INFO: [VRFC 10-311] analyzing module mux2_32bit
INFO: [VRFC 10-2263] Analyzing Verilog file "C:/Base/Base.srcs/sources_1/new/mux32_32bit.v" into library xil_defaultlib
INFO: [VRFC 10-311] analyzing module mux32_32bit
INFO: [VRFC 10-2263] Analyzing Verilog file "C:/Base/Base.srcs/sources_1/new/mux4.v" into library xil_defaultlib
INFO: [VRFC 10-311] analyzing module mux4
INFO: [VRFC 10-2263] Analyzing Verilog file "C:/Base/Base.srcs/sources_1/new/mux4_32bit.v" into library xil_defaultlib
INFO: [VRFC 10-311] analyzing module mux4_32bit
INFO: [VRFC 10-2263] Analyzing Verilog file "C:/Base/Base.srcs/sources_1/new/mux8_32bit.v" into library xil_defaultlib
INFO: [VRFC 10-311] analyzing module mux8_32bit
INFO: [VRFC 10-2263] Analyzing Verilog file "C:/Base/Base.srcs/sources_1/new/reg32_en.v" into library xil_defaultlib
INFO: [VRFC 10-311] analyzing module reg32_en
INFO: [VRFC 10-2263] Analyzing Verilog file "C:/Base/Base.srcs/sources_1/new/shifter.v" into library xil_defaultlib
INFO: [VRFC 10-311] analyzing module shifter
INFO: [VRFC 10-2263] Analyzing Verilog file "C:/Base/Base.srcs/sources_1/new/signedcomparator_32bit.v" into library xil_defaultlib
INFO: [VRFC 10-311] analyzing module signedcomparator_32bit
INFO: [VRFC 10-2263] Analyzing Verilog file "C:/Base/Base.srcs/sources_1/new/unsignedcomparator_32bit.v" into library xil_defaultlib
INFO: [VRFC 10-311] analyzing module unsignedcomparator_32bit
INFO: [VRFC 10-2263] Analyzing Verilog file "C:/Base/Base.srcs/sources_1/new/processor.v" into library xil_defaultlib
INFO: [VRFC 10-311] analyzing module processor
INFO: [VRFC 10-2263] Analyzing Verilog file "C:/Base/Base.srcs/sources_1/new/registerfile.v" into library xil_defaultlib
INFO: [VRFC 10-311] analyzing module registerfile
INFO: [VRFC 10-2263] Analyzing Verilog file "C:/Base/Base.srcs/sources_1/new/reg32_en_reset.v" into library xil_defaultlib
INFO: [VRFC 10-311] analyzing module reg32_en_reset
INFO: [VRFC 10-2263] Analyzing Verilog file "C:/Base/Base.srcs/sources_1/new/dff_en_reset.v" into library xil_defaultlib
INFO: [VRFC 10-311] analyzing module dff_en_reset
INFO: [VRFC 10-2263] Analyzing Verilog file "C:/Base/Base.srcs/sources_1/new/dff_reset.v" into library xil_defaultlib
INFO: [VRFC 10-311] analyzing module dff_reset
INFO: [VRFC 10-2263] Analyzing Verilog file "C:/Base/Base.srcs/sim_1/new/processor_tb.v" into library xil_defaultlib
INFO: [VRFC 10-311] analyzing module processor_tb
INFO: [USF-XSim-69] 'compile' step finished in '4' seconds
ERROR: [USF-XSim-62] 'compile' step failed with error(s) while executing 'C:/Base/Base.sim/sim_1/behav/xsim/compile.bat' script. Please check that the file has the correct 'read/write/execute' permissions and the Tcl console output for any other possible errors or warnings.
ERROR: [Vivado 12-4473] Detected error while running simulation. Please correct the issue and retry this operation.
ERROR: [Common 17-39] 'launch_simulation' failed due to earlier errors.
launch_simulation
Command: launch_simulation 
INFO: [Vivado 12-12493] Simulation top is 'processor_tb'
WARNING: [Vivado 12-13340] Unable to auto find GCC executables from simulator install path! (path not set)
INFO: [Vivado 12-5682] Launching behavioral simulation in 'C:/Base/Base.sim/sim_1/behav/xsim'
INFO: [SIM-utils-51] Simulation object is 'sim_1'
INFO: [SIM-utils-72] Using boost library from 'C:/Xilinx/Vivado/2023.2/tps/boost_1_72_0'
INFO: [SIM-utils-54] Inspecting design source files for 'processor_tb' in fileset 'sim_1'...
INFO: [SIM-utils-43] Exported 'C:/Base/Base.sim/sim_1/behav/xsim/program.mem'
INFO: [SIM-utils-43] Exported 'C:/Base/Base.sim/sim_1/behav/xsim/program.mem'
INFO: [USF-XSim-97] Finding global include files...
INFO: [USF-XSim-100] Fetching design files from 'sources_1'...(this may take a while)...
INFO: [USF-XSim-101] Fetching design files from 'sim_1'...
INFO: [USF-XSim-2] XSim::Compile design
INFO: [USF-XSim-61] Executing 'COMPILE and ANALYZE' step in 'C:/Base/Base.sim/sim_1/behav/xsim'
"xvlog --incr --relax -prj processor_tb_vlog.prj"
ECHO is off.
ECHO is off.
INFO: [VRFC 10-2263] Analyzing Verilog file "C:/Base/Base.srcs/sources_1/new/ALU.v" into library xil_defaultlib
INFO: [VRFC 10-311] analyzing module ALU
INFO: [VRFC 10-2263] Analyzing Verilog file "C:/Base/Base.srcs/sources_1/new/adder.v" into library xil_defaultlib
INFO: [VRFC 10-311] analyzing module adder
INFO: [VRFC 10-2263] Analyzing Verilog file "C:/Base/Base.srcs/sources_1/new/arithmeticrightshifter.v" into library xil_defaultlib
INFO: [VRFC 10-311] analyzing module arithmeticrightshifter
INFO: [VRFC 10-2263] Analyzing Verilog file "C:/Base/Base.srcs/sources_1/new/branchcomparator.v" into library xil_defaultlib
INFO: [VRFC 10-311] analyzing module branchcomparator
INFO: [VRFC 10-2263] Analyzing Verilog file "C:/Base/Base.srcs/sources_1/new/comparatorblock.v" into library xil_defaultlib
INFO: [VRFC 10-311] analyzing module comparatorblock
INFO: [VRFC 10-2263] Analyzing Verilog file "C:/Base/Base.srcs/sources_1/new/controlstore.v" into library xil_defaultlib
INFO: [VRFC 10-311] analyzing module controlstore
INFO: [VRFC 10-2263] Analyzing Verilog file "C:/Base/Base.srcs/sources_1/new/datacache.v" into library xil_defaultlib
INFO: [VRFC 10-311] analyzing module datacache
INFO: [VRFC 10-2263] Analyzing Verilog file "C:/Base/Base.srcs/sources_1/new/dff.v" into library xil_defaultlib
INFO: [VRFC 10-311] analyzing module dff
INFO: [VRFC 10-2263] Analyzing Verilog file "C:/Base/Base.srcs/sources_1/new/dff_en.v" into library xil_defaultlib
INFO: [VRFC 10-311] analyzing module dff_en
INFO: [VRFC 10-2263] Analyzing Verilog file "C:/Base/Base.srcs/sources_1/new/divider.v" into library xil_defaultlib
INFO: [VRFC 10-311] analyzing module divider
INFO: [VRFC 10-2263] Analyzing Verilog file "C:/Base/Base.srcs/sources_1/new/dlatch.v" into library xil_defaultlib
INFO: [VRFC 10-311] analyzing module dlatch
INFO: [VRFC 10-2263] Analyzing Verilog file "C:/Base/Base.srcs/sources_1/new/eightbitadder.v" into library xil_defaultlib
INFO: [VRFC 10-311] analyzing module eightbitadder
INFO: [VRFC 10-2263] Analyzing Verilog file "C:/Base/Base.srcs/sources_1/new/fivebitcomparator.v" into library xil_defaultlib
INFO: [VRFC 10-311] analyzing module fivebitcomparator
INFO: [VRFC 10-2263] Analyzing Verilog file "C:/Base/Base.srcs/sources_1/new/immediatevaluebuilder.v" into library xil_defaultlib
INFO: [VRFC 10-311] analyzing module immediatevaluebuilder
INFO: [VRFC 10-2263] Analyzing Verilog file "C:/Base/Base.srcs/sources_1/new/instructioncache.v" into library xil_defaultlib
INFO: [VRFC 10-311] analyzing module instructioncache
INFO: [VRFC 10-2263] Analyzing Verilog file "C:/Base/Base.srcs/sources_1/new/logicalleftshifter.v" into library xil_defaultlib
INFO: [VRFC 10-311] analyzing module logicalleftshifter
INFO: [VRFC 10-2263] Analyzing Verilog file "C:/Base/Base.srcs/sources_1/new/logicalrightshifter.v" into library xil_defaultlib
INFO: [VRFC 10-311] analyzing module logicalrightshifter
INFO: [VRFC 10-2263] Analyzing Verilog file "C:/Base/Base.srcs/sources_1/new/logicunit.v" into library xil_defaultlib
INFO: [VRFC 10-311] analyzing module logicunit
INFO: [VRFC 10-2263] Analyzing Verilog file "C:/Base/Base.srcs/sources_1/new/memory.v" into library xil_defaultlib
INFO: [VRFC 10-311] analyzing module memory
INFO: [VRFC 10-2263] Analyzing Verilog file "C:/Base/Base.srcs/sources_1/new/multiplier.v" into library xil_defaultlib
INFO: [VRFC 10-311] analyzing module multiplier
INFO: [VRFC 10-2263] Analyzing Verilog file "C:/Base/Base.srcs/sources_1/new/mux16_32bit.v" into library xil_defaultlib
INFO: [VRFC 10-311] analyzing module mux16_32bit
INFO: [VRFC 10-2263] Analyzing Verilog file "C:/Base/Base.srcs/sources_1/new/mux2.v" into library xil_defaultlib
INFO: [VRFC 10-311] analyzing module mux2
INFO: [VRFC 10-2263] Analyzing Verilog file "C:/Base/Base.srcs/sources_1/new/mux2_32bit.v" into library xil_defaultlib
INFO: [VRFC 10-311] analyzing module mux2_32bit
INFO: [VRFC 10-2263] Analyzing Verilog file "C:/Base/Base.srcs/sources_1/new/mux32_32bit.v" into library xil_defaultlib
INFO: [VRFC 10-311] analyzing module mux32_32bit
INFO: [VRFC 10-2263] Analyzing Verilog file "C:/Base/Base.srcs/sources_1/new/mux4.v" into library xil_defaultlib
INFO: [VRFC 10-311] analyzing module mux4
INFO: [VRFC 10-2263] Analyzing Verilog file "C:/Base/Base.srcs/sources_1/new/mux4_32bit.v" into library xil_defaultlib
INFO: [VRFC 10-311] analyzing module mux4_32bit
INFO: [VRFC 10-2263] Analyzing Verilog file "C:/Base/Base.srcs/sources_1/new/mux8_32bit.v" into library xil_defaultlib
INFO: [VRFC 10-311] analyzing module mux8_32bit
INFO: [VRFC 10-2263] Analyzing Verilog file "C:/Base/Base.srcs/sources_1/new/reg32_en.v" into library xil_defaultlib
INFO: [VRFC 10-311] analyzing module reg32_en
INFO: [VRFC 10-2263] Analyzing Verilog file "C:/Base/Base.srcs/sources_1/new/shifter.v" into library xil_defaultlib
INFO: [VRFC 10-311] analyzing module shifter
INFO: [VRFC 10-2263] Analyzing Verilog file "C:/Base/Base.srcs/sources_1/new/signedcomparator_32bit.v" into library xil_defaultlib
INFO: [VRFC 10-311] analyzing module signedcomparator_32bit
INFO: [VRFC 10-2263] Analyzing Verilog file "C:/Base/Base.srcs/sources_1/new/unsignedcomparator_32bit.v" into library xil_defaultlib
INFO: [VRFC 10-311] analyzing module unsignedcomparator_32bit
INFO: [VRFC 10-2263] Analyzing Verilog file "C:/Base/Base.srcs/sources_1/new/processor.v" into library xil_defaultlib
INFO: [VRFC 10-311] analyzing module processor
INFO: [VRFC 10-2263] Analyzing Verilog file "C:/Base/Base.srcs/sources_1/new/registerfile.v" into library xil_defaultlib
INFO: [VRFC 10-311] analyzing module registerfile
INFO: [VRFC 10-2263] Analyzing Verilog file "C:/Base/Base.srcs/sources_1/new/reg32_en_reset.v" into library xil_defaultlib
INFO: [VRFC 10-311] analyzing module reg32_en_reset
INFO: [VRFC 10-2263] Analyzing Verilog file "C:/Base/Base.srcs/sources_1/new/dff_en_reset.v" into library xil_defaultlib
INFO: [VRFC 10-311] analyzing module dff_en_reset
INFO: [VRFC 10-2263] Analyzing Verilog file "C:/Base/Base.srcs/sources_1/new/dff_reset.v" into library xil_defaultlib
INFO: [VRFC 10-311] analyzing module dff_reset
INFO: [VRFC 10-2263] Analyzing Verilog file "C:/Base/Base.srcs/sim_1/new/processor_tb.v" into library xil_defaultlib
INFO: [VRFC 10-311] analyzing module processor_tb
INFO: [VRFC 10-2263] Analyzing Verilog file "C:/Base/Base.sim/sim_1/behav/xsim/glbl.v" into library xil_defaultlib
INFO: [VRFC 10-311] analyzing module glbl
INFO: [USF-XSim-69] 'compile' step finished in '3' seconds
INFO: [USF-XSim-3] XSim::Elaborate design
INFO: [USF-XSim-61] Executing 'ELABORATE' step in 'C:/Base/Base.sim/sim_1/behav/xsim'
"xelab --incr --debug typical --relax --mt 2 -L xil_defaultlib -L unisims_ver -L unimacro_ver -L secureip --snapshot processor_tb_behav xil_defaultlib.processor_tb xil_defaultlib.glbl -log elaborate.log"
ECHO is off.
ECHO is off.
Vivado Simulator v2023.2
Copyright 1986-2022 Xilinx, Inc. All Rights Reserved.
Copyright 2022-2023 Advanced Micro Devices, Inc. All Rights Reserved.
Running: C:/Xilinx/Vivado/2023.2/bin/unwrapped/win64.o/xelab.exe --incr --debug typical --relax --mt 2 -L xil_defaultlib -L unisims_ver -L unimacro_ver -L secureip --snapshot processor_tb_behav xil_defaultlib.processor_tb xil_defaultlib.glbl -log elaborate.log 
Using 2 slave threads.
Starting static elaboration
Pass Through NonSizing Optimizer
Completed static elaboration
Starting simulation data flow analysis
Completed simulation data flow analysis
Time Resolution for simulation is 1ps
Compiling module xil_defaultlib.memory
Compiling module xil_defaultlib.mux2
Compiling module xil_defaultlib.dlatch
Compiling module xil_defaultlib.dff_reset
Compiling module xil_defaultlib.dff_en_reset
Compiling module xil_defaultlib.reg32_en_reset_default
Compiling module xil_defaultlib.eightbitadder
Compiling module xil_defaultlib.adder
Compiling module xil_defaultlib.mux2_32bit_default
Compiling module xil_defaultlib.dff
Compiling module xil_defaultlib.dff_en
Compiling module xil_defaultlib.reg32_en_default
Compiling module xil_defaultlib.mux4
Compiling module xil_defaultlib.mux4_32bit_default
Compiling module xil_defaultlib.immediatevaluebuilder
Compiling module xil_defaultlib.mux32_32bit
Compiling module xil_defaultlib.fivebitcomparator
Compiling module xil_defaultlib.registerfile
Compiling module xil_defaultlib.mux8_32bit
Compiling module xil_defaultlib.mux16_32bit
Compiling module xil_defaultlib.controlstore
Compiling module xil_defaultlib.logicalrightshifter
Compiling module xil_defaultlib.arithmeticrightshifter
Compiling module xil_defaultlib.logicalleftshifter
Compiling module xil_defaultlib.shifter
Compiling module xil_defaultlib.comparatorblock
Compiling module xil_defaultlib.signedcomparator_32bit_default
Compiling module xil_defaultlib.unsignedcomparator_32bit_default
Compiling module xil_defaultlib.logicunit
Compiling module xil_defaultlib.multiplier
Compiling module xil_defaultlib.divider
Compiling module xil_defaultlib.ALU
Compiling module xil_defaultlib.branchcomparator
Compiling module xil_defaultlib.processor
Compiling module xil_defaultlib.processor_tb
Compiling module xil_defaultlib.glbl
Built simulation snapshot processor_tb_behav
INFO: [USF-XSim-69] 'elaborate' step finished in '5' seconds
INFO: [USF-XSim-4] XSim::Simulate design
INFO: [USF-XSim-61] Executing 'SIMULATE' step in 'C:/Base/Base.sim/sim_1/behav/xsim'
INFO: [USF-XSim-98] *** Running xsim
   with args "processor_tb_behav -key {Behavioral:sim_1:Functional:processor_tb} -tclbatch {processor_tb.tcl} -view {C:/Base/processor_tb_behav.wcfg} -log {simulate.log}"
INFO: [USF-XSim-8] Loading simulator feature
Time resolution is 1 ps
open_wave_config C:/Base/processor_tb_behav.wcfg
source processor_tb.tcl
# set curr_wave [current_wave_config]
# if { [string length $curr_wave] == 0 } {
#   if { [llength [get_objects]] > 0} {
#     add_wave /
#     set_property needs_save false [current_wave_config]
#   } else {
#      send_msg_id Add_Wave-1 WARNING "No top level signals found. Simulator will start without a wave window. If you want to open a wave window go to 'File->New Waveform Configuration' or type 'create_wave_config' in the TCL console."
#   }
# }
# run 1000ns
Time=0 | Reset=1 | ID_VALID=x | EX_VALID=x | MEM_VALID=x | WB_VALID=x | PC=xxxxxxxx
Time=10000 | Reset=0 | ID_VALID=x | EX_VALID=x | MEM_VALID=x | WB_VALID=x | PC=xxxxxxxx
$finish called at time : 110 ns : File "C:/Base/Base.srcs/sim_1/new/processor_tb.v" Line 45
INFO: [USF-XSim-96] XSim completed. Design snapshot 'processor_tb_behav' loaded.
INFO: [USF-XSim-97] XSim simulation ran for 1000ns
launch_simulation: Time (s): cpu = 00:00:02 ; elapsed = 00:00:10 . Memory (MB): peak = 1637.305 ; gain = 13.750
WARNING: [filemgmt 56-199] Attempt to get parsing info during refresh. "On-the-fly" syntax checking information may be incorrect. [C:\Base\Base.srcs\sources_1\new\processor.v:]
WARNING: [filemgmt 56-199] Attempt to get parsing info during refresh. "On-the-fly" syntax checking information may be incorrect. [C:\Base\Base.srcs\sim_1\new\processor_tb.v:]
ERROR: [Common 17-180] Spawn failed: No error
close_sim
INFO: [Simtcl 6-16] Simulation closed
launch_simulation
Command: launch_simulation 
INFO: [Vivado 12-12493] Simulation top is 'processor_tb'
WARNING: [Vivado 12-13340] Unable to auto find GCC executables from simulator install path! (path not set)
INFO: [Vivado 12-5682] Launching behavioral simulation in 'C:/Base/Base.sim/sim_1/behav/xsim'
INFO: [SIM-utils-51] Simulation object is 'sim_1'
INFO: [SIM-utils-72] Using boost library from 'C:/Xilinx/Vivado/2023.2/tps/boost_1_72_0'
INFO: [SIM-utils-54] Inspecting design source files for 'processor_tb' in fileset 'sim_1'...
INFO: [SIM-utils-43] Exported 'C:/Base/Base.sim/sim_1/behav/xsim/program.mem'
INFO: [SIM-utils-43] Exported 'C:/Base/Base.sim/sim_1/behav/xsim/program.mem'
INFO: [USF-XSim-97] Finding global include files...
INFO: [USF-XSim-100] Fetching design files from 'sources_1'...(this may take a while)...
INFO: [USF-XSim-101] Fetching design files from 'sim_1'...
INFO: [USF-XSim-2] XSim::Compile design
INFO: [USF-XSim-61] Executing 'COMPILE and ANALYZE' step in 'C:/Base/Base.sim/sim_1/behav/xsim'
"xvlog --incr --relax -prj processor_tb_vlog.prj"
ECHO is off.
ECHO is off.
INFO: [VRFC 10-2263] Analyzing Verilog file "C:/Base/Base.srcs/sources_1/new/ALU.v" into library xil_defaultlib
INFO: [VRFC 10-311] analyzing module ALU
INFO: [VRFC 10-2263] Analyzing Verilog file "C:/Base/Base.srcs/sources_1/new/adder.v" into library xil_defaultlib
INFO: [VRFC 10-311] analyzing module adder
INFO: [VRFC 10-2263] Analyzing Verilog file "C:/Base/Base.srcs/sources_1/new/arithmeticrightshifter.v" into library xil_defaultlib
INFO: [VRFC 10-311] analyzing module arithmeticrightshifter
INFO: [VRFC 10-2263] Analyzing Verilog file "C:/Base/Base.srcs/sources_1/new/branchcomparator.v" into library xil_defaultlib
INFO: [VRFC 10-311] analyzing module branchcomparator
INFO: [VRFC 10-2263] Analyzing Verilog file "C:/Base/Base.srcs/sources_1/new/comparatorblock.v" into library xil_defaultlib
INFO: [VRFC 10-311] analyzing module comparatorblock
INFO: [VRFC 10-2263] Analyzing Verilog file "C:/Base/Base.srcs/sources_1/new/controlstore.v" into library xil_defaultlib
INFO: [VRFC 10-311] analyzing module controlstore
INFO: [VRFC 10-2263] Analyzing Verilog file "C:/Base/Base.srcs/sources_1/new/datacache.v" into library xil_defaultlib
INFO: [VRFC 10-311] analyzing module datacache
INFO: [VRFC 10-2263] Analyzing Verilog file "C:/Base/Base.srcs/sources_1/new/dff.v" into library xil_defaultlib
INFO: [VRFC 10-311] analyzing module dff
INFO: [VRFC 10-2263] Analyzing Verilog file "C:/Base/Base.srcs/sources_1/new/dff_en.v" into library xil_defaultlib
INFO: [VRFC 10-311] analyzing module dff_en
INFO: [VRFC 10-2263] Analyzing Verilog file "C:/Base/Base.srcs/sources_1/new/divider.v" into library xil_defaultlib
INFO: [VRFC 10-311] analyzing module divider
INFO: [VRFC 10-2263] Analyzing Verilog file "C:/Base/Base.srcs/sources_1/new/dlatch.v" into library xil_defaultlib
INFO: [VRFC 10-311] analyzing module dlatch
INFO: [VRFC 10-2263] Analyzing Verilog file "C:/Base/Base.srcs/sources_1/new/eightbitadder.v" into library xil_defaultlib
INFO: [VRFC 10-311] analyzing module eightbitadder
INFO: [VRFC 10-2263] Analyzing Verilog file "C:/Base/Base.srcs/sources_1/new/fivebitcomparator.v" into library xil_defaultlib
INFO: [VRFC 10-311] analyzing module fivebitcomparator
INFO: [VRFC 10-2263] Analyzing Verilog file "C:/Base/Base.srcs/sources_1/new/immediatevaluebuilder.v" into library xil_defaultlib
INFO: [VRFC 10-311] analyzing module immediatevaluebuilder
INFO: [VRFC 10-2263] Analyzing Verilog file "C:/Base/Base.srcs/sources_1/new/instructioncache.v" into library xil_defaultlib
INFO: [VRFC 10-311] analyzing module instructioncache
INFO: [VRFC 10-2263] Analyzing Verilog file "C:/Base/Base.srcs/sources_1/new/logicalleftshifter.v" into library xil_defaultlib
INFO: [VRFC 10-311] analyzing module logicalleftshifter
INFO: [VRFC 10-2263] Analyzing Verilog file "C:/Base/Base.srcs/sources_1/new/logicalrightshifter.v" into library xil_defaultlib
INFO: [VRFC 10-311] analyzing module logicalrightshifter
INFO: [VRFC 10-2263] Analyzing Verilog file "C:/Base/Base.srcs/sources_1/new/logicunit.v" into library xil_defaultlib
INFO: [VRFC 10-311] analyzing module logicunit
INFO: [VRFC 10-2263] Analyzing Verilog file "C:/Base/Base.srcs/sources_1/new/memory.v" into library xil_defaultlib
INFO: [VRFC 10-311] analyzing module memory
INFO: [VRFC 10-2263] Analyzing Verilog file "C:/Base/Base.srcs/sources_1/new/multiplier.v" into library xil_defaultlib
INFO: [VRFC 10-311] analyzing module multiplier
INFO: [VRFC 10-2263] Analyzing Verilog file "C:/Base/Base.srcs/sources_1/new/mux16_32bit.v" into library xil_defaultlib
INFO: [VRFC 10-311] analyzing module mux16_32bit
INFO: [VRFC 10-2263] Analyzing Verilog file "C:/Base/Base.srcs/sources_1/new/mux2.v" into library xil_defaultlib
INFO: [VRFC 10-311] analyzing module mux2
INFO: [VRFC 10-2263] Analyzing Verilog file "C:/Base/Base.srcs/sources_1/new/mux2_32bit.v" into library xil_defaultlib
INFO: [VRFC 10-311] analyzing module mux2_32bit
INFO: [VRFC 10-2263] Analyzing Verilog file "C:/Base/Base.srcs/sources_1/new/mux32_32bit.v" into library xil_defaultlib
INFO: [VRFC 10-311] analyzing module mux32_32bit
INFO: [VRFC 10-2263] Analyzing Verilog file "C:/Base/Base.srcs/sources_1/new/mux4.v" into library xil_defaultlib
INFO: [VRFC 10-311] analyzing module mux4
INFO: [VRFC 10-2263] Analyzing Verilog file "C:/Base/Base.srcs/sources_1/new/mux4_32bit.v" into library xil_defaultlib
INFO: [VRFC 10-311] analyzing module mux4_32bit
INFO: [VRFC 10-2263] Analyzing Verilog file "C:/Base/Base.srcs/sources_1/new/mux8_32bit.v" into library xil_defaultlib
INFO: [VRFC 10-311] analyzing module mux8_32bit
INFO: [VRFC 10-2263] Analyzing Verilog file "C:/Base/Base.srcs/sources_1/new/reg32_en.v" into library xil_defaultlib
INFO: [VRFC 10-311] analyzing module reg32_en
INFO: [VRFC 10-2263] Analyzing Verilog file "C:/Base/Base.srcs/sources_1/new/shifter.v" into library xil_defaultlib
INFO: [VRFC 10-311] analyzing module shifter
INFO: [VRFC 10-2263] Analyzing Verilog file "C:/Base/Base.srcs/sources_1/new/signedcomparator_32bit.v" into library xil_defaultlib
INFO: [VRFC 10-311] analyzing module signedcomparator_32bit
INFO: [VRFC 10-2263] Analyzing Verilog file "C:/Base/Base.srcs/sources_1/new/unsignedcomparator_32bit.v" into library xil_defaultlib
INFO: [VRFC 10-311] analyzing module unsignedcomparator_32bit
INFO: [VRFC 10-2263] Analyzing Verilog file "C:/Base/Base.srcs/sources_1/new/processor.v" into library xil_defaultlib
INFO: [VRFC 10-311] analyzing module processor
INFO: [VRFC 10-2263] Analyzing Verilog file "C:/Base/Base.srcs/sources_1/new/registerfile.v" into library xil_defaultlib
INFO: [VRFC 10-311] analyzing module registerfile
INFO: [VRFC 10-2263] Analyzing Verilog file "C:/Base/Base.srcs/sources_1/new/reg32_en_reset.v" into library xil_defaultlib
INFO: [VRFC 10-311] analyzing module reg32_en_reset
INFO: [VRFC 10-2263] Analyzing Verilog file "C:/Base/Base.srcs/sources_1/new/dff_en_reset.v" into library xil_defaultlib
INFO: [VRFC 10-311] analyzing module dff_en_reset
INFO: [VRFC 10-2263] Analyzing Verilog file "C:/Base/Base.srcs/sources_1/new/dff_reset.v" into library xil_defaultlib
INFO: [VRFC 10-311] analyzing module dff_reset
INFO: [VRFC 10-2263] Analyzing Verilog file "C:/Base/Base.srcs/sim_1/new/processor_tb.v" into library xil_defaultlib
INFO: [VRFC 10-311] analyzing module processor_tb
INFO: [USF-XSim-69] 'compile' step finished in '3' seconds
INFO: [USF-XSim-3] XSim::Elaborate design
INFO: [USF-XSim-61] Executing 'ELABORATE' step in 'C:/Base/Base.sim/sim_1/behav/xsim'
"xelab --incr --debug typical --relax --mt 2 -L xil_defaultlib -L unisims_ver -L unimacro_ver -L secureip --snapshot processor_tb_behav xil_defaultlib.processor_tb xil_defaultlib.glbl -log elaborate.log"
ECHO is off.
ECHO is off.
Vivado Simulator v2023.2
Copyright 1986-2022 Xilinx, Inc. All Rights Reserved.
Copyright 2022-2023 Advanced Micro Devices, Inc. All Rights Reserved.
Running: C:/Xilinx/Vivado/2023.2/bin/unwrapped/win64.o/xelab.exe --incr --debug typical --relax --mt 2 -L xil_defaultlib -L unisims_ver -L unimacro_ver -L secureip --snapshot processor_tb_behav xil_defaultlib.processor_tb xil_defaultlib.glbl -log elaborate.log 
Using 2 slave threads.
Starting static elaboration
Pass Through NonSizing Optimizer
Completed static elaboration
Starting simulation data flow analysis
Completed simulation data flow analysis
Time Resolution for simulation is 1ps
Compiling module xil_defaultlib.memory
Compiling module xil_defaultlib.mux2
Compiling module xil_defaultlib.dlatch
Compiling module xil_defaultlib.dff_reset
Compiling module xil_defaultlib.dff_en_reset
Compiling module xil_defaultlib.reg32_en_reset_default
Compiling module xil_defaultlib.eightbitadder
Compiling module xil_defaultlib.adder
Compiling module xil_defaultlib.mux2_32bit_default
Compiling module xil_defaultlib.dff
Compiling module xil_defaultlib.dff_en
Compiling module xil_defaultlib.reg32_en_default
Compiling module xil_defaultlib.mux4
Compiling module xil_defaultlib.mux4_32bit_default
Compiling module xil_defaultlib.immediatevaluebuilder
Compiling module xil_defaultlib.mux32_32bit
Compiling module xil_defaultlib.fivebitcomparator
Compiling module xil_defaultlib.registerfile
Compiling module xil_defaultlib.mux8_32bit
Compiling module xil_defaultlib.mux16_32bit
Compiling module xil_defaultlib.controlstore
Compiling module xil_defaultlib.logicalrightshifter
Compiling module xil_defaultlib.arithmeticrightshifter
Compiling module xil_defaultlib.logicalleftshifter
Compiling module xil_defaultlib.shifter
Compiling module xil_defaultlib.comparatorblock
Compiling module xil_defaultlib.signedcomparator_32bit_default
Compiling module xil_defaultlib.unsignedcomparator_32bit_default
Compiling module xil_defaultlib.logicunit
Compiling module xil_defaultlib.multiplier
Compiling module xil_defaultlib.divider
Compiling module xil_defaultlib.ALU
Compiling module xil_defaultlib.branchcomparator
Compiling module xil_defaultlib.processor
Compiling module xil_defaultlib.processor_tb
Compiling module xil_defaultlib.glbl
Built simulation snapshot processor_tb_behav
run_program: Time (s): cpu = 00:00:00 ; elapsed = 00:00:05 . Memory (MB): peak = 2713.418 ; gain = 0.000
INFO: [USF-XSim-69] 'elaborate' step finished in '5' seconds
INFO: [USF-XSim-4] XSim::Simulate design
INFO: [USF-XSim-61] Executing 'SIMULATE' step in 'C:/Base/Base.sim/sim_1/behav/xsim'
INFO: [USF-XSim-98] *** Running xsim
   with args "processor_tb_behav -key {Behavioral:sim_1:Functional:processor_tb} -tclbatch {processor_tb.tcl} -view {C:/Base/processor_tb_behav.wcfg} -log {simulate.log}"
INFO: [USF-XSim-8] Loading simulator feature
Time resolution is 1 ps
open_wave_config C:/Base/processor_tb_behav.wcfg
source processor_tb.tcl
# set curr_wave [current_wave_config]
# if { [string length $curr_wave] == 0 } {
#   if { [llength [get_objects]] > 0} {
#     add_wave /
#     set_property needs_save false [current_wave_config]
#   } else {
#      send_msg_id Add_Wave-1 WARNING "No top level signals found. Simulator will start without a wave window. If you want to open a wave window go to 'File->New Waveform Configuration' or type 'create_wave_config' in the TCL console."
#   }
# }
# run 1000ns
Time=0 | Reset=1 | ID_VALID=x | EX_VALID=x | MEM_VALID=x | WB_VALID=x | PC=xxxxxxxx
Time=5000 | Reset=1 | ID_VALID=x | EX_VALID=x | MEM_VALID=x | WB_VALID=x | PC=00003000
Time=10000 | Reset=0 | ID_VALID=x | EX_VALID=x | MEM_VALID=x | WB_VALID=x | PC=00003000
Time=15000 | Reset=0 | ID_VALID=x | EX_VALID=x | MEM_VALID=x | WB_VALID=x | PC=xxxxxxxx
$finish called at time : 110 ns : File "C:/Base/Base.srcs/sim_1/new/processor_tb.v" Line 45
INFO: [USF-XSim-96] XSim completed. Design snapshot 'processor_tb_behav' loaded.
INFO: [USF-XSim-97] XSim simulation ran for 1000ns
launch_simulation: Time (s): cpu = 00:00:01 ; elapsed = 00:00:10 . Memory (MB): peak = 2713.418 ; gain = 0.000
current_wave_config {processor_tb_behav.wcfg}
processor_tb_behav.wcfg
add_wave {{/processor_tb/uut/PC/datainput}} 
current_wave_config {processor_tb_behav.wcfg}
processor_tb_behav.wcfg
add_wave {{/processor_tb/uut/PC/enable}} 
current_wave_config {processor_tb_behav.wcfg}
processor_tb_behav.wcfg
add_wave {{/processor_tb/uut/Memory/ICaddress}} 
current_wave_config {processor_tb_behav.wcfg}
processor_tb_behav.wcfg
add_wave {{/processor_tb/uut/Memory/ICoutputvalue}} 
save_wave_config {C:/Base/processor_tb_behav.wcfg}
WARNING: [filemgmt 56-199] Attempt to get parsing info during refresh. "On-the-fly" syntax checking information may be incorrect. [C:\Base\Base.srcs\sources_1\new\processor.v:]
WARNING: [filemgmt 56-199] Attempt to get parsing info during refresh. "On-the-fly" syntax checking information may be incorrect. [C:\Base\Base.srcs\sim_1\new\processor_tb.v:]
ERROR: [Common 17-180] Spawn failed: No error
relaunch_sim
Command: launch_simulation -step compile -simset sim_1 -mode behavioral
INFO: [Vivado 12-12493] Simulation top is 'processor_tb'
WARNING: [Vivado 12-13340] Unable to auto find GCC executables from simulator install path! (path not set)
INFO: [Vivado 12-5682] Launching behavioral simulation in 'C:/Base/Base.sim/sim_1/behav/xsim'
INFO: [SIM-utils-51] Simulation object is 'sim_1'
INFO: [SIM-utils-72] Using boost library from 'C:/Xilinx/Vivado/2023.2/tps/boost_1_72_0'
INFO: [SIM-utils-54] Inspecting design source files for 'processor_tb' in fileset 'sim_1'...
INFO: [SIM-utils-43] Exported 'C:/Base/Base.sim/sim_1/behav/xsim/program.mem'
INFO: [SIM-utils-43] Exported 'C:/Base/Base.sim/sim_1/behav/xsim/program.mem'
INFO: [USF-XSim-97] Finding global include files...
INFO: [USF-XSim-100] Fetching design files from 'sources_1'...(this may take a while)...
INFO: [USF-XSim-101] Fetching design files from 'sim_1'...
INFO: [USF-XSim-2] XSim::Compile design
INFO: [USF-XSim-61] Executing 'COMPILE and ANALYZE' step in 'C:/Base/Base.sim/sim_1/behav/xsim'
"xvlog --incr --relax -prj processor_tb_vlog.prj"
ECHO is off.
ECHO is off.
INFO: [USF-XSim-69] 'compile' step finished in '1' seconds
Command: launch_simulation -step elaborate -simset sim_1 -mode behavioral
INFO: [Vivado 12-12493] Simulation top is 'processor_tb'
WARNING: [Vivado 12-13340] Unable to auto find GCC executables from simulator install path! (path not set)
INFO: [Vivado 12-5682] Launching behavioral simulation in 'C:/Base/Base.sim/sim_1/behav/xsim'
INFO: [SIM-utils-51] Simulation object is 'sim_1'
INFO: [USF-XSim-3] XSim::Elaborate design
INFO: [USF-XSim-61] Executing 'ELABORATE' step in 'C:/Base/Base.sim/sim_1/behav/xsim'
"xelab --incr --debug typical --relax --mt 2 -L xil_defaultlib -L unisims_ver -L unimacro_ver -L secureip --snapshot processor_tb_behav xil_defaultlib.processor_tb xil_defaultlib.glbl -log elaborate.log"
ECHO is off.
ECHO is off.
Vivado Simulator v2023.2
Copyright 1986-2022 Xilinx, Inc. All Rights Reserved.
Copyright 2022-2023 Advanced Micro Devices, Inc. All Rights Reserved.
Running: C:/Xilinx/Vivado/2023.2/bin/unwrapped/win64.o/xelab.exe --incr --debug typical --relax --mt 2 -L xil_defaultlib -L unisims_ver -L unimacro_ver -L secureip --snapshot processor_tb_behav xil_defaultlib.processor_tb xil_defaultlib.glbl -log elaborate.log 
Using 2 slave threads.
Starting static elaboration
Pass Through NonSizing Optimizer
Completed static elaboration
INFO: [XSIM 43-4323] No Change in HDL. Linking previously generated obj files to create kernel
INFO: [USF-XSim-69] 'elaborate' step finished in '1' seconds
Time resolution is 1 ps
Time=0 | Reset=1 | ID_VALID=x | EX_VALID=x | MEM_VALID=x | WB_VALID=x | PC=xxxxxxxx
Time=5000 | Reset=1 | ID_VALID=x | EX_VALID=x | MEM_VALID=x | WB_VALID=x | PC=00003000
Time=10000 | Reset=0 | ID_VALID=x | EX_VALID=x | MEM_VALID=x | WB_VALID=x | PC=00003000
Time=15000 | Reset=0 | ID_VALID=x | EX_VALID=x | MEM_VALID=x | WB_VALID=x | PC=xxxxxxxx
$finish called at time : 110 ns : File "C:/Base/Base.srcs/sim_1/new/processor_tb.v" Line 45
relaunch_sim: Time (s): cpu = 00:00:01 ; elapsed = 00:00:05 . Memory (MB): peak = 2713.418 ; gain = 0.000
close_sim
INFO: [Simtcl 6-16] Simulation closed
launch_simulation
Command: launch_simulation 
INFO: [Vivado 12-12493] Simulation top is 'processor_tb'
WARNING: [Vivado 12-13340] Unable to auto find GCC executables from simulator install path! (path not set)
INFO: [Vivado 12-5682] Launching behavioral simulation in 'C:/Base/Base.sim/sim_1/behav/xsim'
INFO: [SIM-utils-51] Simulation object is 'sim_1'
INFO: [SIM-utils-72] Using boost library from 'C:/Xilinx/Vivado/2023.2/tps/boost_1_72_0'
INFO: [SIM-utils-54] Inspecting design source files for 'processor_tb' in fileset 'sim_1'...
INFO: [SIM-utils-43] Exported 'C:/Base/Base.sim/sim_1/behav/xsim/program.mem'
INFO: [SIM-utils-43] Exported 'C:/Base/Base.sim/sim_1/behav/xsim/program.mem'
INFO: [USF-XSim-97] Finding global include files...
INFO: [USF-XSim-100] Fetching design files from 'sources_1'...(this may take a while)...
INFO: [USF-XSim-101] Fetching design files from 'sim_1'...
INFO: [USF-XSim-2] XSim::Compile design
INFO: [USF-XSim-61] Executing 'COMPILE and ANALYZE' step in 'C:/Base/Base.sim/sim_1/behav/xsim'
"xvlog --incr --relax -prj processor_tb_vlog.prj"
ECHO is off.
ECHO is off.
INFO: [USF-XSim-69] 'compile' step finished in '1' seconds
INFO: [USF-XSim-3] XSim::Elaborate design
INFO: [USF-XSim-61] Executing 'ELABORATE' step in 'C:/Base/Base.sim/sim_1/behav/xsim'
"xelab --incr --debug typical --relax --mt 2 -L xil_defaultlib -L unisims_ver -L unimacro_ver -L secureip --snapshot processor_tb_behav xil_defaultlib.processor_tb xil_defaultlib.glbl -log elaborate.log"
ECHO is off.
ECHO is off.
Vivado Simulator v2023.2
Copyright 1986-2022 Xilinx, Inc. All Rights Reserved.
Copyright 2022-2023 Advanced Micro Devices, Inc. All Rights Reserved.
Running: C:/Xilinx/Vivado/2023.2/bin/unwrapped/win64.o/xelab.exe --incr --debug typical --relax --mt 2 -L xil_defaultlib -L unisims_ver -L unimacro_ver -L secureip --snapshot processor_tb_behav xil_defaultlib.processor_tb xil_defaultlib.glbl -log elaborate.log 
Using 2 slave threads.
Starting static elaboration
Pass Through NonSizing Optimizer
Completed static elaboration
INFO: [XSIM 43-4323] No Change in HDL. Linking previously generated obj files to create kernel
INFO: [USF-XSim-69] 'elaborate' step finished in '2' seconds
INFO: [USF-XSim-4] XSim::Simulate design
INFO: [USF-XSim-61] Executing 'SIMULATE' step in 'C:/Base/Base.sim/sim_1/behav/xsim'
INFO: [USF-XSim-98] *** Running xsim
   with args "processor_tb_behav -key {Behavioral:sim_1:Functional:processor_tb} -tclbatch {processor_tb.tcl} -view {C:/Base/processor_tb_behav.wcfg} -log {simulate.log}"
INFO: [USF-XSim-8] Loading simulator feature
Time resolution is 1 ps
open_wave_config C:/Base/processor_tb_behav.wcfg
source processor_tb.tcl
# set curr_wave [current_wave_config]
# if { [string length $curr_wave] == 0 } {
#   if { [llength [get_objects]] > 0} {
#     add_wave /
#     set_property needs_save false [current_wave_config]
#   } else {
#      send_msg_id Add_Wave-1 WARNING "No top level signals found. Simulator will start without a wave window. If you want to open a wave window go to 'File->New Waveform Configuration' or type 'create_wave_config' in the TCL console."
#   }
# }
# run 1000ns
Time=0 | Reset=1 | ID_VALID=x | EX_VALID=x | MEM_VALID=x | WB_VALID=x | PC=xxxxxxxx
Time=5000 | Reset=1 | ID_VALID=x | EX_VALID=x | MEM_VALID=x | WB_VALID=x | PC=00003000
Time=10000 | Reset=0 | ID_VALID=x | EX_VALID=x | MEM_VALID=x | WB_VALID=x | PC=00003000
Time=15000 | Reset=0 | ID_VALID=x | EX_VALID=x | MEM_VALID=x | WB_VALID=x | PC=xxxxxxxx
$finish called at time : 110 ns : File "C:/Base/Base.srcs/sim_1/new/processor_tb.v" Line 45
INFO: [USF-XSim-96] XSim completed. Design snapshot 'processor_tb_behav' loaded.
INFO: [USF-XSim-97] XSim simulation ran for 1000ns
current_wave_config {processor_tb_behav.wcfg}
processor_tb_behav.wcfg
add_wave {{/processor_tb/uut/i1}} 
current_wave_config {processor_tb_behav.wcfg}
processor_tb_behav.wcfg
add_wave {{/processor_tb/uut/i2}} 
current_wave_config {processor_tb_behav.wcfg}
processor_tb_behav.wcfg
add_wave {{/processor_tb/uut/i3}} 
current_wave_config {processor_tb_behav.wcfg}
processor_tb_behav.wcfg
add_wave {{/processor_tb/uut/i4}} 
relaunch_sim
Command: launch_simulation -step compile -simset sim_1 -mode behavioral
INFO: [Vivado 12-12493] Simulation top is 'processor_tb'
WARNING: [Vivado 12-13340] Unable to auto find GCC executables from simulator install path! (path not set)
INFO: [Vivado 12-5682] Launching behavioral simulation in 'C:/Base/Base.sim/sim_1/behav/xsim'
INFO: [SIM-utils-51] Simulation object is 'sim_1'
INFO: [USF-XSim-2] XSim::Compile design
INFO: [USF-XSim-61] Executing 'COMPILE and ANALYZE' step in 'C:/Base/Base.sim/sim_1/behav/xsim'
"xvlog --incr --relax -prj processor_tb_vlog.prj"
ECHO is off.
ECHO is off.
INFO: [USF-XSim-69] 'compile' step finished in '2' seconds
Command: launch_simulation -step elaborate -simset sim_1 -mode behavioral
INFO: [Vivado 12-12493] Simulation top is 'processor_tb'
WARNING: [Vivado 12-13340] Unable to auto find GCC executables from simulator install path! (path not set)
INFO: [Vivado 12-5682] Launching behavioral simulation in 'C:/Base/Base.sim/sim_1/behav/xsim'
INFO: [SIM-utils-51] Simulation object is 'sim_1'
INFO: [USF-XSim-3] XSim::Elaborate design
INFO: [USF-XSim-61] Executing 'ELABORATE' step in 'C:/Base/Base.sim/sim_1/behav/xsim'
"xelab --incr --debug typical --relax --mt 2 -L xil_defaultlib -L unisims_ver -L unimacro_ver -L secureip --snapshot processor_tb_behav xil_defaultlib.processor_tb xil_defaultlib.glbl -log elaborate.log"
ECHO is off.
ECHO is off.
Vivado Simulator v2023.2
Copyright 1986-2022 Xilinx, Inc. All Rights Reserved.
Copyright 2022-2023 Advanced Micro Devices, Inc. All Rights Reserved.
Running: C:/Xilinx/Vivado/2023.2/bin/unwrapped/win64.o/xelab.exe --incr --debug typical --relax --mt 2 -L xil_defaultlib -L unisims_ver -L unimacro_ver -L secureip --snapshot processor_tb_behav xil_defaultlib.processor_tb xil_defaultlib.glbl -log elaborate.log 
Using 2 slave threads.
Starting static elaboration
Pass Through NonSizing Optimizer
Completed static elaboration
INFO: [XSIM 43-4323] No Change in HDL. Linking previously generated obj files to create kernel
INFO: [USF-XSim-69] 'elaborate' step finished in '1' seconds
Time resolution is 1 ps
Time=0 | Reset=1 | ID_VALID=x | EX_VALID=x | MEM_VALID=x | WB_VALID=x | PC=xxxxxxxx
Time=5000 | Reset=1 | ID_VALID=x | EX_VALID=x | MEM_VALID=x | WB_VALID=x | PC=00003000
Time=10000 | Reset=0 | ID_VALID=x | EX_VALID=x | MEM_VALID=x | WB_VALID=x | PC=00003000
Time=15000 | Reset=0 | ID_VALID=x | EX_VALID=x | MEM_VALID=x | WB_VALID=x | PC=xxxxxxxx
$finish called at time : 110 ns : File "C:/Base/Base.srcs/sim_1/new/processor_tb.v" Line 45
relaunch_sim: Time (s): cpu = 00:00:01 ; elapsed = 00:00:05 . Memory (MB): peak = 2745.984 ; gain = 0.000
WARNING: [filemgmt 56-199] Attempt to get parsing info during refresh. "On-the-fly" syntax checking information may be incorrect. [C:\Base\Base.srcs\sources_1\new\processor.v:]
WARNING: [filemgmt 56-199] Attempt to get parsing info during refresh. "On-the-fly" syntax checking information may be incorrect. [C:\Base\Base.srcs\sim_1\new\processor_tb.v:]
ERROR: [Common 17-180] Spawn failed: No error
WARNING: [filemgmt 56-199] Attempt to get parsing info during refresh. "On-the-fly" syntax checking information may be incorrect. [C:\Base\Base.srcs\sources_1\new\processor.v:]
WARNING: [filemgmt 56-199] Attempt to get parsing info during refresh. "On-the-fly" syntax checking information may be incorrect. [C:\Base\Base.srcs\sim_1\new\processor_tb.v:]
ERROR: [Common 17-180] Spawn failed: No error
save_wave_config {C:/Base/processor_tb_behav.wcfg}
close_sim
INFO: [Simtcl 6-16] Simulation closed
WARNING: [filemgmt 56-199] Attempt to get parsing info during refresh. "On-the-fly" syntax checking information may be incorrect. [C:\Base\Base.srcs\sources_1\new\processor.v:]
WARNING: [filemgmt 56-199] Attempt to get parsing info during refresh. "On-the-fly" syntax checking information may be incorrect. [C:\Base\Base.srcs\sim_1\new\processor_tb.v:]
launch_simulation
Command: launch_simulation 
INFO: [Vivado 12-12493] Simulation top is 'processor_tb'
WARNING: [Vivado 12-13340] Unable to auto find GCC executables from simulator install path! (path not set)
boost::filesystem::remove: The process cannot access the file because it is being used by another process: "C:/Base/Base.sim/sim_1/behav/xsim/simulate.log"
ERROR: [Common 17-180] Spawn failed: No error
launch_simulation
Command: launch_simulation 
INFO: [Vivado 12-12493] Simulation top is 'processor_tb'
WARNING: [Vivado 12-13340] Unable to auto find GCC executables from simulator install path! (path not set)
INFO: [Vivado 12-5682] Launching behavioral simulation in 'C:/Base/Base.sim/sim_1/behav/xsim'
INFO: [SIM-utils-51] Simulation object is 'sim_1'
INFO: [SIM-utils-72] Using boost library from 'C:/Xilinx/Vivado/2023.2/tps/boost_1_72_0'
INFO: [SIM-utils-54] Inspecting design source files for 'processor_tb' in fileset 'sim_1'...
INFO: [SIM-utils-43] Exported 'C:/Base/Base.sim/sim_1/behav/xsim/program.mem'
INFO: [SIM-utils-43] Exported 'C:/Base/Base.sim/sim_1/behav/xsim/program.mem'
INFO: [USF-XSim-97] Finding global include files...
INFO: [USF-XSim-100] Fetching design files from 'sources_1'...(this may take a while)...
INFO: [USF-XSim-101] Fetching design files from 'sim_1'...
INFO: [USF-XSim-2] XSim::Compile design
INFO: [USF-XSim-61] Executing 'COMPILE and ANALYZE' step in 'C:/Base/Base.sim/sim_1/behav/xsim'
"xvlog --incr --relax -prj processor_tb_vlog.prj"
ECHO is off.
ECHO is off.
INFO: [VRFC 10-2263] Analyzing Verilog file "C:/Base/Base.srcs/sources_1/new/ALU.v" into library xil_defaultlib
INFO: [VRFC 10-311] analyzing module ALU
INFO: [VRFC 10-2263] Analyzing Verilog file "C:/Base/Base.srcs/sources_1/new/adder.v" into library xil_defaultlib
INFO: [VRFC 10-311] analyzing module adder
INFO: [VRFC 10-2263] Analyzing Verilog file "C:/Base/Base.srcs/sources_1/new/arithmeticrightshifter.v" into library xil_defaultlib
INFO: [VRFC 10-311] analyzing module arithmeticrightshifter
INFO: [VRFC 10-2263] Analyzing Verilog file "C:/Base/Base.srcs/sources_1/new/branchcomparator.v" into library xil_defaultlib
INFO: [VRFC 10-311] analyzing module branchcomparator
INFO: [VRFC 10-2263] Analyzing Verilog file "C:/Base/Base.srcs/sources_1/new/comparatorblock.v" into library xil_defaultlib
INFO: [VRFC 10-311] analyzing module comparatorblock
INFO: [VRFC 10-2263] Analyzing Verilog file "C:/Base/Base.srcs/sources_1/new/controlstore.v" into library xil_defaultlib
INFO: [VRFC 10-311] analyzing module controlstore
INFO: [VRFC 10-2263] Analyzing Verilog file "C:/Base/Base.srcs/sources_1/new/datacache.v" into library xil_defaultlib
INFO: [VRFC 10-311] analyzing module datacache
INFO: [VRFC 10-2263] Analyzing Verilog file "C:/Base/Base.srcs/sources_1/new/dff.v" into library xil_defaultlib
INFO: [VRFC 10-311] analyzing module dff
INFO: [VRFC 10-2263] Analyzing Verilog file "C:/Base/Base.srcs/sources_1/new/dff_en.v" into library xil_defaultlib
INFO: [VRFC 10-311] analyzing module dff_en
INFO: [VRFC 10-2263] Analyzing Verilog file "C:/Base/Base.srcs/sources_1/new/divider.v" into library xil_defaultlib
INFO: [VRFC 10-311] analyzing module divider
INFO: [VRFC 10-2263] Analyzing Verilog file "C:/Base/Base.srcs/sources_1/new/dlatch.v" into library xil_defaultlib
INFO: [VRFC 10-311] analyzing module dlatch
INFO: [VRFC 10-2263] Analyzing Verilog file "C:/Base/Base.srcs/sources_1/new/eightbitadder.v" into library xil_defaultlib
INFO: [VRFC 10-311] analyzing module eightbitadder
INFO: [VRFC 10-2263] Analyzing Verilog file "C:/Base/Base.srcs/sources_1/new/fivebitcomparator.v" into library xil_defaultlib
INFO: [VRFC 10-311] analyzing module fivebitcomparator
INFO: [VRFC 10-2263] Analyzing Verilog file "C:/Base/Base.srcs/sources_1/new/immediatevaluebuilder.v" into library xil_defaultlib
INFO: [VRFC 10-311] analyzing module immediatevaluebuilder
INFO: [VRFC 10-2263] Analyzing Verilog file "C:/Base/Base.srcs/sources_1/new/instructioncache.v" into library xil_defaultlib
INFO: [VRFC 10-311] analyzing module instructioncache
INFO: [VRFC 10-2263] Analyzing Verilog file "C:/Base/Base.srcs/sources_1/new/logicalleftshifter.v" into library xil_defaultlib
INFO: [VRFC 10-311] analyzing module logicalleftshifter
INFO: [VRFC 10-2263] Analyzing Verilog file "C:/Base/Base.srcs/sources_1/new/logicalrightshifter.v" into library xil_defaultlib
INFO: [VRFC 10-311] analyzing module logicalrightshifter
INFO: [VRFC 10-2263] Analyzing Verilog file "C:/Base/Base.srcs/sources_1/new/logicunit.v" into library xil_defaultlib
INFO: [VRFC 10-311] analyzing module logicunit
INFO: [VRFC 10-2263] Analyzing Verilog file "C:/Base/Base.srcs/sources_1/new/memory.v" into library xil_defaultlib
INFO: [VRFC 10-311] analyzing module memory
INFO: [VRFC 10-2263] Analyzing Verilog file "C:/Base/Base.srcs/sources_1/new/multiplier.v" into library xil_defaultlib
INFO: [VRFC 10-311] analyzing module multiplier
INFO: [VRFC 10-2263] Analyzing Verilog file "C:/Base/Base.srcs/sources_1/new/mux16_32bit.v" into library xil_defaultlib
INFO: [VRFC 10-311] analyzing module mux16_32bit
INFO: [VRFC 10-2263] Analyzing Verilog file "C:/Base/Base.srcs/sources_1/new/mux2.v" into library xil_defaultlib
INFO: [VRFC 10-311] analyzing module mux2
INFO: [VRFC 10-2263] Analyzing Verilog file "C:/Base/Base.srcs/sources_1/new/mux2_32bit.v" into library xil_defaultlib
INFO: [VRFC 10-311] analyzing module mux2_32bit
INFO: [VRFC 10-2263] Analyzing Verilog file "C:/Base/Base.srcs/sources_1/new/mux32_32bit.v" into library xil_defaultlib
INFO: [VRFC 10-311] analyzing module mux32_32bit
INFO: [VRFC 10-2263] Analyzing Verilog file "C:/Base/Base.srcs/sources_1/new/mux4.v" into library xil_defaultlib
INFO: [VRFC 10-311] analyzing module mux4
INFO: [VRFC 10-2263] Analyzing Verilog file "C:/Base/Base.srcs/sources_1/new/mux4_32bit.v" into library xil_defaultlib
INFO: [VRFC 10-311] analyzing module mux4_32bit
INFO: [VRFC 10-2263] Analyzing Verilog file "C:/Base/Base.srcs/sources_1/new/mux8_32bit.v" into library xil_defaultlib
INFO: [VRFC 10-311] analyzing module mux8_32bit
INFO: [VRFC 10-2263] Analyzing Verilog file "C:/Base/Base.srcs/sources_1/new/reg32_en.v" into library xil_defaultlib
INFO: [VRFC 10-311] analyzing module reg32_en
INFO: [VRFC 10-2263] Analyzing Verilog file "C:/Base/Base.srcs/sources_1/new/shifter.v" into library xil_defaultlib
INFO: [VRFC 10-311] analyzing module shifter
INFO: [VRFC 10-2263] Analyzing Verilog file "C:/Base/Base.srcs/sources_1/new/signedcomparator_32bit.v" into library xil_defaultlib
INFO: [VRFC 10-311] analyzing module signedcomparator_32bit
INFO: [VRFC 10-2263] Analyzing Verilog file "C:/Base/Base.srcs/sources_1/new/unsignedcomparator_32bit.v" into library xil_defaultlib
INFO: [VRFC 10-311] analyzing module unsignedcomparator_32bit
INFO: [VRFC 10-2263] Analyzing Verilog file "C:/Base/Base.srcs/sources_1/new/processor.v" into library xil_defaultlib
INFO: [VRFC 10-311] analyzing module processor
INFO: [VRFC 10-2263] Analyzing Verilog file "C:/Base/Base.srcs/sources_1/new/registerfile.v" into library xil_defaultlib
INFO: [VRFC 10-311] analyzing module registerfile
INFO: [VRFC 10-2263] Analyzing Verilog file "C:/Base/Base.srcs/sources_1/new/reg32_en_reset.v" into library xil_defaultlib
INFO: [VRFC 10-311] analyzing module reg32_en_reset
INFO: [VRFC 10-2263] Analyzing Verilog file "C:/Base/Base.srcs/sources_1/new/dff_en_reset.v" into library xil_defaultlib
INFO: [VRFC 10-311] analyzing module dff_en_reset
INFO: [VRFC 10-2263] Analyzing Verilog file "C:/Base/Base.srcs/sources_1/new/dff_reset.v" into library xil_defaultlib
INFO: [VRFC 10-311] analyzing module dff_reset
INFO: [VRFC 10-2263] Analyzing Verilog file "C:/Base/Base.srcs/sim_1/new/processor_tb.v" into library xil_defaultlib
INFO: [VRFC 10-311] analyzing module processor_tb
ERROR: [VRFC 10-2989] 'ID_VALID_Output' is not declared [C:/Base/Base.srcs/sim_1/new/processor_tb.v:37]
ERROR: [VRFC 10-2989] 'EX_VALID_Output' is not declared [C:/Base/Base.srcs/sim_1/new/processor_tb.v:38]
ERROR: [VRFC 10-2989] 'MEM_VALID_Output' is not declared [C:/Base/Base.srcs/sim_1/new/processor_tb.v:39]
ERROR: [VRFC 10-2989] 'WB_VALID_Output' is not declared [C:/Base/Base.srcs/sim_1/new/processor_tb.v:40]
ERROR: [VRFC 10-2989] 'EX_VALID_Output' is not declared [C:/Base/Base.srcs/sim_1/new/processor_tb.v:62]
ERROR: [VRFC 10-2989] 'MEM_VALID_Output' is not declared [C:/Base/Base.srcs/sim_1/new/processor_tb.v:70]
ERROR: [VRFC 10-2989] 'ID_VALID_Output' is not declared [C:/Base/Base.srcs/sim_1/new/processor_tb.v:75]
ERROR: [VRFC 10-8530] module 'processor_tb' is ignored due to previous errors [C:/Base/Base.srcs/sim_1/new/processor_tb.v:3]
INFO: [USF-XSim-69] 'compile' step finished in '3' seconds
INFO: [USF-XSim-99] Step results log file:'C:/Base/Base.sim/sim_1/behav/xsim/xvlog.log'
ERROR: [USF-XSim-62] 'compile' step failed with error(s). Please check the Tcl console output or 'C:/Base/Base.sim/sim_1/behav/xsim/xvlog.log' file for more information.
ERROR: [Vivado 12-4473] Detected error while running simulation. Please correct the issue and retry this operation.
ERROR: [Common 17-39] 'launch_simulation' failed due to earlier errors.
WARNING: [filemgmt 56-199] Attempt to get parsing info during refresh. "On-the-fly" syntax checking information may be incorrect. [C:\Base\Base.srcs\sources_1\new\processor.v:]
WARNING: [filemgmt 56-199] Attempt to get parsing info during refresh. "On-the-fly" syntax checking information may be incorrect. [C:\Base\Base.srcs\sim_1\new\processor_tb.v:]
ERROR: [Common 17-180] Spawn failed: No error
launch_simulation
Command: launch_simulation 
INFO: [Vivado 12-12493] Simulation top is 'processor_tb'
WARNING: [Vivado 12-13340] Unable to auto find GCC executables from simulator install path! (path not set)
INFO: [Vivado 12-5682] Launching behavioral simulation in 'C:/Base/Base.sim/sim_1/behav/xsim'
INFO: [SIM-utils-51] Simulation object is 'sim_1'
INFO: [SIM-utils-72] Using boost library from 'C:/Xilinx/Vivado/2023.2/tps/boost_1_72_0'
INFO: [SIM-utils-54] Inspecting design source files for 'processor_tb' in fileset 'sim_1'...
INFO: [SIM-utils-43] Exported 'C:/Base/Base.sim/sim_1/behav/xsim/program.mem'
INFO: [SIM-utils-43] Exported 'C:/Base/Base.sim/sim_1/behav/xsim/program.mem'
INFO: [USF-XSim-97] Finding global include files...
INFO: [USF-XSim-100] Fetching design files from 'sources_1'...(this may take a while)...
INFO: [USF-XSim-101] Fetching design files from 'sim_1'...
INFO: [USF-XSim-2] XSim::Compile design
INFO: [USF-XSim-61] Executing 'COMPILE and ANALYZE' step in 'C:/Base/Base.sim/sim_1/behav/xsim'
"xvlog --incr --relax -prj processor_tb_vlog.prj"
ECHO is off.
ECHO is off.
INFO: [VRFC 10-2263] Analyzing Verilog file "C:/Base/Base.srcs/sources_1/new/ALU.v" into library xil_defaultlib
INFO: [VRFC 10-311] analyzing module ALU
INFO: [VRFC 10-2263] Analyzing Verilog file "C:/Base/Base.srcs/sources_1/new/adder.v" into library xil_defaultlib
INFO: [VRFC 10-311] analyzing module adder
INFO: [VRFC 10-2263] Analyzing Verilog file "C:/Base/Base.srcs/sources_1/new/arithmeticrightshifter.v" into library xil_defaultlib
INFO: [VRFC 10-311] analyzing module arithmeticrightshifter
INFO: [VRFC 10-2263] Analyzing Verilog file "C:/Base/Base.srcs/sources_1/new/branchcomparator.v" into library xil_defaultlib
INFO: [VRFC 10-311] analyzing module branchcomparator
INFO: [VRFC 10-2263] Analyzing Verilog file "C:/Base/Base.srcs/sources_1/new/comparatorblock.v" into library xil_defaultlib
INFO: [VRFC 10-311] analyzing module comparatorblock
INFO: [VRFC 10-2263] Analyzing Verilog file "C:/Base/Base.srcs/sources_1/new/controlstore.v" into library xil_defaultlib
INFO: [VRFC 10-311] analyzing module controlstore
INFO: [VRFC 10-2263] Analyzing Verilog file "C:/Base/Base.srcs/sources_1/new/datacache.v" into library xil_defaultlib
INFO: [VRFC 10-311] analyzing module datacache
INFO: [VRFC 10-2263] Analyzing Verilog file "C:/Base/Base.srcs/sources_1/new/dff.v" into library xil_defaultlib
INFO: [VRFC 10-311] analyzing module dff
INFO: [VRFC 10-2263] Analyzing Verilog file "C:/Base/Base.srcs/sources_1/new/dff_en.v" into library xil_defaultlib
INFO: [VRFC 10-311] analyzing module dff_en
INFO: [VRFC 10-2263] Analyzing Verilog file "C:/Base/Base.srcs/sources_1/new/divider.v" into library xil_defaultlib
INFO: [VRFC 10-311] analyzing module divider
INFO: [VRFC 10-2263] Analyzing Verilog file "C:/Base/Base.srcs/sources_1/new/dlatch.v" into library xil_defaultlib
INFO: [VRFC 10-311] analyzing module dlatch
INFO: [VRFC 10-2263] Analyzing Verilog file "C:/Base/Base.srcs/sources_1/new/eightbitadder.v" into library xil_defaultlib
INFO: [VRFC 10-311] analyzing module eightbitadder
INFO: [VRFC 10-2263] Analyzing Verilog file "C:/Base/Base.srcs/sources_1/new/fivebitcomparator.v" into library xil_defaultlib
INFO: [VRFC 10-311] analyzing module fivebitcomparator
INFO: [VRFC 10-2263] Analyzing Verilog file "C:/Base/Base.srcs/sources_1/new/immediatevaluebuilder.v" into library xil_defaultlib
INFO: [VRFC 10-311] analyzing module immediatevaluebuilder
INFO: [VRFC 10-2263] Analyzing Verilog file "C:/Base/Base.srcs/sources_1/new/instructioncache.v" into library xil_defaultlib
INFO: [VRFC 10-311] analyzing module instructioncache
INFO: [VRFC 10-2263] Analyzing Verilog file "C:/Base/Base.srcs/sources_1/new/logicalleftshifter.v" into library xil_defaultlib
INFO: [VRFC 10-311] analyzing module logicalleftshifter
INFO: [VRFC 10-2263] Analyzing Verilog file "C:/Base/Base.srcs/sources_1/new/logicalrightshifter.v" into library xil_defaultlib
INFO: [VRFC 10-311] analyzing module logicalrightshifter
INFO: [VRFC 10-2263] Analyzing Verilog file "C:/Base/Base.srcs/sources_1/new/logicunit.v" into library xil_defaultlib
INFO: [VRFC 10-311] analyzing module logicunit
INFO: [VRFC 10-2263] Analyzing Verilog file "C:/Base/Base.srcs/sources_1/new/memory.v" into library xil_defaultlib
INFO: [VRFC 10-311] analyzing module memory
INFO: [VRFC 10-2263] Analyzing Verilog file "C:/Base/Base.srcs/sources_1/new/multiplier.v" into library xil_defaultlib
INFO: [VRFC 10-311] analyzing module multiplier
INFO: [VRFC 10-2263] Analyzing Verilog file "C:/Base/Base.srcs/sources_1/new/mux16_32bit.v" into library xil_defaultlib
INFO: [VRFC 10-311] analyzing module mux16_32bit
INFO: [VRFC 10-2263] Analyzing Verilog file "C:/Base/Base.srcs/sources_1/new/mux2.v" into library xil_defaultlib
INFO: [VRFC 10-311] analyzing module mux2
INFO: [VRFC 10-2263] Analyzing Verilog file "C:/Base/Base.srcs/sources_1/new/mux2_32bit.v" into library xil_defaultlib
INFO: [VRFC 10-311] analyzing module mux2_32bit
INFO: [VRFC 10-2263] Analyzing Verilog file "C:/Base/Base.srcs/sources_1/new/mux32_32bit.v" into library xil_defaultlib
INFO: [VRFC 10-311] analyzing module mux32_32bit
INFO: [VRFC 10-2263] Analyzing Verilog file "C:/Base/Base.srcs/sources_1/new/mux4.v" into library xil_defaultlib
INFO: [VRFC 10-311] analyzing module mux4
INFO: [VRFC 10-2263] Analyzing Verilog file "C:/Base/Base.srcs/sources_1/new/mux4_32bit.v" into library xil_defaultlib
INFO: [VRFC 10-311] analyzing module mux4_32bit
INFO: [VRFC 10-2263] Analyzing Verilog file "C:/Base/Base.srcs/sources_1/new/mux8_32bit.v" into library xil_defaultlib
INFO: [VRFC 10-311] analyzing module mux8_32bit
INFO: [VRFC 10-2263] Analyzing Verilog file "C:/Base/Base.srcs/sources_1/new/reg32_en.v" into library xil_defaultlib
INFO: [VRFC 10-311] analyzing module reg32_en
INFO: [VRFC 10-2263] Analyzing Verilog file "C:/Base/Base.srcs/sources_1/new/shifter.v" into library xil_defaultlib
INFO: [VRFC 10-311] analyzing module shifter
INFO: [VRFC 10-2263] Analyzing Verilog file "C:/Base/Base.srcs/sources_1/new/signedcomparator_32bit.v" into library xil_defaultlib
INFO: [VRFC 10-311] analyzing module signedcomparator_32bit
INFO: [VRFC 10-2263] Analyzing Verilog file "C:/Base/Base.srcs/sources_1/new/unsignedcomparator_32bit.v" into library xil_defaultlib
INFO: [VRFC 10-311] analyzing module unsignedcomparator_32bit
INFO: [VRFC 10-2263] Analyzing Verilog file "C:/Base/Base.srcs/sources_1/new/processor.v" into library xil_defaultlib
INFO: [VRFC 10-311] analyzing module processor
INFO: [VRFC 10-2263] Analyzing Verilog file "C:/Base/Base.srcs/sources_1/new/registerfile.v" into library xil_defaultlib
INFO: [VRFC 10-311] analyzing module registerfile
INFO: [VRFC 10-2263] Analyzing Verilog file "C:/Base/Base.srcs/sources_1/new/reg32_en_reset.v" into library xil_defaultlib
INFO: [VRFC 10-311] analyzing module reg32_en_reset
INFO: [VRFC 10-2263] Analyzing Verilog file "C:/Base/Base.srcs/sources_1/new/dff_en_reset.v" into library xil_defaultlib
INFO: [VRFC 10-311] analyzing module dff_en_reset
INFO: [VRFC 10-2263] Analyzing Verilog file "C:/Base/Base.srcs/sources_1/new/dff_reset.v" into library xil_defaultlib
INFO: [VRFC 10-311] analyzing module dff_reset
INFO: [VRFC 10-2263] Analyzing Verilog file "C:/Base/Base.srcs/sim_1/new/processor_tb.v" into library xil_defaultlib
INFO: [VRFC 10-311] analyzing module processor_tb
ERROR: [VRFC 10-2989] 'ID_VALID_Output' is not declared [C:/Base/Base.srcs/sim_1/new/processor_tb.v:37]
ERROR: [VRFC 10-2989] 'EX_VALID_Output' is not declared [C:/Base/Base.srcs/sim_1/new/processor_tb.v:38]
ERROR: [VRFC 10-2989] 'MEM_VALID_Output' is not declared [C:/Base/Base.srcs/sim_1/new/processor_tb.v:39]
ERROR: [VRFC 10-2989] 'WB_VALID_Output' is not declared [C:/Base/Base.srcs/sim_1/new/processor_tb.v:40]
ERROR: [VRFC 10-2989] 'EX_VALID_Output' is not declared [C:/Base/Base.srcs/sim_1/new/processor_tb.v:62]
ERROR: [VRFC 10-2989] 'MEM_VALID_Output' is not declared [C:/Base/Base.srcs/sim_1/new/processor_tb.v:70]
ERROR: [VRFC 10-2989] 'ID_VALID_Output' is not declared [C:/Base/Base.srcs/sim_1/new/processor_tb.v:75]
ERROR: [VRFC 10-8530] module 'processor_tb' is ignored due to previous errors [C:/Base/Base.srcs/sim_1/new/processor_tb.v:3]
INFO: [USF-XSim-69] 'compile' step finished in '3' seconds
INFO: [USF-XSim-99] Step results log file:'C:/Base/Base.sim/sim_1/behav/xsim/xvlog.log'
ERROR: [USF-XSim-62] 'compile' step failed with error(s). Please check the Tcl console output or 'C:/Base/Base.sim/sim_1/behav/xsim/xvlog.log' file for more information.
ERROR: [Vivado 12-4473] Detected error while running simulation. Please correct the issue and retry this operation.
ERROR: [Common 17-39] 'launch_simulation' failed due to earlier errors.
WARNING: [filemgmt 56-199] Attempt to get parsing info during refresh. "On-the-fly" syntax checking information may be incorrect. [C:\Base\Base.srcs\sources_1\new\processor.v:]
WARNING: [filemgmt 56-199] Attempt to get parsing info during refresh. "On-the-fly" syntax checking information may be incorrect. [C:\Base\Base.srcs\sim_1\new\processor_tb.v:]
ERROR: [Common 17-180] Spawn failed: No error
launch_simulation
Command: launch_simulation 
INFO: [Vivado 12-12493] Simulation top is 'processor_tb'
WARNING: [Vivado 12-13340] Unable to auto find GCC executables from simulator install path! (path not set)
INFO: [Vivado 12-5682] Launching behavioral simulation in 'C:/Base/Base.sim/sim_1/behav/xsim'
INFO: [SIM-utils-51] Simulation object is 'sim_1'
INFO: [SIM-utils-72] Using boost library from 'C:/Xilinx/Vivado/2023.2/tps/boost_1_72_0'
INFO: [SIM-utils-54] Inspecting design source files for 'processor_tb' in fileset 'sim_1'...
INFO: [SIM-utils-43] Exported 'C:/Base/Base.sim/sim_1/behav/xsim/program.mem'
INFO: [SIM-utils-43] Exported 'C:/Base/Base.sim/sim_1/behav/xsim/program.mem'
INFO: [USF-XSim-97] Finding global include files...
INFO: [USF-XSim-100] Fetching design files from 'sources_1'...(this may take a while)...
INFO: [USF-XSim-101] Fetching design files from 'sim_1'...
INFO: [USF-XSim-2] XSim::Compile design
INFO: [USF-XSim-61] Executing 'COMPILE and ANALYZE' step in 'C:/Base/Base.sim/sim_1/behav/xsim'
"xvlog --incr --relax -prj processor_tb_vlog.prj"
ECHO is off.
ECHO is off.
INFO: [VRFC 10-2263] Analyzing Verilog file "C:/Base/Base.srcs/sources_1/new/ALU.v" into library xil_defaultlib
INFO: [VRFC 10-311] analyzing module ALU
INFO: [VRFC 10-2263] Analyzing Verilog file "C:/Base/Base.srcs/sources_1/new/adder.v" into library xil_defaultlib
INFO: [VRFC 10-311] analyzing module adder
INFO: [VRFC 10-2263] Analyzing Verilog file "C:/Base/Base.srcs/sources_1/new/arithmeticrightshifter.v" into library xil_defaultlib
INFO: [VRFC 10-311] analyzing module arithmeticrightshifter
INFO: [VRFC 10-2263] Analyzing Verilog file "C:/Base/Base.srcs/sources_1/new/branchcomparator.v" into library xil_defaultlib
INFO: [VRFC 10-311] analyzing module branchcomparator
INFO: [VRFC 10-2263] Analyzing Verilog file "C:/Base/Base.srcs/sources_1/new/comparatorblock.v" into library xil_defaultlib
INFO: [VRFC 10-311] analyzing module comparatorblock
INFO: [VRFC 10-2263] Analyzing Verilog file "C:/Base/Base.srcs/sources_1/new/controlstore.v" into library xil_defaultlib
INFO: [VRFC 10-311] analyzing module controlstore
INFO: [VRFC 10-2263] Analyzing Verilog file "C:/Base/Base.srcs/sources_1/new/datacache.v" into library xil_defaultlib
INFO: [VRFC 10-311] analyzing module datacache
INFO: [VRFC 10-2263] Analyzing Verilog file "C:/Base/Base.srcs/sources_1/new/dff.v" into library xil_defaultlib
INFO: [VRFC 10-311] analyzing module dff
INFO: [VRFC 10-2263] Analyzing Verilog file "C:/Base/Base.srcs/sources_1/new/dff_en.v" into library xil_defaultlib
INFO: [VRFC 10-311] analyzing module dff_en
INFO: [VRFC 10-2263] Analyzing Verilog file "C:/Base/Base.srcs/sources_1/new/divider.v" into library xil_defaultlib
INFO: [VRFC 10-311] analyzing module divider
INFO: [VRFC 10-2263] Analyzing Verilog file "C:/Base/Base.srcs/sources_1/new/dlatch.v" into library xil_defaultlib
INFO: [VRFC 10-311] analyzing module dlatch
INFO: [VRFC 10-2263] Analyzing Verilog file "C:/Base/Base.srcs/sources_1/new/eightbitadder.v" into library xil_defaultlib
INFO: [VRFC 10-311] analyzing module eightbitadder
INFO: [VRFC 10-2263] Analyzing Verilog file "C:/Base/Base.srcs/sources_1/new/fivebitcomparator.v" into library xil_defaultlib
INFO: [VRFC 10-311] analyzing module fivebitcomparator
INFO: [VRFC 10-2263] Analyzing Verilog file "C:/Base/Base.srcs/sources_1/new/immediatevaluebuilder.v" into library xil_defaultlib
INFO: [VRFC 10-311] analyzing module immediatevaluebuilder
INFO: [VRFC 10-2263] Analyzing Verilog file "C:/Base/Base.srcs/sources_1/new/instructioncache.v" into library xil_defaultlib
INFO: [VRFC 10-311] analyzing module instructioncache
INFO: [VRFC 10-2263] Analyzing Verilog file "C:/Base/Base.srcs/sources_1/new/logicalleftshifter.v" into library xil_defaultlib
INFO: [VRFC 10-311] analyzing module logicalleftshifter
INFO: [VRFC 10-2263] Analyzing Verilog file "C:/Base/Base.srcs/sources_1/new/logicalrightshifter.v" into library xil_defaultlib
INFO: [VRFC 10-311] analyzing module logicalrightshifter
INFO: [VRFC 10-2263] Analyzing Verilog file "C:/Base/Base.srcs/sources_1/new/logicunit.v" into library xil_defaultlib
INFO: [VRFC 10-311] analyzing module logicunit
INFO: [VRFC 10-2263] Analyzing Verilog file "C:/Base/Base.srcs/sources_1/new/memory.v" into library xil_defaultlib
INFO: [VRFC 10-311] analyzing module memory
INFO: [VRFC 10-2263] Analyzing Verilog file "C:/Base/Base.srcs/sources_1/new/multiplier.v" into library xil_defaultlib
INFO: [VRFC 10-311] analyzing module multiplier
INFO: [VRFC 10-2263] Analyzing Verilog file "C:/Base/Base.srcs/sources_1/new/mux16_32bit.v" into library xil_defaultlib
INFO: [VRFC 10-311] analyzing module mux16_32bit
INFO: [VRFC 10-2263] Analyzing Verilog file "C:/Base/Base.srcs/sources_1/new/mux2.v" into library xil_defaultlib
INFO: [VRFC 10-311] analyzing module mux2
INFO: [VRFC 10-2263] Analyzing Verilog file "C:/Base/Base.srcs/sources_1/new/mux2_32bit.v" into library xil_defaultlib
INFO: [VRFC 10-311] analyzing module mux2_32bit
INFO: [VRFC 10-2263] Analyzing Verilog file "C:/Base/Base.srcs/sources_1/new/mux32_32bit.v" into library xil_defaultlib
INFO: [VRFC 10-311] analyzing module mux32_32bit
INFO: [VRFC 10-2263] Analyzing Verilog file "C:/Base/Base.srcs/sources_1/new/mux4.v" into library xil_defaultlib
INFO: [VRFC 10-311] analyzing module mux4
INFO: [VRFC 10-2263] Analyzing Verilog file "C:/Base/Base.srcs/sources_1/new/mux4_32bit.v" into library xil_defaultlib
INFO: [VRFC 10-311] analyzing module mux4_32bit
INFO: [VRFC 10-2263] Analyzing Verilog file "C:/Base/Base.srcs/sources_1/new/mux8_32bit.v" into library xil_defaultlib
INFO: [VRFC 10-311] analyzing module mux8_32bit
INFO: [VRFC 10-2263] Analyzing Verilog file "C:/Base/Base.srcs/sources_1/new/reg32_en.v" into library xil_defaultlib
INFO: [VRFC 10-311] analyzing module reg32_en
INFO: [VRFC 10-2263] Analyzing Verilog file "C:/Base/Base.srcs/sources_1/new/shifter.v" into library xil_defaultlib
INFO: [VRFC 10-311] analyzing module shifter
INFO: [VRFC 10-2263] Analyzing Verilog file "C:/Base/Base.srcs/sources_1/new/signedcomparator_32bit.v" into library xil_defaultlib
INFO: [VRFC 10-311] analyzing module signedcomparator_32bit
INFO: [VRFC 10-2263] Analyzing Verilog file "C:/Base/Base.srcs/sources_1/new/unsignedcomparator_32bit.v" into library xil_defaultlib
INFO: [VRFC 10-311] analyzing module unsignedcomparator_32bit
INFO: [VRFC 10-2263] Analyzing Verilog file "C:/Base/Base.srcs/sources_1/new/processor.v" into library xil_defaultlib
INFO: [VRFC 10-311] analyzing module processor
INFO: [VRFC 10-2263] Analyzing Verilog file "C:/Base/Base.srcs/sources_1/new/registerfile.v" into library xil_defaultlib
INFO: [VRFC 10-311] analyzing module registerfile
INFO: [VRFC 10-2263] Analyzing Verilog file "C:/Base/Base.srcs/sources_1/new/reg32_en_reset.v" into library xil_defaultlib
INFO: [VRFC 10-311] analyzing module reg32_en_reset
INFO: [VRFC 10-2263] Analyzing Verilog file "C:/Base/Base.srcs/sources_1/new/dff_en_reset.v" into library xil_defaultlib
INFO: [VRFC 10-311] analyzing module dff_en_reset
INFO: [VRFC 10-2263] Analyzing Verilog file "C:/Base/Base.srcs/sources_1/new/dff_reset.v" into library xil_defaultlib
INFO: [VRFC 10-311] analyzing module dff_reset
INFO: [VRFC 10-2263] Analyzing Verilog file "C:/Base/Base.srcs/sim_1/new/processor_tb.v" into library xil_defaultlib
INFO: [VRFC 10-311] analyzing module processor_tb
INFO: [VRFC 10-2263] Analyzing Verilog file "C:/Base/Base.sim/sim_1/behav/xsim/glbl.v" into library xil_defaultlib
INFO: [VRFC 10-311] analyzing module glbl
INFO: [USF-XSim-69] 'compile' step finished in '3' seconds
INFO: [USF-XSim-3] XSim::Elaborate design
INFO: [USF-XSim-61] Executing 'ELABORATE' step in 'C:/Base/Base.sim/sim_1/behav/xsim'
"xelab --incr --debug typical --relax --mt 2 -L xil_defaultlib -L unisims_ver -L unimacro_ver -L secureip --snapshot processor_tb_behav xil_defaultlib.processor_tb xil_defaultlib.glbl -log elaborate.log"
ECHO is off.
ECHO is off.
Vivado Simulator v2023.2
Copyright 1986-2022 Xilinx, Inc. All Rights Reserved.
Copyright 2022-2023 Advanced Micro Devices, Inc. All Rights Reserved.
Running: C:/Xilinx/Vivado/2023.2/bin/unwrapped/win64.o/xelab.exe --incr --debug typical --relax --mt 2 -L xil_defaultlib -L unisims_ver -L unimacro_ver -L secureip --snapshot processor_tb_behav xil_defaultlib.processor_tb xil_defaultlib.glbl -log elaborate.log 
Using 2 slave threads.
Starting static elaboration
Pass Through NonSizing Optimizer
ERROR: [VRFC 10-2991] 'ID_DEP_STALL' is not declared under prefix 'uut' [C:/Base/Base.srcs/sim_1/new/processor_tb.v:29]
ERROR: [VRFC 10-2991] 'ID_DEP_STALL' is not declared under prefix 'uut' [C:/Base/Base.srcs/sim_1/new/processor_tb.v:61]
ERROR: [XSIM 43-3322] Static elaboration of top level Verilog design unit(s) in library work failed.
INFO: [USF-XSim-69] 'elaborate' step finished in '2' seconds
INFO: [USF-XSim-99] Step results log file:'C:/Base/Base.sim/sim_1/behav/xsim/elaborate.log'
ERROR: [USF-XSim-62] 'elaborate' step failed with error(s). Please check the Tcl console output or 'C:/Base/Base.sim/sim_1/behav/xsim/elaborate.log' file for more information.
ERROR: [Vivado 12-4473] Detected error while running simulation. Please correct the issue and retry this operation.
ERROR: [Common 17-39] 'launch_simulation' failed due to earlier errors.
WARNING: [filemgmt 56-199] Attempt to get parsing info during refresh. "On-the-fly" syntax checking information may be incorrect. [C:\Base\Base.srcs\sources_1\new\processor.v:]
WARNING: [filemgmt 56-199] Attempt to get parsing info during refresh. "On-the-fly" syntax checking information may be incorrect. [C:\Base\Base.srcs\sim_1\new\processor_tb.v:]
ERROR: [Common 17-180] Spawn failed: No error
launch_simulation
Command: launch_simulation 
INFO: [Vivado 12-12493] Simulation top is 'processor_tb'
WARNING: [Vivado 12-13340] Unable to auto find GCC executables from simulator install path! (path not set)
INFO: [Vivado 12-5682] Launching behavioral simulation in 'C:/Base/Base.sim/sim_1/behav/xsim'
INFO: [SIM-utils-51] Simulation object is 'sim_1'
INFO: [SIM-utils-72] Using boost library from 'C:/Xilinx/Vivado/2023.2/tps/boost_1_72_0'
INFO: [SIM-utils-54] Inspecting design source files for 'processor_tb' in fileset 'sim_1'...
INFO: [SIM-utils-43] Exported 'C:/Base/Base.sim/sim_1/behav/xsim/program.mem'
INFO: [SIM-utils-43] Exported 'C:/Base/Base.sim/sim_1/behav/xsim/program.mem'
INFO: [USF-XSim-97] Finding global include files...
INFO: [USF-XSim-100] Fetching design files from 'sources_1'...(this may take a while)...
INFO: [USF-XSim-101] Fetching design files from 'sim_1'...
INFO: [USF-XSim-2] XSim::Compile design
INFO: [USF-XSim-61] Executing 'COMPILE and ANALYZE' step in 'C:/Base/Base.sim/sim_1/behav/xsim'
"xvlog --incr --relax -prj processor_tb_vlog.prj"
ECHO is off.
ECHO is off.
INFO: [VRFC 10-2263] Analyzing Verilog file "C:/Base/Base.srcs/sources_1/new/ALU.v" into library xil_defaultlib
INFO: [VRFC 10-311] analyzing module ALU
INFO: [VRFC 10-2263] Analyzing Verilog file "C:/Base/Base.srcs/sources_1/new/adder.v" into library xil_defaultlib
INFO: [VRFC 10-311] analyzing module adder
INFO: [VRFC 10-2263] Analyzing Verilog file "C:/Base/Base.srcs/sources_1/new/arithmeticrightshifter.v" into library xil_defaultlib
INFO: [VRFC 10-311] analyzing module arithmeticrightshifter
INFO: [VRFC 10-2263] Analyzing Verilog file "C:/Base/Base.srcs/sources_1/new/branchcomparator.v" into library xil_defaultlib
INFO: [VRFC 10-311] analyzing module branchcomparator
INFO: [VRFC 10-2263] Analyzing Verilog file "C:/Base/Base.srcs/sources_1/new/comparatorblock.v" into library xil_defaultlib
INFO: [VRFC 10-311] analyzing module comparatorblock
INFO: [VRFC 10-2263] Analyzing Verilog file "C:/Base/Base.srcs/sources_1/new/controlstore.v" into library xil_defaultlib
INFO: [VRFC 10-311] analyzing module controlstore
INFO: [VRFC 10-2263] Analyzing Verilog file "C:/Base/Base.srcs/sources_1/new/datacache.v" into library xil_defaultlib
INFO: [VRFC 10-311] analyzing module datacache
INFO: [VRFC 10-2263] Analyzing Verilog file "C:/Base/Base.srcs/sources_1/new/dff.v" into library xil_defaultlib
INFO: [VRFC 10-311] analyzing module dff
INFO: [VRFC 10-2263] Analyzing Verilog file "C:/Base/Base.srcs/sources_1/new/dff_en.v" into library xil_defaultlib
INFO: [VRFC 10-311] analyzing module dff_en
INFO: [VRFC 10-2263] Analyzing Verilog file "C:/Base/Base.srcs/sources_1/new/divider.v" into library xil_defaultlib
INFO: [VRFC 10-311] analyzing module divider
INFO: [VRFC 10-2263] Analyzing Verilog file "C:/Base/Base.srcs/sources_1/new/dlatch.v" into library xil_defaultlib
INFO: [VRFC 10-311] analyzing module dlatch
INFO: [VRFC 10-2263] Analyzing Verilog file "C:/Base/Base.srcs/sources_1/new/eightbitadder.v" into library xil_defaultlib
INFO: [VRFC 10-311] analyzing module eightbitadder
INFO: [VRFC 10-2263] Analyzing Verilog file "C:/Base/Base.srcs/sources_1/new/fivebitcomparator.v" into library xil_defaultlib
INFO: [VRFC 10-311] analyzing module fivebitcomparator
INFO: [VRFC 10-2263] Analyzing Verilog file "C:/Base/Base.srcs/sources_1/new/immediatevaluebuilder.v" into library xil_defaultlib
INFO: [VRFC 10-311] analyzing module immediatevaluebuilder
INFO: [VRFC 10-2263] Analyzing Verilog file "C:/Base/Base.srcs/sources_1/new/instructioncache.v" into library xil_defaultlib
INFO: [VRFC 10-311] analyzing module instructioncache
INFO: [VRFC 10-2263] Analyzing Verilog file "C:/Base/Base.srcs/sources_1/new/logicalleftshifter.v" into library xil_defaultlib
INFO: [VRFC 10-311] analyzing module logicalleftshifter
INFO: [VRFC 10-2263] Analyzing Verilog file "C:/Base/Base.srcs/sources_1/new/logicalrightshifter.v" into library xil_defaultlib
INFO: [VRFC 10-311] analyzing module logicalrightshifter
INFO: [VRFC 10-2263] Analyzing Verilog file "C:/Base/Base.srcs/sources_1/new/logicunit.v" into library xil_defaultlib
INFO: [VRFC 10-311] analyzing module logicunit
INFO: [VRFC 10-2263] Analyzing Verilog file "C:/Base/Base.srcs/sources_1/new/memory.v" into library xil_defaultlib
INFO: [VRFC 10-311] analyzing module memory
INFO: [VRFC 10-2263] Analyzing Verilog file "C:/Base/Base.srcs/sources_1/new/multiplier.v" into library xil_defaultlib
INFO: [VRFC 10-311] analyzing module multiplier
INFO: [VRFC 10-2263] Analyzing Verilog file "C:/Base/Base.srcs/sources_1/new/mux16_32bit.v" into library xil_defaultlib
INFO: [VRFC 10-311] analyzing module mux16_32bit
INFO: [VRFC 10-2263] Analyzing Verilog file "C:/Base/Base.srcs/sources_1/new/mux2.v" into library xil_defaultlib
INFO: [VRFC 10-311] analyzing module mux2
INFO: [VRFC 10-2263] Analyzing Verilog file "C:/Base/Base.srcs/sources_1/new/mux2_32bit.v" into library xil_defaultlib
INFO: [VRFC 10-311] analyzing module mux2_32bit
INFO: [VRFC 10-2263] Analyzing Verilog file "C:/Base/Base.srcs/sources_1/new/mux32_32bit.v" into library xil_defaultlib
INFO: [VRFC 10-311] analyzing module mux32_32bit
INFO: [VRFC 10-2263] Analyzing Verilog file "C:/Base/Base.srcs/sources_1/new/mux4.v" into library xil_defaultlib
INFO: [VRFC 10-311] analyzing module mux4
INFO: [VRFC 10-2263] Analyzing Verilog file "C:/Base/Base.srcs/sources_1/new/mux4_32bit.v" into library xil_defaultlib
INFO: [VRFC 10-311] analyzing module mux4_32bit
INFO: [VRFC 10-2263] Analyzing Verilog file "C:/Base/Base.srcs/sources_1/new/mux8_32bit.v" into library xil_defaultlib
INFO: [VRFC 10-311] analyzing module mux8_32bit
INFO: [VRFC 10-2263] Analyzing Verilog file "C:/Base/Base.srcs/sources_1/new/reg32_en.v" into library xil_defaultlib
INFO: [VRFC 10-311] analyzing module reg32_en
INFO: [VRFC 10-2263] Analyzing Verilog file "C:/Base/Base.srcs/sources_1/new/shifter.v" into library xil_defaultlib
INFO: [VRFC 10-311] analyzing module shifter
INFO: [VRFC 10-2263] Analyzing Verilog file "C:/Base/Base.srcs/sources_1/new/signedcomparator_32bit.v" into library xil_defaultlib
INFO: [VRFC 10-311] analyzing module signedcomparator_32bit
INFO: [VRFC 10-2263] Analyzing Verilog file "C:/Base/Base.srcs/sources_1/new/unsignedcomparator_32bit.v" into library xil_defaultlib
INFO: [VRFC 10-311] analyzing module unsignedcomparator_32bit
INFO: [VRFC 10-2263] Analyzing Verilog file "C:/Base/Base.srcs/sources_1/new/processor.v" into library xil_defaultlib
INFO: [VRFC 10-311] analyzing module processor
INFO: [VRFC 10-2263] Analyzing Verilog file "C:/Base/Base.srcs/sources_1/new/registerfile.v" into library xil_defaultlib
INFO: [VRFC 10-311] analyzing module registerfile
INFO: [VRFC 10-2263] Analyzing Verilog file "C:/Base/Base.srcs/sources_1/new/reg32_en_reset.v" into library xil_defaultlib
INFO: [VRFC 10-311] analyzing module reg32_en_reset
INFO: [VRFC 10-2263] Analyzing Verilog file "C:/Base/Base.srcs/sources_1/new/dff_en_reset.v" into library xil_defaultlib
INFO: [VRFC 10-311] analyzing module dff_en_reset
INFO: [VRFC 10-2263] Analyzing Verilog file "C:/Base/Base.srcs/sources_1/new/dff_reset.v" into library xil_defaultlib
INFO: [VRFC 10-311] analyzing module dff_reset
INFO: [VRFC 10-2263] Analyzing Verilog file "C:/Base/Base.srcs/sim_1/new/processor_tb.v" into library xil_defaultlib
INFO: [VRFC 10-311] analyzing module processor_tb
INFO: [USF-XSim-69] 'compile' step finished in '3' seconds
INFO: [USF-XSim-3] XSim::Elaborate design
INFO: [USF-XSim-61] Executing 'ELABORATE' step in 'C:/Base/Base.sim/sim_1/behav/xsim'
"xelab --incr --debug typical --relax --mt 2 -L xil_defaultlib -L unisims_ver -L unimacro_ver -L secureip --snapshot processor_tb_behav xil_defaultlib.processor_tb xil_defaultlib.glbl -log elaborate.log"
ECHO is off.
ECHO is off.
Vivado Simulator v2023.2
Copyright 1986-2022 Xilinx, Inc. All Rights Reserved.
Copyright 2022-2023 Advanced Micro Devices, Inc. All Rights Reserved.
Running: C:/Xilinx/Vivado/2023.2/bin/unwrapped/win64.o/xelab.exe --incr --debug typical --relax --mt 2 -L xil_defaultlib -L unisims_ver -L unimacro_ver -L secureip --snapshot processor_tb_behav xil_defaultlib.processor_tb xil_defaultlib.glbl -log elaborate.log 
Using 2 slave threads.
Starting static elaboration
Pass Through NonSizing Optimizer
Completed static elaboration
Starting simulation data flow analysis
Completed simulation data flow analysis
Time Resolution for simulation is 1ps
Compiling module xil_defaultlib.memory
Compiling module xil_defaultlib.mux2
Compiling module xil_defaultlib.dlatch
Compiling module xil_defaultlib.dff_reset
Compiling module xil_defaultlib.dff_en_reset
Compiling module xil_defaultlib.reg32_en_reset_default
Compiling module xil_defaultlib.eightbitadder
Compiling module xil_defaultlib.adder
Compiling module xil_defaultlib.mux2_32bit_default
Compiling module xil_defaultlib.dff
Compiling module xil_defaultlib.dff_en
Compiling module xil_defaultlib.reg32_en_default
Compiling module xil_defaultlib.mux4
Compiling module xil_defaultlib.mux4_32bit_default
Compiling module xil_defaultlib.immediatevaluebuilder
Compiling module xil_defaultlib.mux32_32bit
Compiling module xil_defaultlib.fivebitcomparator
Compiling module xil_defaultlib.registerfile
Compiling module xil_defaultlib.mux8_32bit
Compiling module xil_defaultlib.mux16_32bit
Compiling module xil_defaultlib.controlstore
Compiling module xil_defaultlib.logicalrightshifter
Compiling module xil_defaultlib.arithmeticrightshifter
Compiling module xil_defaultlib.logicalleftshifter
Compiling module xil_defaultlib.shifter
Compiling module xil_defaultlib.comparatorblock
Compiling module xil_defaultlib.signedcomparator_32bit_default
Compiling module xil_defaultlib.unsignedcomparator_32bit_default
Compiling module xil_defaultlib.logicunit
Compiling module xil_defaultlib.multiplier
Compiling module xil_defaultlib.divider
Compiling module xil_defaultlib.ALU
Compiling module xil_defaultlib.branchcomparator
Compiling module xil_defaultlib.processor
Compiling module xil_defaultlib.processor_tb
Compiling module xil_defaultlib.glbl
Built simulation snapshot processor_tb_behav
run_program: Time (s): cpu = 00:00:01 ; elapsed = 00:00:05 . Memory (MB): peak = 2779.223 ; gain = 0.000
INFO: [USF-XSim-69] 'elaborate' step finished in '5' seconds
INFO: [USF-XSim-4] XSim::Simulate design
WARNING: [USF-XSim-17] WCFG file does not exist:C:/Base/processor_tb_behav.wcfg
WARNING: [USF-XSim-17] WCFG file does not exist:C:/Base/processor_tb_behav.wcfg
INFO: [USF-XSim-61] Executing 'SIMULATE' step in 'C:/Base/Base.sim/sim_1/behav/xsim'
INFO: [USF-XSim-98] *** Running xsim
   with args "processor_tb_behav -key {Behavioral:sim_1:Functional:processor_tb} -tclbatch {processor_tb.tcl} -log {simulate.log}"
INFO: [USF-XSim-8] Loading simulator feature
Time resolution is 1 ps
source processor_tb.tcl
# set curr_wave [current_wave_config]
# if { [string length $curr_wave] == 0 } {
#   if { [llength [get_objects]] > 0} {
#     add_wave /
#     set_property needs_save false [current_wave_config]
#   } else {
#      send_msg_id Add_Wave-1 WARNING "No top level signals found. Simulator will start without a wave window. If you want to open a wave window go to 'File->New Waveform Configuration' or type 'create_wave_config' in the TCL console."
#   }
# }
# run 1000ns
Time=0 | Reset=1 | ID_VALID=0 | EX_VALID=0 | MEM_VALID=0 | WB_VALID=0 | PC=xxxxxxxx
Time=5000 | Reset=1 | ID_VALID=0 | EX_VALID=0 | MEM_VALID=0 | WB_VALID=0 | PC=00003000
Time=10000 | Reset=0 | ID_VALID=0 | EX_VALID=0 | MEM_VALID=0 | WB_VALID=0 | PC=00003000
Time=15000 | Reset=0 | ID_VALID=0 | EX_VALID=0 | MEM_VALID=0 | WB_VALID=0 | PC=00003004
Time=25000 | Reset=0 | ID_VALID=0 | EX_VALID=0 | MEM_VALID=0 | WB_VALID=0 | PC=00003008
Time=35000 | Reset=0 | ID_VALID=0 | EX_VALID=0 | MEM_VALID=0 | WB_VALID=0 | PC=0000300c
Time=40000 | Reset=0 | ID_VALID=1 | EX_VALID=0 | MEM_VALID=0 | WB_VALID=0 | PC=0000300c
Time=45000 | Reset=0 | ID_VALID=1 | EX_VALID=1 | MEM_VALID=0 | WB_VALID=0 | PC=00003010
Time=55000 | Reset=0 | ID_VALID=1 | EX_VALID=0 | MEM_VALID=1 | WB_VALID=0 | PC=00003014
Time=65000 | Reset=0 | ID_VALID=1 | EX_VALID=0 | MEM_VALID=0 | WB_VALID=0 | PC=00003018
Time=75000 | Reset=0 | ID_VALID=1 | EX_VALID=1 | MEM_VALID=0 | WB_VALID=0 | PC=0000301c
Time=85000 | Reset=0 | ID_VALID=1 | EX_VALID=0 | MEM_VALID=1 | WB_VALID=0 | PC=00003020
Time=95000 | Reset=0 | ID_VALID=1 | EX_VALID=0 | MEM_VALID=0 | WB_VALID=0 | PC=00003024
Time=105000 | Reset=0 | ID_VALID=1 | EX_VALID=1 | MEM_VALID=0 | WB_VALID=0 | PC=00003028
Time=115000 | Reset=0 | ID_VALID=1 | EX_VALID=0 | MEM_VALID=1 | WB_VALID=0 | PC=0000302c
Time=125000 | Reset=0 | ID_VALID=1 | EX_VALID=0 | MEM_VALID=0 | WB_VALID=0 | PC=00003030
Time=135000 | Reset=0 | ID_VALID=1 | EX_VALID=1 | MEM_VALID=0 | WB_VALID=0 | PC=00003034
Time=145000 | Reset=0 | ID_VALID=1 | EX_VALID=0 | MEM_VALID=1 | WB_VALID=0 | PC=00003038
$finish called at time : 150 ns : File "C:/Base/Base.srcs/sim_1/new/processor_tb.v" Line 82
INFO: [USF-XSim-96] XSim completed. Design snapshot 'processor_tb_behav' loaded.
INFO: [USF-XSim-97] XSim simulation ran for 1000ns
launch_simulation: Time (s): cpu = 00:00:02 ; elapsed = 00:00:10 . Memory (MB): peak = 2779.223 ; gain = 0.000
current_wave_config {Untitled 5}
Untitled 5
add_wave {{/processor_tb/uut/PC/datainput}} 
current_wave_config {Untitled 5}
Untitled 5
add_wave {{/processor_tb/uut/PC/dataoutput}} 
current_wave_config {Untitled 5}
Untitled 5
add_wave {{/processor_tb/uut/PC/enable}} 
current_wave_config {Untitled 5}
Untitled 5
add_wave {{/processor_tb/uut/ID_PC/datainput}} 
current_wave_config {Untitled 5}
Untitled 5
add_wave {{/processor_tb/uut/ID_PC/dataoutput}} 
relaunch_sim
Command: launch_simulation -step compile -simset sim_1 -mode behavioral
INFO: [Vivado 12-12493] Simulation top is 'processor_tb'
WARNING: [Vivado 12-13340] Unable to auto find GCC executables from simulator install path! (path not set)
INFO: [Vivado 12-5682] Launching behavioral simulation in 'C:/Base/Base.sim/sim_1/behav/xsim'
INFO: [SIM-utils-51] Simulation object is 'sim_1'
INFO: [USF-XSim-2] XSim::Compile design
INFO: [USF-XSim-61] Executing 'COMPILE and ANALYZE' step in 'C:/Base/Base.sim/sim_1/behav/xsim'
"xvlog --incr --relax -prj processor_tb_vlog.prj"
ECHO is off.
ECHO is off.
INFO: [USF-XSim-69] 'compile' step finished in '2' seconds
Command: launch_simulation -step elaborate -simset sim_1 -mode behavioral
INFO: [Vivado 12-12493] Simulation top is 'processor_tb'
WARNING: [Vivado 12-13340] Unable to auto find GCC executables from simulator install path! (path not set)
INFO: [Vivado 12-5682] Launching behavioral simulation in 'C:/Base/Base.sim/sim_1/behav/xsim'
INFO: [SIM-utils-51] Simulation object is 'sim_1'
INFO: [USF-XSim-3] XSim::Elaborate design
INFO: [USF-XSim-61] Executing 'ELABORATE' step in 'C:/Base/Base.sim/sim_1/behav/xsim'
"xelab --incr --debug typical --relax --mt 2 -L xil_defaultlib -L unisims_ver -L unimacro_ver -L secureip --snapshot processor_tb_behav xil_defaultlib.processor_tb xil_defaultlib.glbl -log elaborate.log"
ECHO is off.
ECHO is off.
Vivado Simulator v2023.2
Copyright 1986-2022 Xilinx, Inc. All Rights Reserved.
Copyright 2022-2023 Advanced Micro Devices, Inc. All Rights Reserved.
Running: C:/Xilinx/Vivado/2023.2/bin/unwrapped/win64.o/xelab.exe --incr --debug typical --relax --mt 2 -L xil_defaultlib -L unisims_ver -L unimacro_ver -L secureip --snapshot processor_tb_behav xil_defaultlib.processor_tb xil_defaultlib.glbl -log elaborate.log 
Using 2 slave threads.
Starting static elaboration
Pass Through NonSizing Optimizer
Completed static elaboration
INFO: [XSIM 43-4323] No Change in HDL. Linking previously generated obj files to create kernel
INFO: [USF-XSim-69] 'elaborate' step finished in '1' seconds
Time resolution is 1 ps
Time=0 | Reset=1 | ID_VALID=0 | EX_VALID=0 | MEM_VALID=0 | WB_VALID=0 | PC=xxxxxxxx
Time=5000 | Reset=1 | ID_VALID=0 | EX_VALID=0 | MEM_VALID=0 | WB_VALID=0 | PC=00003000
Time=10000 | Reset=0 | ID_VALID=0 | EX_VALID=0 | MEM_VALID=0 | WB_VALID=0 | PC=00003000
Time=15000 | Reset=0 | ID_VALID=0 | EX_VALID=0 | MEM_VALID=0 | WB_VALID=0 | PC=00003004
Time=25000 | Reset=0 | ID_VALID=0 | EX_VALID=0 | MEM_VALID=0 | WB_VALID=0 | PC=00003008
Time=35000 | Reset=0 | ID_VALID=0 | EX_VALID=0 | MEM_VALID=0 | WB_VALID=0 | PC=0000300c
Time=40000 | Reset=0 | ID_VALID=1 | EX_VALID=0 | MEM_VALID=0 | WB_VALID=0 | PC=0000300c
Time=45000 | Reset=0 | ID_VALID=1 | EX_VALID=1 | MEM_VALID=0 | WB_VALID=0 | PC=00003010
Time=55000 | Reset=0 | ID_VALID=1 | EX_VALID=0 | MEM_VALID=1 | WB_VALID=0 | PC=00003014
Time=65000 | Reset=0 | ID_VALID=1 | EX_VALID=0 | MEM_VALID=0 | WB_VALID=0 | PC=00003018
Time=75000 | Reset=0 | ID_VALID=1 | EX_VALID=1 | MEM_VALID=0 | WB_VALID=0 | PC=0000301c
Time=85000 | Reset=0 | ID_VALID=1 | EX_VALID=0 | MEM_VALID=1 | WB_VALID=0 | PC=00003020
Time=95000 | Reset=0 | ID_VALID=1 | EX_VALID=0 | MEM_VALID=0 | WB_VALID=0 | PC=00003024
Time=105000 | Reset=0 | ID_VALID=1 | EX_VALID=1 | MEM_VALID=0 | WB_VALID=0 | PC=00003028
Time=115000 | Reset=0 | ID_VALID=1 | EX_VALID=0 | MEM_VALID=1 | WB_VALID=0 | PC=0000302c
Time=125000 | Reset=0 | ID_VALID=1 | EX_VALID=0 | MEM_VALID=0 | WB_VALID=0 | PC=00003030
Time=135000 | Reset=0 | ID_VALID=1 | EX_VALID=1 | MEM_VALID=0 | WB_VALID=0 | PC=00003034
Time=145000 | Reset=0 | ID_VALID=1 | EX_VALID=0 | MEM_VALID=1 | WB_VALID=0 | PC=00003038
$finish called at time : 150 ns : File "C:/Base/Base.srcs/sim_1/new/processor_tb.v" Line 82
current_wave_config {Untitled 5}
Untitled 5
add_wave {{/processor_tb/uut/ID_IR}} 
relaunch_sim
Command: launch_simulation -step compile -simset sim_1 -mode behavioral
INFO: [Vivado 12-12493] Simulation top is 'processor_tb'
WARNING: [Vivado 12-13340] Unable to auto find GCC executables from simulator install path! (path not set)
INFO: [Vivado 12-5682] Launching behavioral simulation in 'C:/Base/Base.sim/sim_1/behav/xsim'
INFO: [SIM-utils-51] Simulation object is 'sim_1'
INFO: [USF-XSim-2] XSim::Compile design
INFO: [USF-XSim-61] Executing 'COMPILE and ANALYZE' step in 'C:/Base/Base.sim/sim_1/behav/xsim'
"xvlog --incr --relax -prj processor_tb_vlog.prj"
ECHO is off.
ECHO is off.
INFO: [USF-XSim-69] 'compile' step finished in '1' seconds
Command: launch_simulation -step elaborate -simset sim_1 -mode behavioral
INFO: [Vivado 12-12493] Simulation top is 'processor_tb'
WARNING: [Vivado 12-13340] Unable to auto find GCC executables from simulator install path! (path not set)
INFO: [Vivado 12-5682] Launching behavioral simulation in 'C:/Base/Base.sim/sim_1/behav/xsim'
INFO: [SIM-utils-51] Simulation object is 'sim_1'
INFO: [USF-XSim-3] XSim::Elaborate design
INFO: [USF-XSim-61] Executing 'ELABORATE' step in 'C:/Base/Base.sim/sim_1/behav/xsim'
"xelab --incr --debug typical --relax --mt 2 -L xil_defaultlib -L unisims_ver -L unimacro_ver -L secureip --snapshot processor_tb_behav xil_defaultlib.processor_tb xil_defaultlib.glbl -log elaborate.log"
ECHO is off.
ECHO is off.
Vivado Simulator v2023.2
Copyright 1986-2022 Xilinx, Inc. All Rights Reserved.
Copyright 2022-2023 Advanced Micro Devices, Inc. All Rights Reserved.
Running: C:/Xilinx/Vivado/2023.2/bin/unwrapped/win64.o/xelab.exe --incr --debug typical --relax --mt 2 -L xil_defaultlib -L unisims_ver -L unimacro_ver -L secureip --snapshot processor_tb_behav xil_defaultlib.processor_tb xil_defaultlib.glbl -log elaborate.log 
Using 2 slave threads.
Starting static elaboration
Pass Through NonSizing Optimizer
Completed static elaboration
INFO: [XSIM 43-4323] No Change in HDL. Linking previously generated obj files to create kernel
INFO: [USF-XSim-69] 'elaborate' step finished in '2' seconds
Time resolution is 1 ps
Time=0 | Reset=1 | ID_VALID=0 | EX_VALID=0 | MEM_VALID=0 | WB_VALID=0 | PC=xxxxxxxx
Time=5000 | Reset=1 | ID_VALID=0 | EX_VALID=0 | MEM_VALID=0 | WB_VALID=0 | PC=00003000
Time=10000 | Reset=0 | ID_VALID=0 | EX_VALID=0 | MEM_VALID=0 | WB_VALID=0 | PC=00003000
Time=15000 | Reset=0 | ID_VALID=0 | EX_VALID=0 | MEM_VALID=0 | WB_VALID=0 | PC=00003004
Time=25000 | Reset=0 | ID_VALID=0 | EX_VALID=0 | MEM_VALID=0 | WB_VALID=0 | PC=00003008
Time=35000 | Reset=0 | ID_VALID=0 | EX_VALID=0 | MEM_VALID=0 | WB_VALID=0 | PC=0000300c
Time=40000 | Reset=0 | ID_VALID=1 | EX_VALID=0 | MEM_VALID=0 | WB_VALID=0 | PC=0000300c
Time=45000 | Reset=0 | ID_VALID=1 | EX_VALID=1 | MEM_VALID=0 | WB_VALID=0 | PC=00003010
Time=55000 | Reset=0 | ID_VALID=1 | EX_VALID=0 | MEM_VALID=1 | WB_VALID=0 | PC=00003014
Time=65000 | Reset=0 | ID_VALID=1 | EX_VALID=0 | MEM_VALID=0 | WB_VALID=0 | PC=00003018
Time=75000 | Reset=0 | ID_VALID=1 | EX_VALID=1 | MEM_VALID=0 | WB_VALID=0 | PC=0000301c
Time=85000 | Reset=0 | ID_VALID=1 | EX_VALID=0 | MEM_VALID=1 | WB_VALID=0 | PC=00003020
Time=95000 | Reset=0 | ID_VALID=1 | EX_VALID=0 | MEM_VALID=0 | WB_VALID=0 | PC=00003024
Time=105000 | Reset=0 | ID_VALID=1 | EX_VALID=1 | MEM_VALID=0 | WB_VALID=0 | PC=00003028
Time=115000 | Reset=0 | ID_VALID=1 | EX_VALID=0 | MEM_VALID=1 | WB_VALID=0 | PC=0000302c
Time=125000 | Reset=0 | ID_VALID=1 | EX_VALID=0 | MEM_VALID=0 | WB_VALID=0 | PC=00003030
Time=135000 | Reset=0 | ID_VALID=1 | EX_VALID=1 | MEM_VALID=0 | WB_VALID=0 | PC=00003034
Time=145000 | Reset=0 | ID_VALID=1 | EX_VALID=0 | MEM_VALID=1 | WB_VALID=0 | PC=00003038
$finish called at time : 150 ns : File "C:/Base/Base.srcs/sim_1/new/processor_tb.v" Line 82
relaunch_sim: Time (s): cpu = 00:00:01 ; elapsed = 00:00:05 . Memory (MB): peak = 2779.223 ; gain = 0.000
current_wave_config {Untitled 5}
Untitled 5
add_wave {{/processor_tb/uut/ImmediateValueBuilder/IV}} 
relaunch_sim
Command: launch_simulation -step compile -simset sim_1 -mode behavioral
INFO: [Vivado 12-12493] Simulation top is 'processor_tb'
WARNING: [Vivado 12-13340] Unable to auto find GCC executables from simulator install path! (path not set)
INFO: [Vivado 12-5682] Launching behavioral simulation in 'C:/Base/Base.sim/sim_1/behav/xsim'
INFO: [SIM-utils-51] Simulation object is 'sim_1'
INFO: [USF-XSim-2] XSim::Compile design
INFO: [USF-XSim-61] Executing 'COMPILE and ANALYZE' step in 'C:/Base/Base.sim/sim_1/behav/xsim'
"xvlog --incr --relax -prj processor_tb_vlog.prj"
ECHO is off.
ECHO is off.
INFO: [USF-XSim-69] 'compile' step finished in '1' seconds
Command: launch_simulation -step elaborate -simset sim_1 -mode behavioral
INFO: [Vivado 12-12493] Simulation top is 'processor_tb'
WARNING: [Vivado 12-13340] Unable to auto find GCC executables from simulator install path! (path not set)
INFO: [Vivado 12-5682] Launching behavioral simulation in 'C:/Base/Base.sim/sim_1/behav/xsim'
INFO: [SIM-utils-51] Simulation object is 'sim_1'
INFO: [USF-XSim-3] XSim::Elaborate design
INFO: [USF-XSim-61] Executing 'ELABORATE' step in 'C:/Base/Base.sim/sim_1/behav/xsim'
"xelab --incr --debug typical --relax --mt 2 -L xil_defaultlib -L unisims_ver -L unimacro_ver -L secureip --snapshot processor_tb_behav xil_defaultlib.processor_tb xil_defaultlib.glbl -log elaborate.log"
ECHO is off.
ECHO is off.
Vivado Simulator v2023.2
Copyright 1986-2022 Xilinx, Inc. All Rights Reserved.
Copyright 2022-2023 Advanced Micro Devices, Inc. All Rights Reserved.
Running: C:/Xilinx/Vivado/2023.2/bin/unwrapped/win64.o/xelab.exe --incr --debug typical --relax --mt 2 -L xil_defaultlib -L unisims_ver -L unimacro_ver -L secureip --snapshot processor_tb_behav xil_defaultlib.processor_tb xil_defaultlib.glbl -log elaborate.log 
Using 2 slave threads.
Starting static elaboration
Pass Through NonSizing Optimizer
Completed static elaboration
INFO: [XSIM 43-4323] No Change in HDL. Linking previously generated obj files to create kernel
INFO: [USF-XSim-69] 'elaborate' step finished in '1' seconds
Time resolution is 1 ps
Time=0 | Reset=1 | ID_VALID=0 | EX_VALID=0 | MEM_VALID=0 | WB_VALID=0 | PC=xxxxxxxx
Time=5000 | Reset=1 | ID_VALID=0 | EX_VALID=0 | MEM_VALID=0 | WB_VALID=0 | PC=00003000
Time=10000 | Reset=0 | ID_VALID=0 | EX_VALID=0 | MEM_VALID=0 | WB_VALID=0 | PC=00003000
Time=15000 | Reset=0 | ID_VALID=0 | EX_VALID=0 | MEM_VALID=0 | WB_VALID=0 | PC=00003004
Time=25000 | Reset=0 | ID_VALID=0 | EX_VALID=0 | MEM_VALID=0 | WB_VALID=0 | PC=00003008
Time=35000 | Reset=0 | ID_VALID=0 | EX_VALID=0 | MEM_VALID=0 | WB_VALID=0 | PC=0000300c
Time=40000 | Reset=0 | ID_VALID=1 | EX_VALID=0 | MEM_VALID=0 | WB_VALID=0 | PC=0000300c
Time=45000 | Reset=0 | ID_VALID=1 | EX_VALID=1 | MEM_VALID=0 | WB_VALID=0 | PC=00003010
Time=55000 | Reset=0 | ID_VALID=1 | EX_VALID=0 | MEM_VALID=1 | WB_VALID=0 | PC=00003014
Time=65000 | Reset=0 | ID_VALID=1 | EX_VALID=0 | MEM_VALID=0 | WB_VALID=0 | PC=00003018
Time=75000 | Reset=0 | ID_VALID=1 | EX_VALID=1 | MEM_VALID=0 | WB_VALID=0 | PC=0000301c
Time=85000 | Reset=0 | ID_VALID=1 | EX_VALID=0 | MEM_VALID=1 | WB_VALID=0 | PC=00003020
Time=95000 | Reset=0 | ID_VALID=1 | EX_VALID=0 | MEM_VALID=0 | WB_VALID=0 | PC=00003024
Time=105000 | Reset=0 | ID_VALID=1 | EX_VALID=1 | MEM_VALID=0 | WB_VALID=0 | PC=00003028
Time=115000 | Reset=0 | ID_VALID=1 | EX_VALID=0 | MEM_VALID=1 | WB_VALID=0 | PC=0000302c
Time=125000 | Reset=0 | ID_VALID=1 | EX_VALID=0 | MEM_VALID=0 | WB_VALID=0 | PC=00003030
Time=135000 | Reset=0 | ID_VALID=1 | EX_VALID=1 | MEM_VALID=0 | WB_VALID=0 | PC=00003034
Time=145000 | Reset=0 | ID_VALID=1 | EX_VALID=0 | MEM_VALID=1 | WB_VALID=0 | PC=00003038
$finish called at time : 150 ns : File "C:/Base/Base.srcs/sim_1/new/processor_tb.v" Line 82
current_wave_config {Untitled 5}
Untitled 5
add_wave {{/processor_tb/uut/alu/C}} 
relaunch_sim
Command: launch_simulation -step compile -simset sim_1 -mode behavioral
INFO: [Vivado 12-12493] Simulation top is 'processor_tb'
WARNING: [Vivado 12-13340] Unable to auto find GCC executables from simulator install path! (path not set)
INFO: [Vivado 12-5682] Launching behavioral simulation in 'C:/Base/Base.sim/sim_1/behav/xsim'
INFO: [SIM-utils-51] Simulation object is 'sim_1'
INFO: [USF-XSim-2] XSim::Compile design
INFO: [USF-XSim-61] Executing 'COMPILE and ANALYZE' step in 'C:/Base/Base.sim/sim_1/behav/xsim'
"xvlog --incr --relax -prj processor_tb_vlog.prj"
ECHO is off.
ECHO is off.
INFO: [USF-XSim-69] 'compile' step finished in '2' seconds
Command: launch_simulation -step elaborate -simset sim_1 -mode behavioral
INFO: [Vivado 12-12493] Simulation top is 'processor_tb'
WARNING: [Vivado 12-13340] Unable to auto find GCC executables from simulator install path! (path not set)
INFO: [Vivado 12-5682] Launching behavioral simulation in 'C:/Base/Base.sim/sim_1/behav/xsim'
INFO: [SIM-utils-51] Simulation object is 'sim_1'
INFO: [USF-XSim-3] XSim::Elaborate design
INFO: [USF-XSim-61] Executing 'ELABORATE' step in 'C:/Base/Base.sim/sim_1/behav/xsim'
"xelab --incr --debug typical --relax --mt 2 -L xil_defaultlib -L unisims_ver -L unimacro_ver -L secureip --snapshot processor_tb_behav xil_defaultlib.processor_tb xil_defaultlib.glbl -log elaborate.log"
ECHO is off.
ECHO is off.
Vivado Simulator v2023.2
Copyright 1986-2022 Xilinx, Inc. All Rights Reserved.
Copyright 2022-2023 Advanced Micro Devices, Inc. All Rights Reserved.
Running: C:/Xilinx/Vivado/2023.2/bin/unwrapped/win64.o/xelab.exe --incr --debug typical --relax --mt 2 -L xil_defaultlib -L unisims_ver -L unimacro_ver -L secureip --snapshot processor_tb_behav xil_defaultlib.processor_tb xil_defaultlib.glbl -log elaborate.log 
Using 2 slave threads.
Starting static elaboration
Pass Through NonSizing Optimizer
Completed static elaboration
INFO: [XSIM 43-4323] No Change in HDL. Linking previously generated obj files to create kernel
INFO: [USF-XSim-69] 'elaborate' step finished in '1' seconds
Time resolution is 1 ps
Time=0 | Reset=1 | ID_VALID=0 | EX_VALID=0 | MEM_VALID=0 | WB_VALID=0 | PC=xxxxxxxx
Time=5000 | Reset=1 | ID_VALID=0 | EX_VALID=0 | MEM_VALID=0 | WB_VALID=0 | PC=00003000
Time=10000 | Reset=0 | ID_VALID=0 | EX_VALID=0 | MEM_VALID=0 | WB_VALID=0 | PC=00003000
Time=15000 | Reset=0 | ID_VALID=0 | EX_VALID=0 | MEM_VALID=0 | WB_VALID=0 | PC=00003004
Time=25000 | Reset=0 | ID_VALID=0 | EX_VALID=0 | MEM_VALID=0 | WB_VALID=0 | PC=00003008
Time=35000 | Reset=0 | ID_VALID=0 | EX_VALID=0 | MEM_VALID=0 | WB_VALID=0 | PC=0000300c
Time=40000 | Reset=0 | ID_VALID=1 | EX_VALID=0 | MEM_VALID=0 | WB_VALID=0 | PC=0000300c
Time=45000 | Reset=0 | ID_VALID=1 | EX_VALID=1 | MEM_VALID=0 | WB_VALID=0 | PC=00003010
Time=55000 | Reset=0 | ID_VALID=1 | EX_VALID=0 | MEM_VALID=1 | WB_VALID=0 | PC=00003014
Time=65000 | Reset=0 | ID_VALID=1 | EX_VALID=0 | MEM_VALID=0 | WB_VALID=0 | PC=00003018
Time=75000 | Reset=0 | ID_VALID=1 | EX_VALID=1 | MEM_VALID=0 | WB_VALID=0 | PC=0000301c
Time=85000 | Reset=0 | ID_VALID=1 | EX_VALID=0 | MEM_VALID=1 | WB_VALID=0 | PC=00003020
Time=95000 | Reset=0 | ID_VALID=1 | EX_VALID=0 | MEM_VALID=0 | WB_VALID=0 | PC=00003024
Time=105000 | Reset=0 | ID_VALID=1 | EX_VALID=1 | MEM_VALID=0 | WB_VALID=0 | PC=00003028
Time=115000 | Reset=0 | ID_VALID=1 | EX_VALID=0 | MEM_VALID=1 | WB_VALID=0 | PC=0000302c
Time=125000 | Reset=0 | ID_VALID=1 | EX_VALID=0 | MEM_VALID=0 | WB_VALID=0 | PC=00003030
Time=135000 | Reset=0 | ID_VALID=1 | EX_VALID=1 | MEM_VALID=0 | WB_VALID=0 | PC=00003034
Time=145000 | Reset=0 | ID_VALID=1 | EX_VALID=0 | MEM_VALID=1 | WB_VALID=0 | PC=00003038
$finish called at time : 150 ns : File "C:/Base/Base.srcs/sim_1/new/processor_tb.v" Line 82
relaunch_sim: Time (s): cpu = 00:00:01 ; elapsed = 00:00:05 . Memory (MB): peak = 2779.223 ; gain = 0.000
current_wave_config {Untitled 5}
Untitled 5
add_wave {{/processor_tb/uut/EX_IV/dataoutput}} 
current_wave_config {Untitled 5}
Untitled 5
add_wave {{/processor_tb/uut/EX_SR1}} 
current_wave_config {Untitled 5}
Untitled 5
add_wave {{/processor_tb/uut/EX_SR1/dataoutput}} 
relaunch_sim
Command: launch_simulation -step compile -simset sim_1 -mode behavioral
INFO: [Vivado 12-12493] Simulation top is 'processor_tb'
WARNING: [Vivado 12-13340] Unable to auto find GCC executables from simulator install path! (path not set)
INFO: [Vivado 12-5682] Launching behavioral simulation in 'C:/Base/Base.sim/sim_1/behav/xsim'
INFO: [SIM-utils-51] Simulation object is 'sim_1'
INFO: [USF-XSim-2] XSim::Compile design
INFO: [USF-XSim-61] Executing 'COMPILE and ANALYZE' step in 'C:/Base/Base.sim/sim_1/behav/xsim'
"xvlog --incr --relax -prj processor_tb_vlog.prj"
ECHO is off.
ECHO is off.
INFO: [USF-XSim-69] 'compile' step finished in '1' seconds
Command: launch_simulation -step elaborate -simset sim_1 -mode behavioral
INFO: [Vivado 12-12493] Simulation top is 'processor_tb'
WARNING: [Vivado 12-13340] Unable to auto find GCC executables from simulator install path! (path not set)
INFO: [Vivado 12-5682] Launching behavioral simulation in 'C:/Base/Base.sim/sim_1/behav/xsim'
INFO: [SIM-utils-51] Simulation object is 'sim_1'
INFO: [USF-XSim-3] XSim::Elaborate design
INFO: [USF-XSim-61] Executing 'ELABORATE' step in 'C:/Base/Base.sim/sim_1/behav/xsim'
"xelab --incr --debug typical --relax --mt 2 -L xil_defaultlib -L unisims_ver -L unimacro_ver -L secureip --snapshot processor_tb_behav xil_defaultlib.processor_tb xil_defaultlib.glbl -log elaborate.log"
ECHO is off.
ECHO is off.
Vivado Simulator v2023.2
Copyright 1986-2022 Xilinx, Inc. All Rights Reserved.
Copyright 2022-2023 Advanced Micro Devices, Inc. All Rights Reserved.
Running: C:/Xilinx/Vivado/2023.2/bin/unwrapped/win64.o/xelab.exe --incr --debug typical --relax --mt 2 -L xil_defaultlib -L unisims_ver -L unimacro_ver -L secureip --snapshot processor_tb_behav xil_defaultlib.processor_tb xil_defaultlib.glbl -log elaborate.log 
Using 2 slave threads.
Starting static elaboration
Pass Through NonSizing Optimizer
Completed static elaboration
INFO: [XSIM 43-4323] No Change in HDL. Linking previously generated obj files to create kernel
INFO: [USF-XSim-69] 'elaborate' step finished in '2' seconds
Time resolution is 1 ps
Time=0 | Reset=1 | ID_VALID=0 | EX_VALID=0 | MEM_VALID=0 | WB_VALID=0 | PC=xxxxxxxx
Time=5000 | Reset=1 | ID_VALID=0 | EX_VALID=0 | MEM_VALID=0 | WB_VALID=0 | PC=00003000
Time=10000 | Reset=0 | ID_VALID=0 | EX_VALID=0 | MEM_VALID=0 | WB_VALID=0 | PC=00003000
Time=15000 | Reset=0 | ID_VALID=0 | EX_VALID=0 | MEM_VALID=0 | WB_VALID=0 | PC=00003004
Time=25000 | Reset=0 | ID_VALID=0 | EX_VALID=0 | MEM_VALID=0 | WB_VALID=0 | PC=00003008
Time=35000 | Reset=0 | ID_VALID=0 | EX_VALID=0 | MEM_VALID=0 | WB_VALID=0 | PC=0000300c
Time=40000 | Reset=0 | ID_VALID=1 | EX_VALID=0 | MEM_VALID=0 | WB_VALID=0 | PC=0000300c
Time=45000 | Reset=0 | ID_VALID=1 | EX_VALID=1 | MEM_VALID=0 | WB_VALID=0 | PC=00003010
Time=55000 | Reset=0 | ID_VALID=1 | EX_VALID=0 | MEM_VALID=1 | WB_VALID=0 | PC=00003014
Time=65000 | Reset=0 | ID_VALID=1 | EX_VALID=0 | MEM_VALID=0 | WB_VALID=0 | PC=00003018
Time=75000 | Reset=0 | ID_VALID=1 | EX_VALID=1 | MEM_VALID=0 | WB_VALID=0 | PC=0000301c
Time=85000 | Reset=0 | ID_VALID=1 | EX_VALID=0 | MEM_VALID=1 | WB_VALID=0 | PC=00003020
Time=95000 | Reset=0 | ID_VALID=1 | EX_VALID=0 | MEM_VALID=0 | WB_VALID=0 | PC=00003024
Time=105000 | Reset=0 | ID_VALID=1 | EX_VALID=1 | MEM_VALID=0 | WB_VALID=0 | PC=00003028
Time=115000 | Reset=0 | ID_VALID=1 | EX_VALID=0 | MEM_VALID=1 | WB_VALID=0 | PC=0000302c
Time=125000 | Reset=0 | ID_VALID=1 | EX_VALID=0 | MEM_VALID=0 | WB_VALID=0 | PC=00003030
Time=135000 | Reset=0 | ID_VALID=1 | EX_VALID=1 | MEM_VALID=0 | WB_VALID=0 | PC=00003034
Time=145000 | Reset=0 | ID_VALID=1 | EX_VALID=0 | MEM_VALID=1 | WB_VALID=0 | PC=00003038
$finish called at time : 150 ns : File "C:/Base/Base.srcs/sim_1/new/processor_tb.v" Line 82
relaunch_sim: Time (s): cpu = 00:00:01 ; elapsed = 00:00:05 . Memory (MB): peak = 2779.223 ; gain = 0.000
current_wave_config {Untitled 5}
Untitled 5
add_wave {{/processor_tb/uut/RegisterFile/S1Reg}} 
current_wave_config {Untitled 5}
Untitled 5
add_wave {{/processor_tb/uut/RegisterFile/S1Value}} 
relaunch_sim
